time_stamp,sensor_index,humidity,temperature,pm2.5_atm,datetime,pm2.5_corrected,aqi
1778709600,33495,100,90,28.9,2026-05-13 22:00:00,12.596600000000002,57.514577946768064
1778630400,33495,97,90,18.1,2026-05-13 00:00:00,7.082600000000002,39.347777777777786
1778652000,33495,100,92,11.7,2026-05-13 06:00:00,3.4118000000000004,18.954444444444444
1778036400,33495,57,87,47.4,2026-05-06 03:00:00,26.1048,82.68194676806084
1777874400,33495,100,92,21.7,2026-05-04 06:00:00,8.7518,48.621111111111105
1780668000,33495,100,92,8.6,2026-06-05 14:00:00,1.756400000000001,9.757777777777783
1780660800,33495,100,93,10.6,2026-06-05 12:00:00,2.8244000000000007,15.691111111111114
1780657200,33495,100,94,4.8,2026-06-05 11:00:00,0.0,0.0
1780682400,33495,100,92,5.2,2026-06-05 18:00:00,0.0,0.0
1780621200,33495,100,90,10.7,2026-06-05 01:00:00,2.8778000000000006,15.987777777777781
1780628400,33495,100,91,5.0,2026-06-05 03:00:00,0.0,0.0
1781359200,33495,100,90,22.1,2026-06-13 14:00:00,8.965400000000002,49.80777777777779
1781341200,33495,100,92,8.1,2026-06-13 09:00:00,1.4894000000000007,8.274444444444448
1781964000,33495,100,94,57.6,2026-06-20 14:00:00,27.922400000000003,86.06834980988594
1777568400,33495,85,87,6.5,2026-04-30 17:00:00,1.9009999999999998,10.56111111111111
1778947200,33495,100,92,43.1,2026-05-16 16:00:00,20.179400000000005,71.64222813688214
1778911200,33495,100,93,22.1,2026-05-16 06:00:00,8.965400000000002,49.80777777777779
1778914800,33495,100,93,19.6,2026-05-16 07:00:00,7.6304000000000025,42.39111111111112
1781668800,33495,100,94,18.7,2026-06-17 04:00:00,7.1498,39.72111111111111
1781697600,33495,100,96,24.6,2026-06-17 12:00:00,10.300400000000003,53.23648669201522
1779030000,33495,100,94,46.5,2026-05-17 15:00:00,21.995000000000005,75.02490494296579
1779022800,33495,100,94,34.8,2026-05-17 13:00:00,15.7472,63.38451711026616
1780012800,33495,100,92,7.3,2026-05-29 00:00:00,1.0622000000000007,5.901111111111115
1780092000,33495,100,91,11.7,2026-05-29 22:00:00,3.4118000000000004,18.954444444444444
1780120800,33495,100,95,9.3,2026-05-30 06:00:00,2.130200000000001,11.83444444444445
1779069600,33495,100,91,41.5,2026-05-18 02:00:00,19.325000000000003,70.05038022813689
1778839200,33495,100,92,13.1,2026-05-15 10:00:00,4.159400000000001,23.10777777777778
1777626000,33495,80,90,8.1,2026-05-01 09:00:00,3.1773999999999996,17.652222222222218
1781647200,33495,100,93,25.9,2026-06-16 22:00:00,10.994600000000002,54.529863117870725
1781593200,33495,100,94,27.1,2026-06-16 07:00:00,11.6354,55.72374904942966
1780502400,33495,100,94,6.1,2026-06-03 16:00:00,0.4214000000000011,2.3411111111111174
1779742800,33495,100,91,3.1,2026-05-25 21:00:00,0.0,0.0
1781463600,33495,100,91,31.0,2026-06-14 19:00:00,13.718000000000004,59.60387832699621
1779580800,33495,100,91,14.0,2026-05-24 00:00:00,4.6400000000000015,25.777777777777786
1779591600,33495,100,92,18.2,2026-05-24 03:00:00,6.8828000000000005,38.23777777777778
1780959600,33495,100,91,4.4,2026-06-08 23:00:00,0.0,0.0
1780916400,33495,100,94,5.1,2026-06-08 11:00:00,0.0,0.0
1780952400,33495,100,91,3.0,2026-06-08 21:00:00,0.0,0.0
1780930800,33495,100,92,6.7,2026-06-08 15:00:00,0.7418000000000005,4.121111111111113
1781251200,33495,100,94,9.6,2026-06-12 08:00:00,2.290400000000001,12.72444444444445
1781233200,33495,100,91,21.2,2026-06-12 03:00:00,8.4848,47.13777777777778
1779508800,33495,100,92,28.9,2026-05-23 04:00:00,12.596600000000002,57.514577946768064
1779512400,33495,100,92,12.3,2026-05-23 05:00:00,3.7322000000000015,20.734444444444453
1779519600,33495,100,93,7.3,2026-05-23 07:00:00,1.0622000000000007,5.901111111111115
1779526800,33495,100,95,9.7,2026-05-23 09:00:00,2.3438000000000008,13.021111111111114
1779966000,33495,100,96,11.2,2026-05-28 11:00:00,3.144800000000001,17.471111111111117
1779980400,33495,100,94,23.6,2026-05-28 15:00:00,9.7664,52.24158174904943
1780574400,33495,100,93,4.0,2026-06-04 12:00:00,0.0,0.0
1780549200,33495,100,94,5.4,2026-06-04 05:00:00,0.047600000000000975,0.26444444444444987
1779825600,33495,100,94,12.3,2026-05-26 20:00:00,3.7322000000000015,20.734444444444453
1779814800,33495,100,95,28.1,2026-05-26 17:00:00,12.169400000000003,56.718653992395446
1777798800,33495,98,91,19.4,2026-05-03 09:00:00,7.6924,42.73555555555556
1777845600,33495,74,88,18.8,2026-05-03 22:00:00,9.3976,51.554463878327
1780311600,33495,99,101,6.7,2026-06-01 11:00:00,0.8261999999999992,4.589999999999995
1780329600,33495,100,96,28.4,2026-06-01 16:00:00,12.3296,57.01712547528517
1778738400,33495,100,92,20.1,2026-05-14 06:00:00,7.897400000000002,43.87444444444446
1778778000,33495,100,89,16.9,2026-05-14 17:00:00,6.1886,34.38111111111111
1778727600,33495,100,91,37.7,2026-05-14 03:00:00,17.295800000000003,66.26974144486692
1780718400,33495,100,89,6.7,2026-06-06 04:00:00,0.7418000000000005,4.121111111111113
1777953600,33495,77,89,25.1,2026-05-05 04:00:00,12.508600000000001,57.35062357414449
1779256800,33495,100,95,7.6,2026-05-20 06:00:00,1.2224000000000004,6.791111111111113
1779278400,33495,100,95,11.0,2026-05-20 12:00:00,3.038000000000001,16.877777777777784
1781085600,33495,100,97,8.0,2026-06-10 10:00:00,1.4360000000000008,7.977777777777782
1781089200,33495,100,96,8.5,2026-06-10 11:00:00,1.7030000000000012,9.461111111111117
1778637600,33495,52,86,18.6,2026-05-13 02:00:00,11.1476,54.814920152091254
1778025600,33495,63,87,42.1,2026-05-06 00:00:00,22.7682,76.46546768060837
1778040000,33495,61,88,41.0,2026-05-06 04:00:00,22.349600000000002,75.68556653992397
1781316000,33495,100,89,8.3,2026-06-13 02:00:00,1.5962000000000014,8.867777777777786
1781492400,33495,100,91,32.6,2026-06-15 03:00:00,14.572400000000002,61.195726235741446
1781924400,33495,100,91,34.2,2026-06-20 03:00:00,15.426800000000004,62.7875741444867
1780416000,33495,100,96,29.1,2026-06-02 16:00:00,12.703400000000002,57.71355893536122
1780401600,33495,100,98,63.2,2026-06-02 12:00:00,30.912800000000004,91.6398174904943
1781722800,33495,100,93,18.2,2026-06-17 19:00:00,6.8828000000000005,38.23777777777778
1778983200,33495,100,90,33.1,2026-05-17 02:00:00,14.839400000000005,61.69317870722435
1780059600,33495,100,95,17.9,2026-05-29 13:00:00,6.722600000000001,37.34777777777778
1780146000,33495,100,95,34.5,2026-05-30 13:00:00,15.587000000000003,63.086045627376436
1780124400,33495,100,95,13.7,2026-05-30 07:00:00,4.479800000000001,24.88777777777778
1779127200,33495,100,94,31.1,2026-05-18 18:00:00,13.771400000000003,59.703368821292784
1781622000,33495,100,95,35.7,2026-06-16 15:00:00,16.227800000000006,64.27993155893537
1781578800,33495,100,91,21.9,2026-06-16 03:00:00,8.8586,49.21444444444444
1781650800,33495,100,92,26.5,2026-06-16 23:00:00,11.315000000000001,55.126806083650195
1780516800,33495,100,92,3.7,2026-06-03 20:00:00,0.0,0.0
1780520400,33495,100,93,3.2,2026-06-03 21:00:00,0.0,0.0
1780506000,33495,100,93,1.9,2026-06-03 17:00:00,0.0,0.0
1780484400,33495,100,97,8.7,2026-06-03 11:00:00,1.8098,10.054444444444444
1779735600,33495,100,92,8.1,2026-05-25 19:00:00,1.4894000000000007,8.274444444444448
1779710400,33495,100,95,12.7,2026-05-25 12:00:00,3.9458,21.921111111111113
1779620400,33495,100,96,8.7,2026-05-24 11:00:00,1.8098,10.054444444444444
1778245200,33495,95,94,23.4,2026-05-08 13:00:00,10.081599999999998,52.82883650190114
1778270400,33495,96,91,9.3,2026-05-08 20:00:00,2.4678000000000013,13.710000000000006
1780923600,33495,100,92,16.2,2026-06-08 13:00:00,5.814800000000001,32.30444444444445
1781035200,33495,100,92,6.0,2026-06-09 20:00:00,0.3680000000000012,2.044444444444451
1781031600,33495,100,92,5.0,2026-06-09 19:00:00,0.0,0.0
1779523200,33495,100,94,6.4,2026-05-23 08:00:00,0.5816000000000008,3.2311111111111153
1780592400,33495,100,92,4.2,2026-06-04 17:00:00,0.0,0.0
1779778800,33495,100,96,4.1,2026-05-26 07:00:00,0.0,0.0
1779786000,33495,100,98,3.3,2026-05-26 09:00:00,0.0,0.0
1779404400,33495,100,93,4.1,2026-05-21 23:00:00,0.0,0.0
1777734000,33495,76,90,22.7,2026-05-02 15:00:00,11.311399999999999,55.12009885931559
1780196400,33495,100,92,24.1,2026-05-31 03:00:00,10.0334,52.73903422053232
1780254000,33495,100,94,11.7,2026-05-31 19:00:00,3.4118000000000004,18.954444444444444
1780214400,33495,100,97,14.2,2026-05-31 08:00:00,4.7468,26.371111111111112
1780304400,33495,100,100,9.5,2026-06-01 09:00:00,2.237000000000001,12.427777777777782
1780333200,33495,100,95,29.4,2026-06-01 17:00:00,12.863600000000002,58.01203041825096
1780754400,33495,100,93,10.0,2026-06-06 14:00:00,2.5040000000000004,13.911111111111113
1780736400,33495,100,94,6.8,2026-06-06 09:00:00,0.7952000000000004,4.417777777777779
1777986000,33495,73,89,40.2,2026-05-05 13:00:00,20.9096,73.00267680608366
1779246000,33495,100,93,7.0,2026-05-20 03:00:00,0.902000000000001,5.011111111111116
1779318000,33495,100,92,8.0,2026-05-20 23:00:00,1.4360000000000008,7.977777777777782
1779235200,33495,100,92,13.4,2026-05-20 00:00:00,4.319600000000001,23.997777777777785
1781776800,33495,100,95,10.7,2026-06-18 10:00:00,2.8778000000000006,15.987777777777781
1781092800,33495,100,94,12.5,2026-06-10 12:00:00,3.8390000000000013,21.327777777777783
1779883200,33495,100,95,20.7,2026-05-27 12:00:00,8.2178,45.654444444444444
1779840000,33495,100,93,12.8,2026-05-27 00:00:00,3.999200000000001,22.217777777777783
1779166800,33495,100,95,5.0,2026-05-19 05:00:00,0.0,0.0
1779192000,33495,100,96,11.2,2026-05-19 12:00:00,3.144800000000001,17.471111111111117
1778641200,33495,83,90,10.2,2026-05-13 03:00:00,4.045599999999999,22.47555555555555
1778043600,33495,70,89,32.6,2026-05-06 05:00:00,17.1044,65.91314068441065
1777881600,33495,100,93,24.9,2026-05-04 08:00:00,10.4606,53.53495817490494
1777860000,33495,71,88,33.4,2026-05-04 02:00:00,17.4472,66.5518174904943
1780646400,33495,100,95,15.5,2026-06-05 08:00:00,5.441000000000002,30.227777777777785
1780635600,33495,100,93,5.0,2026-06-05 05:00:00,0.0,0.0
1781384400,33495,100,88,13.2,2026-06-13 21:00:00,4.2128000000000005,23.404444444444447
1781560800,33495,100,92,19.1,2026-06-15 22:00:00,7.363400000000001,40.90777777777778
1781499600,33495,100,93,20.2,2026-06-15 05:00:00,7.9508,44.17111111111111
1781913600,33495,100,89,27.5,2026-06-20 00:00:00,11.849,56.12171102661597
1777539600,33495,82,91,15.1,2026-04-30 09:00:00,6.7466,37.48111111111111
1780412400,33495,100,96,31.7,2026-06-02 15:00:00,14.091800000000003,60.300311787072246
1778922000,33495,100,93,28.3,2026-05-16 09:00:00,12.276200000000003,56.9176349809886
1780858800,33495,100,91,12.7,2026-06-07 19:00:00,3.9458,21.921111111111113
1780790400,33495,100,91,3.6,2026-06-07 00:00:00,0.0,0.0
1781679600,33495,100,94,16.1,2026-06-17 07:00:00,5.761400000000001,32.00777777777778
1781672400,33495,100,93,20.6,2026-06-17 05:00:00,8.1644,45.35777777777778
1781676000,33495,100,93,15.1,2026-06-17 06:00:00,5.2274,29.04111111111111
1778986800,33495,100,91,28.9,2026-05-17 03:00:00,12.596600000000002,57.514577946768064
1780174800,33495,100,92,12.3,2026-05-30 21:00:00,3.7322000000000015,20.734444444444453
1780102800,33495,100,91,22.2,2026-05-30 01:00:00,9.018800000000002,500.0
1780182000,33495,100,92,13.4,2026-05-30 23:00:00,4.319600000000001,23.997777777777785
1780110000,33495,100,93,21.7,2026-05-30 03:00:00,8.7518,48.621111111111105
1778616000,33495,98,91,31.3,2026-05-12 20:00:00,14.047,60.21684410646388
1778594400,33495,91,92,46.8,2026-05-12 14:00:00,22.9148,76.73860076045628
1778860800,33495,100,91,33.3,2026-05-15 16:00:00,14.946200000000001,61.8921596958175
1778886000,33495,100,89,23.6,2026-05-15 23:00:00,9.7664,52.24158174904943
1777608000,33495,73,87,15.2,2026-05-01 04:00:00,7.5596,41.99777777777778
1777651200,33495,66,89,16.5,2026-05-01 16:00:00,8.8446,49.13666666666666
1781604000,33495,100,99,20.8,2026-06-16 10:00:00,8.2712,45.95111111111111
1781586000,33495,100,92,21.8,2026-06-16 05:00:00,8.805200000000003,48.91777777777779
1781632800,33495,100,95,39.3,2026-06-16 18:00:00,18.1502,67.86158935361217
1779717600,33495,100,94,12.3,2026-05-25 14:00:00,3.7322000000000015,20.734444444444453
1781409600,33495,100,90,11.7,2026-06-14 04:00:00,3.4118000000000004,18.954444444444444
1781445600,33495,100,90,30.0,2026-06-14 14:00:00,13.184000000000001,58.60897338403042
1781157600,33495,100,94,8.0,2026-06-11 06:00:00,1.4360000000000008,7.977777777777782
1781190000,33495,100,92,8.7,2026-06-11 15:00:00,1.8098,10.054444444444444
1781161200,33495,100,94,15.4,2026-06-11 07:00:00,5.387600000000002,29.931111111111118
1780934400,33495,100,92,4.6,2026-06-08 16:00:00,0.0,0.0
1781280000,33495,100,90,19.1,2026-06-12 16:00:00,7.363400000000001,40.90777777777778
1781229600,33495,100,90,23.1,2026-06-12 02:00:00,9.499400000000001,51.74412927756654
1779501600,33495,100,91,31.0,2026-05-23 02:00:00,13.718000000000004,59.60387832699621
1779937200,33495,100,93,24.1,2026-05-28 03:00:00,10.0334,52.73903422053232
1780578000,33495,100,93,9.4,2026-06-04 13:00:00,2.183600000000001,12.131111111111117
1779822000,33495,100,94,7.2,2026-05-26 19:00:00,1.0088000000000008,5.604444444444448
1779811200,33495,100,95,33.2,2026-05-26 16:00:00,14.892800000000005,61.79266920152092
1779332400,33495,100,93,18.6,2026-05-21 03:00:00,7.096400000000002,39.424444444444454
1777683600,33495,69,86,24.6,2026-05-02 01:00:00,12.916800000000002,58.11114828897339
1780189200,33495,100,91,16.4,2026-05-31 01:00:00,5.921600000000001,32.89777777777778
1778490000,33495,91,93,11.2,2026-05-11 09:00:00,3.9044,21.69111111111111
1780300800,33495,100,99,8.9,2026-06-01 08:00:00,1.9166000000000007,10.647777777777781
1780351200,33495,100,93,8.4,2026-06-01 22:00:00,1.6496000000000013,9.16444444444445
1778284800,33495,97,91,15.7,2026-05-09 00:00:00,5.801000000000001,32.22777777777778
1778752800,33495,100,91,12.3,2026-05-14 10:00:00,3.7322000000000015,20.734444444444453
1780768800,33495,100,92,8.4,2026-06-06 18:00:00,1.6496000000000013,9.16444444444445
1780772400,33495,100,91,4.1,2026-06-06 19:00:00,0.0,0.0
1780711200,33495,100,91,7.5,2026-06-06 02:00:00,1.1690000000000005,6.494444444444447
1780729200,33495,100,93,6.5,2026-06-06 07:00:00,0.6350000000000007,3.5277777777777812
1777968000,33495,77,89,18.4,2026-05-05 08:00:00,8.9308,49.61555555555555
1779238800,33495,100,92,23.1,2026-05-20 01:00:00,9.499400000000001,51.74412927756654
1781125200,33495,100,92,7.0,2026-06-10 21:00:00,0.902000000000001,5.011111111111116
1779919200,33495,100,92,26.9,2026-05-27 22:00:00,11.5286,55.52476806083651
1779868800,33495,100,95,9.7,2026-05-27 08:00:00,2.3438000000000008,13.021111111111114
1779890400,33495,100,94,30.6,2026-05-27 14:00:00,13.504400000000004,59.2059163498099
1779177600,33495,100,96,4.5,2026-05-19 08:00:00,0.0,0.0
1779217200,33495,100,93,11.2,2026-05-19 19:00:00,3.144800000000001,17.471111111111117
1777917600,33495,76,89,25.6,2026-05-04 18:00:00,12.86,58.005323193916354
1777914000,33495,76,89,29.4,2026-05-04 17:00:00,14.889199999999999,61.78596197718631
1777885200,33495,99,93,33.7,2026-05-04 09:00:00,15.244200000000003,62.447368821292784
1781528400,33495,100,95,26.1,2026-06-15 13:00:00,11.101400000000002,54.72884410646388
1777528800,33495,84,92,2.5,2026-04-30 06:00:00,0.0,0.0
1780376400,33495,100,96,12.6,2026-06-02 05:00:00,3.892400000000001,21.62444444444445
1778889600,33495,100,89,26.3,2026-05-16 00:00:00,11.208200000000001,54.92782509505704
1780833600,33495,100,92,9.3,2026-06-07 12:00:00,2.130200000000001,11.83444444444445
1780815600,33495,100,93,6.0,2026-06-07 07:00:00,0.3680000000000012,2.044444444444451
1781661600,33495,100,93,37.6,2026-06-17 02:00:00,17.242400000000004,66.17025095057035
1780041600,33495,100,96,13.0,2026-05-29 08:00:00,4.106000000000001,22.811111111111114
1780056000,33495,100,95,11.0,2026-05-29 12:00:00,3.038000000000001,16.877777777777784
1780027200,33495,100,93,16.1,2026-05-29 04:00:00,5.761400000000001,32.00777777777778
1779091200,33495,100,97,24.4,2026-05-18 08:00:00,10.1936,53.037505703422056
1779134400,33495,100,93,20.4,2026-05-18 20:00:00,8.0576,44.76444444444445
1778853600,33495,100,91,28.2,2026-05-15 14:00:00,12.2228,56.81814448669201
1777654800,33495,66,89,18.9,2026-05-01 17:00:00,10.126199999999999,52.91193155893536
1777611600,33495,75,88,9.7,2026-05-01 05:00:00,4.4538,24.743333333333332
1777615200,33495,81,89,5.6,2026-05-01 06:00:00,1.758,9.766666666666666
1777640400,33495,70,89,13.1,2026-05-01 13:00:00,6.6914,37.17444444444444
1779447600,33495,100,94,9.3,2026-05-22 11:00:00,2.130200000000001,11.83444444444445
1779433200,33495,100,95,3.6,2026-05-22 07:00:00,0.0,0.0
1779418800,33495,100,93,8.7,2026-05-22 03:00:00,1.8098,10.054444444444444
1781571600,33495,100,92,29.8,2026-06-16 01:00:00,13.077200000000001,58.409992395437264
1780498800,33495,100,94,6.1,2026-06-03 15:00:00,0.4214000000000011,2.3411111111111174
1779721200,33495,100,93,19.3,2026-05-25 15:00:00,7.470200000000001,41.501111111111115
1779739200,33495,100,92,5.2,2026-05-25 20:00:00,0.0,0.0
1779685200,33495,100,93,9.8,2026-05-25 05:00:00,2.3972000000000016,13.317777777777787
1779703200,33495,100,96,9.1,2026-05-25 10:00:00,2.0234000000000005,11.241111111111113
1779627600,33495,100,94,20.6,2026-05-24 13:00:00,8.1644,45.35777777777778
1781136000,33495,100,92,11.5,2026-06-11 00:00:00,3.3050000000000006,18.361111111111114
1781200800,33495,100,91,12.3,2026-06-11 18:00:00,3.7322000000000015,20.734444444444453
1780905600,33495,100,94,8.6,2026-06-08 08:00:00,1.756400000000001,9.757777777777783
1781305200,33495,100,89,2.3,2026-06-12 23:00:00,0.0,0.0
1781006400,33495,100,95,11.3,2026-06-09 12:00:00,3.1982000000000017,17.767777777777788
1781038800,33495,100,92,4.7,2026-06-09 21:00:00,0.0,0.0
1779987600,33495,100,94,25.4,2026-05-28 17:00:00,10.727599999999999,54.03241064638783
1780545600,33495,100,93,5.2,2026-06-04 04:00:00,0.0,0.0
1779793200,33495,100,98,6.3,2026-05-26 11:00:00,0.5282000000000009,2.9344444444444493
1779357600,33495,100,96,9.6,2026-05-21 10:00:00,2.290400000000001,12.72444444444445
1777755600,33495,68,88,15.0,2026-05-02 21:00:00,7.8748,43.748888888888885
1777752000,33495,69,88,22.2,2026-05-02 20:00:00,11.635200000000001,55.72337642585552
1777809600,33495,84,91,30.7,2026-05-03 12:00:00,14.908199999999997,61.82136121673003
1780243200,33495,100,95,16.9,2026-05-31 16:00:00,6.1886,34.38111111111111
1780236000,33495,100,95,19.0,2026-05-31 14:00:00,7.310000000000001,40.611111111111114
1780336800,33495,100,95,24.5,2026-06-01 18:00:00,10.247,53.13699619771863
1780308000,33495,100,102,6.2,2026-06-01 10:00:00,0.474800000000001,2.6377777777777833
1780354800,33495,100,92,12.2,2026-06-01 23:00:00,3.6788000000000007,20.437777777777782
1778724000,33495,100,90,41.6,2026-05-14 02:00:00,19.378400000000003,70.14987072243346
1778734800,33495,100,92,20.3,2026-05-14 05:00:00,8.0042,44.46777777777778
1780750800,33495,100,93,10.5,2026-06-06 13:00:00,2.771000000000001,15.394444444444447
1778022000,33495,63,87,36.5,2026-05-05 23:00:00,19.7778,70.894
1779249600,33495,100,94,7.5,2026-05-20 04:00:00,1.1690000000000005,6.494444444444447
1781794800,33495,100,92,29.3,2026-06-18 15:00:00,12.810200000000002,57.91253992395438
1781121600,33495,100,92,4.8,2026-06-10 20:00:00,0.0,0.0
1781078400,33495,100,95,9.2,2026-06-10 08:00:00,2.0768000000000004,11.53777777777778
1779876000,33495,100,97,13.6,2026-05-27 10:00:00,4.426400000000001,24.591111111111115
1779228000,33495,100,93,6.4,2026-05-19 22:00:00,0.5816000000000008,3.2311111111111153
1779152400,33495,100,93,20.6,2026-05-19 01:00:00,8.1644,45.35777777777778
1779184800,33495,100,98,5.0,2026-05-19 10:00:00,0.0,0.0
1778655600,33495,100,92,17.3,2026-05-13 07:00:00,6.4022000000000014,35.567777777777785
1780624800,33495,100,91,9.6,2026-06-05 02:00:00,2.290400000000001,12.72444444444445
1781391600,33495,100,88,11.7,2026-06-13 23:00:00,3.4118000000000004,18.954444444444444
1781326800,33495,100,91,5.7,2026-06-13 05:00:00,0.20780000000000065,1.154444444444448
1781539200,33495,100,94,46.3,2026-06-15 16:00:00,21.888199999999998,74.82592395437263
1781510400,33495,100,93,18.4,2026-06-15 08:00:00,6.9896,38.83111111111111
1781956800,33495,100,95,32.6,2026-06-20 12:00:00,14.572400000000002,61.195726235741446
1781928000,33495,100,92,31.5,2026-06-20 04:00:00,13.985000000000003,60.1013307984791
1778943600,33495,100,92,44.1,2026-05-16 15:00:00,20.713400000000004,72.63713307984791
1780801200,33495,100,91,7.5,2026-06-07 03:00:00,1.1690000000000005,6.494444444444447
1781665200,33495,100,93,37.6,2026-06-17 03:00:00,17.242400000000004,66.17025095057035
1781704800,33495,100,95,21.3,2026-06-17 14:00:00,8.538200000000003,47.43444444444446
1779044400,33495,100,92,30.5,2026-05-17 19:00:00,13.451000000000004,59.106425855513315
1779055200,33495,100,91,21.2,2026-05-17 22:00:00,8.4848,47.13777777777778
1779001200,33495,100,94,17.1,2026-05-17 07:00:00,6.295400000000002,34.97444444444445
1780063200,33495,100,94,25.4,2026-05-29 14:00:00,10.727599999999999,54.03241064638783
1780142400,33495,100,96,20.3,2026-05-30 12:00:00,8.0042,44.46777777777778
1780171200,33495,100,92,16.3,2026-05-30 20:00:00,5.868200000000001,32.601111111111116
1779138000,33495,100,93,16.7,2026-05-18 21:00:00,6.0818,33.78777777777778
1778601600,33495,95,92,40.9,2026-05-12 16:00:00,19.4266,70.23967300380228
1778619600,33495,98,91,30.6,2026-05-12 21:00:00,13.673200000000001,59.52041064638784
1778551200,33495,11,81,49.9,2026-05-12 02:00:00,31.3222,92.40257794676808
1778850000,33495,100,91,24.2,2026-05-15 13:00:00,10.0868,52.8385247148289
1777676400,33495,69,87,17.9,2026-05-01 23:00:00,9.339,51.44528517110266
1779476400,33495,100,91,11.2,2026-05-22 19:00:00,3.144800000000001,17.471111111111117
1779472800,33495,100,91,15.0,2026-05-22 18:00:00,5.174,28.744444444444447
1781643600,33495,100,93,29.1,2026-06-16 21:00:00,12.703400000000002,57.71355893536122
1781636400,33495,100,94,39.3,2026-06-16 19:00:00,18.1502,67.86158935361217
1780509600,33495,100,93,1.9,2026-06-03 18:00:00,0.0,0.0
1779678000,33495,100,92,15.6,2026-05-25 03:00:00,5.4944000000000015,30.524444444444452
1781427600,33495,100,93,13.5,2026-06-14 09:00:00,4.373000000000001,24.29444444444445
1779649200,33495,100,91,13.2,2026-05-24 19:00:00,4.2128000000000005,23.404444444444447
1778252400,33495,98,92,4.9,2026-05-08 15:00:00,0.0,0.0
1778263200,33495,97,91,9.3,2026-05-08 18:00:00,2.383400000000001,13.241111111111115
1781139600,33495,100,92,12.4,2026-06-11 01:00:00,3.7856000000000014,21.03111111111112
1781172000,33495,100,93,6.6,2026-06-11 10:00:00,0.6884000000000006,3.8244444444444476
1781287200,33495,100,90,20.7,2026-06-12 18:00:00,8.2178,45.654444444444444
1780977600,33495,100,93,6.0,2026-06-09 04:00:00,0.3680000000000012,2.044444444444451
1781013600,33495,100,93,7.8,2026-06-09 14:00:00,1.329200000000001,7.38444444444445
1779530400,33495,100,96,7.8,2026-05-23 10:00:00,1.329200000000001,7.38444444444445
1779994800,33495,100,93,18.9,2026-05-28 19:00:00,7.2566,40.31444444444444
1780002000,33495,100,92,10.9,2026-05-28 21:00:00,2.9846000000000013,16.581111111111117
1780581600,33495,100,92,6.8,2026-06-04 14:00:00,0.7952000000000004,4.417777777777779
1779757200,33495,100,91,13.8,2026-05-26 01:00:00,4.533200000000002,25.184444444444452
1779800400,33495,100,96,16.4,2026-05-26 13:00:00,5.921600000000001,32.89777777777778
1781874000,33495,100,94,44.5,2026-06-19 13:00:00,20.927000000000003,73.03509505703423
1781830800,33495,100,90,27.9,2026-06-19 01:00:00,12.0626,56.51967300380228
1777773600,33495,70,88,29.7,2026-05-03 02:00:00,15.555799999999998,63.027916349809885
1780232400,33495,100,96,18.9,2026-05-31 13:00:00,7.2566,40.31444444444444
1780228800,33495,100,97,12.3,2026-05-31 12:00:00,3.7322000000000015,20.734444444444453
1780207200,33495,100,95,18.5,2026-05-31 06:00:00,7.043000000000002,39.12777777777779
1778302800,33495,100,93,15.8,2026-05-09 05:00:00,5.601200000000001,31.117777777777786
1781744400,33495,100,92,28.3,2026-06-18 01:00:00,12.276200000000003,56.9176349809886
1781082000,33495,100,96,9.0,2026-06-10 09:00:00,1.9700000000000006,10.944444444444448
1779861600,33495,100,95,8.7,2026-05-27 06:00:00,1.8098,10.054444444444444
1779213600,33495,100,93,14.6,2026-05-19 18:00:00,4.960400000000001,27.55777777777778
1778634000,33495,97,90,18.8,2026-05-13 01:00:00,7.456400000000001,41.42444444444445
1778029200,33495,62,87,47.4,2026-05-06 01:00:00,25.6828,81.89571102661597
1777928400,33495,78,88,15.1,2026-05-04 21:00:00,7.084199999999999,39.35666666666666
1777932000,33495,80,88,15.5,2026-05-04 22:00:00,7.1290000000000004,39.605555555555554
1780650000,33495,100,95,7.9,2026-06-05 09:00:00,1.382600000000001,7.681111111111116
1780696800,33495,100,91,4.6,2026-06-05 22:00:00,0.0,0.0
1781506800,33495,100,94,23.1,2026-06-15 07:00:00,9.499400000000001,51.74412927756654
1781953200,33495,100,96,21.1,2026-06-20 11:00:00,8.431400000000004,46.84111111111113
1777543200,33495,68,90,10.3,2026-04-30 10:00:00,5.365,29.805555555555557
1780365600,33495,100,93,50.3,2026-06-02 02:00:00,24.0242,78.80554372623574
1778940000,33495,100,92,37.1,2026-05-16 14:00:00,16.975400000000004,65.67279847908746
1778961600,33495,100,91,32.0,2026-05-16 20:00:00,14.252000000000002,60.598783269961984
1780840800,33495,100,92,11.7,2026-06-07 14:00:00,3.4118000000000004,18.954444444444444
1780844400,33495,100,91,18.6,2026-06-07 15:00:00,7.096400000000002,39.424444444444454
1781658000,33495,100,92,36.4,2026-06-17 01:00:00,16.6016,64.97636501901141
1781733600,33495,100,92,10.4,2026-06-17 22:00:00,2.717600000000001,15.097777777777782
1780095600,33495,100,91,10.8,2026-05-29 23:00:00,2.9312000000000014,16.28444444444445
1780153200,33495,100,94,36.9,2026-05-30 15:00:00,16.8686,65.4738174904943
1779066000,33495,100,91,34.9,2026-05-18 01:00:00,15.800600000000003,63.48400760456275
1778569200,33495,94,95,36.1,2026-05-12 07:00:00,16.9478,65.62137642585552
1778871600,33495,100,90,27.0,2026-05-15 19:00:00,11.582,55.62425855513308
1778875200,33495,100,90,24.2,2026-05-15 20:00:00,10.0868,52.8385247148289
1777629600,33495,81,91,8.3,2026-05-01 10:00:00,3.1998000000000006,17.77666666666667
1779465600,33495,100,93,31.6,2026-05-22 16:00:00,14.038400000000003,60.20082129277567
1779451200,33495,100,94,27.0,2026-05-22 12:00:00,11.582,55.62425855513308
1781629200,33495,100,95,43.1,2026-06-16 17:00:00,20.179400000000005,71.64222813688214
1781625600,33495,100,96,53.5,2026-06-16 16:00:00,25.733000000000004,81.98923954372624
1779692400,33495,100,95,8.8,2026-05-25 07:00:00,1.8632000000000009,10.351111111111116
1779688800,33495,100,94,8.9,2026-05-25 06:00:00,1.9166000000000007,10.647777777777781
1779616800,33495,100,98,8.3,2026-05-24 10:00:00,1.5962000000000014,8.867777777777786
1778234400,33495,26,86,12.1,2026-05-08 10:00:00,9.871,52.436463878327
1778277600,33495,97,91,10.1,2026-05-08 22:00:00,2.8106,15.614444444444445
1781175600,33495,100,94,7.6,2026-06-11 11:00:00,1.2224000000000004,6.791111111111113
1781164800,33495,100,95,18.2,2026-06-11 08:00:00,6.8828000000000005,38.23777777777778
1781208000,33495,100,90,1.6,2026-06-11 20:00:00,0.0,0.0
1780902000,33495,100,94,9.3,2026-06-08 07:00:00,2.130200000000001,11.83444444444445
1779534000,33495,100,95,5.7,2026-05-23 11:00:00,0.20780000000000065,1.154444444444448
1780603200,33495,100,91,0.5,2026-06-04 20:00:00,0.0,0.0
1779375600,33495,100,95,12.6,2026-05-21 15:00:00,3.892400000000001,21.62444444444445
1779397200,33495,100,93,2.8,2026-05-21 21:00:00,0.0,0.0
1779350400,33495,100,96,11.4,2026-05-21 08:00:00,3.2516000000000007,18.064444444444447
1781895600,33495,100,91,40.1,2026-06-19 19:00:00,18.577400000000004,68.6575133079848
1777748400,33495,69,89,30.3,2026-05-02 19:00:00,15.960600000000003,63.782106463878335
1777730400,33495,79,90,24.9,2026-05-02 14:00:00,12.233,56.83714828897339
1777762800,33495,67,87,12.1,2026-05-02 23:00:00,6.4106000000000005,35.614444444444445
1777831200,33495,70,89,33.6,2026-05-03 18:00:00,17.6384,66.90804562737642
1780218000,33495,100,98,12.5,2026-05-31 09:00:00,3.8390000000000013,21.327777777777783
1780185600,33495,100,91,11.4,2026-05-31 00:00:00,3.2516000000000007,18.064444444444447
1780315200,33495,100,99,13.6,2026-06-01 12:00:00,4.426400000000001,24.591111111111115
1778288400,33495,96,91,28.2,2026-05-09 01:00:00,12.560400000000001,57.447133079847916
1778785200,33495,100,89,14.8,2026-05-14 19:00:00,5.0672000000000015,28.151111111111117
1778756400,33495,100,91,13.9,2026-05-14 11:00:00,4.586600000000002,25.48111111111112
1780747200,33495,100,94,9.7,2026-06-06 12:00:00,2.3438000000000008,13.021111111111114
1780786800,33495,100,91,2.4,2026-06-06 23:00:00,0.0,0.0
1779282000,33495,100,94,16.6,2026-05-20 13:00:00,6.028400000000002,33.491111111111124
1779300000,33495,100,93,19.4,2026-05-20 18:00:00,7.523600000000001,41.79777777777778
1779274800,33495,100,96,7.5,2026-05-20 11:00:00,1.1690000000000005,6.494444444444447
1781762400,33495,100,93,28.3,2026-06-18 06:00:00,12.276200000000003,56.9176349809886
1781816400,33495,100,91,12.7,2026-06-18 21:00:00,3.9458,21.921111111111113
1781751600,33495,100,92,24.8,2026-06-18 03:00:00,10.407200000000003,53.43546768060837
1779908400,33495,100,93,34.6,2026-05-27 19:00:00,15.640400000000003,63.18553612167301
1777910400,33495,78,89,26.8,2026-05-04 16:00:00,13.332,58.884714828897344
1780632000,33495,100,92,4.2,2026-06-05 04:00:00,0.0,0.0
1781362800,33495,100,90,23.8,2026-06-13 15:00:00,9.8732,52.44056273764259
1781312400,33495,100,89,13.8,2026-06-13 01:00:00,4.533200000000002,25.184444444444452
1781481600,33495,100,89,26.1,2026-06-15 00:00:00,11.101400000000002,54.72884410646388
1781920800,33495,100,90,36.3,2026-06-20 02:00:00,16.5482,64.87687452471484
1781938800,33495,100,94,17.3,2026-06-20 07:00:00,6.4022000000000014,35.567777777777785
1777532400,33495,71,91,7.3,2026-04-30 07:00:00,3.5098000000000003,19.49888888888889
1778958000,33495,100,91,37.9,2026-05-16 19:00:00,17.402600000000003,66.46872243346009
1778936400,33495,100,92,35.3,2026-05-16 13:00:00,16.014200000000002,63.881969581749054
1780862400,33495,100,91,7.1,2026-06-07 20:00:00,0.9554,5.307777777777778
1780873200,33495,100,90,9.1,2026-06-07 23:00:00,2.0234000000000005,11.241111111111113
1780797600,33495,100,91,6.9,2026-06-07 02:00:00,0.8486000000000011,4.71444444444445
1780804800,33495,100,92,7.2,2026-06-07 04:00:00,1.0088000000000008,5.604444444444448
1781683200,33495,100,93,21.6,2026-06-17 08:00:00,8.698400000000003,48.32444444444446
1778857200,33495,100,91,32.4,2026-05-15 15:00:00,14.465600000000002,60.9967452471483
1780448400,33495,100,93,5.5,2026-06-03 01:00:00,0.10100000000000087,0.5611111111111159
1780488000,33495,100,95,4.8,2026-06-03 12:00:00,0.0,0.0
1779714000,33495,100,94,16.9,2026-05-25 13:00:00,6.1886,34.38111111111111
1781474400,33495,100,90,18.4,2026-06-14 22:00:00,6.9896,38.83111111111111
1779609600,33495,100,95,11.3,2026-05-24 08:00:00,3.1982000000000017,17.767777777777788
1779656400,33495,100,91,16.4,2026-05-24 21:00:00,5.921600000000001,32.89777777777778
1779613200,33495,100,96,10.2,2026-05-24 09:00:00,2.6108000000000002,14.504444444444445
1781244000,33495,100,92,9.3,2026-06-12 06:00:00,2.130200000000001,11.83444444444445
1781247600,33495,100,93,7.2,2026-06-12 07:00:00,1.0088000000000008,5.604444444444448
1781028000,33495,100,93,5.5,2026-06-09 18:00:00,0.10100000000000087,0.5611111111111159
1780999200,33495,100,98,9.6,2026-06-09 10:00:00,2.290400000000001,12.72444444444445
1781002800,33495,100,98,6.8,2026-06-09 11:00:00,0.7952000000000004,4.417777777777779
1779541200,33495,100,93,17.7,2026-05-23 13:00:00,6.615800000000001,36.75444444444445
1779570000,33495,100,91,15.4,2026-05-23 21:00:00,5.387600000000002,29.931111111111118
1779566400,33495,100,91,20.8,2026-05-23 20:00:00,8.2712,45.95111111111111
1779944400,33495,100,94,9.5,2026-05-28 05:00:00,2.237000000000001,12.427777777777782
1779951600,33495,100,96,8.5,2026-05-28 07:00:00,1.7030000000000012,9.461111111111117
1779973200,33495,100,95,10.7,2026-05-28 13:00:00,2.8778000000000006,15.987777777777781
1780567200,33495,100,94,5.0,2026-06-04 10:00:00,0.0,0.0
1780614000,33495,100,90,1.0,2026-06-04 23:00:00,0.0,0.0
1779386400,33495,100,93,9.8,2026-05-21 18:00:00,2.3972000000000016,13.317777777777787
1779354000,33495,100,97,12.0,2026-05-21 09:00:00,3.572000000000001,19.84444444444445
1781838000,33495,100,91,30.1,2026-06-19 03:00:00,13.237400000000004,58.70846387832701
1777744800,33495,71,89,34.7,2026-05-02 18:00:00,18.1414,67.84519391634981
1777795200,33495,98,91,18.1,2026-05-03 08:00:00,6.9982000000000015,38.878888888888895
1777824000,33495,72,90,35.7,2026-05-03 16:00:00,18.591000000000005,68.68285171102663
1780340400,33495,100,94,19.7,2026-06-01 19:00:00,7.683800000000001,42.68777777777778
1780290000,33495,100,95,5.0,2026-06-01 05:00:00,0.0,0.0
1780347600,33495,100,93,9.3,2026-06-01 21:00:00,2.130200000000001,11.83444444444445
1778774400,33495,100,89,21.2,2026-05-14 16:00:00,8.4848,47.13777777777778
1780707600,33495,100,91,5.9,2026-06-06 01:00:00,0.3146000000000013,1.747777777777785
1777942800,33495,78,87,32.4,2026-05-05 01:00:00,16.3224,64.45618250950571
1777939200,33495,78,87,25.2,2026-05-05 00:00:00,12.4776,57.29286692015209
1779303600,33495,100,93,16.9,2026-05-20 19:00:00,6.1886,34.38111111111111
1779242400,33495,100,93,15.1,2026-05-20 02:00:00,5.2274,29.04111111111111
1781740800,33495,100,92,17.2,2026-06-18 00:00:00,6.3488000000000016,35.27111111111112
1781118000,33495,100,92,5.1,2026-06-10 19:00:00,0.0,0.0
1781049600,33495,100,92,7.5,2026-06-10 00:00:00,1.1690000000000005,6.494444444444447
1779912000,33495,100,93,30.7,2026-05-27 20:00:00,13.5578,59.305406844106464
1779231600,33495,100,92,7.8,2026-05-19 23:00:00,1.329200000000001,7.38444444444445
1778688000,33495,100,91,45.9,2026-05-13 16:00:00,21.674599999999998,74.42796197718631
1778659200,33495,100,92,19.9,2026-05-13 08:00:00,7.7906,43.28111111111111
1778644800,33495,95,91,12.3,2026-05-13 04:00:00,4.1542,23.07888888888889
1777852800,33495,74,87,22.5,2026-05-04 00:00:00,11.3734,55.23561216730038
1780675200,33495,100,92,6.5,2026-06-05 16:00:00,0.6350000000000007,3.5277777777777812
1777582800,33495,75,86,8.6,2026-04-30 21:00:00,3.8664000000000005,21.48
1777575600,33495,79,86,9.0,2026-04-30 19:00:00,3.7424,20.79111111111111
1777564800,33495,92,87,4.0,2026-04-30 16:00:00,0.0,0.0
1780362000,33495,100,92,30.5,2026-06-02 01:00:00,13.451000000000004,59.106425855513315
1780830000,33495,100,94,7.2,2026-06-07 11:00:00,1.0088000000000008,5.604444444444448
1780855200,33495,100,91,16.2,2026-06-07 18:00:00,5.814800000000001,32.30444444444445
1781708400,33495,100,94,21.0,2026-06-17 15:00:00,8.378,46.544444444444444
1781686800,33495,100,94,21.0,2026-06-17 09:00:00,8.378,46.544444444444444
1779033600,33495,100,93,43.7,2026-05-17 16:00:00,20.499800000000004,72.2391711026616
1780066800,33495,100,94,30.1,2026-05-29 15:00:00,13.237400000000004,58.70846387832701
1780070400,33495,100,93,34.0,2026-05-29 16:00:00,15.320000000000004,62.58859315589355
1780160400,33495,100,93,34.6,2026-05-30 17:00:00,15.640400000000003,63.18553612167301
1780117200,33495,100,94,9.7,2026-05-30 05:00:00,2.3438000000000008,13.021111111111114
1780106400,33495,100,92,29.0,2026-05-30 02:00:00,12.650000000000002,57.614068441064646
1779123600,33495,100,94,31.4,2026-05-18 17:00:00,13.931600000000003,60.001840304182515
1779141600,33495,100,93,11.4,2026-05-18 22:00:00,3.2516000000000007,18.064444444444447
1778612400,33495,97,91,33.0,2026-05-12 19:00:00,15.039200000000001,62.06542965779468
1777662000,33495,65,88,20.5,2026-05-01 19:00:00,11.065000000000001,54.66102661596958
1779483600,33495,100,91,5.5,2026-05-22 21:00:00,0.10100000000000087,0.5611111111111159
1779422400,33495,100,94,5.3,2026-05-22 04:00:00,0.0,0.0
1779490800,33495,100,91,6.6,2026-05-22 23:00:00,0.6884000000000006,3.8244444444444476
1781618400,33495,100,96,33.8,2026-06-16 14:00:00,15.2132,62.389612167300385
1781614800,33495,100,96,38.6,2026-06-16 13:00:00,17.776400000000002,67.16515589353612
1780513200,33495,100,93,3.1,2026-06-03 19:00:00,0.0,0.0
1780455600,33495,100,92,8.3,2026-06-03 03:00:00,1.5962000000000014,8.867777777777786
1780473600,33495,100,97,9.3,2026-06-03 08:00:00,2.130200000000001,11.83444444444445
1779724800,33495,100,93,12.7,2026-05-25 16:00:00,3.9458,21.921111111111113
1781395200,33495,100,88,16.5,2026-06-14 00:00:00,5.9750000000000005,33.19444444444444
1781424000,33495,100,92,16.0,2026-06-14 08:00:00,5.708000000000001,31.711111111111116
1781449200,33495,100,92,39.0,2026-06-14 15:00:00,17.990000000000002,67.56311787072244
1781434800,33495,100,95,12.6,2026-06-14 11:00:00,3.892400000000001,21.62444444444445
1779638400,33495,100,92,12.9,2026-05-24 16:00:00,4.052600000000001,22.514444444444447
1779595200,33495,100,92,14.1,2026-05-24 04:00:00,4.6934000000000005,26.074444444444445
1781182800,33495,100,92,6.7,2026-06-11 13:00:00,0.7418000000000005,4.121111111111113
1780891200,33495,100,92,8.8,2026-06-08 04:00:00,1.8632000000000009,10.351111111111116
1780876800,33495,100,90,9.0,2026-06-08 00:00:00,1.9700000000000006,10.944444444444448
1781240400,33495,100,92,12.4,2026-06-12 05:00:00,3.7856000000000014,21.03111111111112
1781222400,33495,100,90,5.6,2026-06-12 00:00:00,0.15440000000000076,0.857777777777782
1781020800,33495,100,93,7.3,2026-06-09 16:00:00,1.0622000000000007,5.901111111111115
1779933600,33495,100,92,37.9,2026-05-28 02:00:00,17.402600000000003,66.46872243346009
1780596000,33495,100,91,1.3,2026-06-04 18:00:00,0.0,0.0
1780599600,33495,100,91,1.2,2026-06-04 19:00:00,0.0,0.0
1779339600,33495,100,94,3.1,2026-05-21 05:00:00,0.0,0.0
1779368400,33495,100,96,10.3,2026-05-21 13:00:00,2.664200000000001,14.801111111111116
1779390000,33495,100,93,6.8,2026-05-21 19:00:00,0.7952000000000004,4.417777777777779
1779379200,33495,100,94,4.9,2026-05-21 16:00:00,0.0,0.0
1781899200,33495,100,91,34.7,2026-06-19 20:00:00,15.693800000000003,63.285026615969585
1781888400,33495,100,92,46.3,2026-06-19 17:00:00,21.888199999999998,74.82592395437263
1777701600,33495,84,90,9.0,2026-05-02 06:00:00,3.3204000000000002,18.44666666666667
1777698000,33495,85,89,10.1,2026-05-02 05:00:00,3.8233999999999995,21.241111111111106
1780326000,33495,100,96,33.4,2026-06-01 15:00:00,14.999600000000001,61.99165019011407
1778770800,33495,100,90,34.5,2026-05-14 15:00:00,15.587000000000003,63.086045627376436
1777946400,33495,70,87,40.1,2026-05-05 02:00:00,21.1094,73.37492775665399
1778007600,33495,66,88,37.6,2026-05-05 19:00:00,20.112000000000002,71.51665399239545
1778000400,33495,67,88,51.2,2026-05-05 17:00:00,27.29,84.89011406844106
1777996800,33495,69,88,49.9,2026-05-05 16:00:00,26.427,83.2822433460076
1777975200,33495,77,90,22.7,2026-05-05 10:00:00,11.227,54.962851711026616
1779271200,33495,100,95,7.4,2026-05-20 10:00:00,1.1156000000000015,6.197777777777786
1781798400,33495,100,92,27.9,2026-06-18 16:00:00,12.0626,56.51967300380228
1781053200,33495,100,91,7.7,2026-06-10 01:00:00,1.2758000000000012,7.0877777777777835
1779904800,33495,100,94,38.9,2026-05-27 18:00:00,17.936600000000002,67.46362737642586
1779159600,33495,100,94,8.1,2026-05-19 03:00:00,1.4894000000000007,8.274444444444448
1779163200,33495,100,94,4.4,2026-05-19 04:00:00,0.0,0.0
1778047200,33495,81,90,36.9,2026-05-06 06:00:00,18.472199999999997,68.46151330798479
1777867200,33495,87,89,18.9,2026-05-04 04:00:00,8.3538,46.41
1780671600,33495,100,92,10.3,2026-06-05 15:00:00,2.664200000000001,14.801111111111116
1781348400,33495,100,91,4.3,2026-06-13 11:00:00,0.0,0.0
1781550000,33495,100,93,33.4,2026-06-15 19:00:00,14.999600000000001,61.99165019011407
1777536000,33495,81,91,5.8,2026-04-30 08:00:00,1.8647999999999998,10.359999999999998
1777579200,33495,79,86,8.3,2026-04-30 20:00:00,3.3686000000000007,18.714444444444446
1780383600,33495,100,98,9.7,2026-06-02 07:00:00,2.3438000000000008,13.021111111111114
1778896800,33495,100,90,36.0,2026-05-16 02:00:00,16.388,64.5784030418251
1780822800,33495,100,94,9.1,2026-06-07 09:00:00,2.0234000000000005,11.241111111111113
1781690400,33495,100,97,15.5,2026-06-17 10:00:00,5.441000000000002,30.227777777777785
1781719200,33495,100,93,22.4,2026-06-17 18:00:00,9.125600000000002,51.0476958174905
1778976000,33495,100,90,26.6,2026-05-17 00:00:00,11.368400000000001,55.22629657794677
1780077600,33495,100,93,31.3,2026-05-29 18:00:00,13.878200000000003,59.90234980988594
1780135200,33495,96,98,8.9,2026-05-30 10:00:00,2.254200000000001,12.523333333333337
1780164000,33495,100,93,29.8,2026-05-30 18:00:00,13.077200000000001,58.409992395437264
1779098400,33495,100,97,19.8,2026-05-18 10:00:00,7.737200000000002,42.984444444444456
1779076800,33495,100,94,25.5,2026-05-18 04:00:00,10.781000000000002,54.13190114068442
1779145200,33495,100,93,10.7,2026-05-18 23:00:00,2.8778000000000006,15.987777777777781
1779073200,33495,100,93,33.2,2026-05-18 03:00:00,14.892800000000005,61.79266920152092
1778562000,33495,82,94,38.0,2026-05-12 05:00:00,18.9752,69.39866159695818
1778832000,33495,100,93,23.0,2026-05-15 08:00:00,9.446000000000002,51.64463878326997
1778868000,33495,100,90,30.4,2026-05-15 18:00:00,13.3976,59.00693536121673
1777633200,33495,86,91,8.4,2026-05-01 11:00:00,2.831200000000001,15.728888888888893
1779480000,33495,100,91,7.0,2026-05-22 20:00:00,0.902000000000001,5.011111111111116
1781600400,33495,100,95,24.2,2026-06-16 09:00:00,10.0868,52.8385247148289
1780470000,33495,100,96,8.5,2026-06-03 07:00:00,1.7030000000000012,9.461111111111117
1779728400,33495,100,92,11.1,2026-05-25 17:00:00,3.091400000000001,17.17444444444445
1779699600,33495,100,96,10.9,2026-05-25 09:00:00,2.9846000000000013,16.581111111111117
1779681600,33495,100,92,11.6,2026-05-25 04:00:00,3.3584000000000005,18.65777777777778
1781456400,33495,100,92,42.0,2026-06-14 17:00:00,19.592000000000002,70.54783269961978
1781398800,33495,100,88,25.4,2026-06-14 01:00:00,10.727599999999999,54.03241064638783
1779584400,33495,100,91,21.9,2026-05-24 01:00:00,8.8586,49.21444444444444
1778266800,33495,97,91,8.8,2026-05-08 19:00:00,2.1164000000000005,11.75777777777778
1781143200,33495,100,92,9.8,2026-06-11 02:00:00,2.3972000000000016,13.317777777777787
1780927200,33495,100,92,14.0,2026-06-08 14:00:00,4.6400000000000015,25.777777777777786
1781226000,33495,100,90,13.9,2026-06-12 01:00:00,4.586600000000002,25.48111111111112
1781265600,33495,100,91,10.0,2026-06-12 12:00:00,2.5040000000000004,13.911111111111113
1779516000,33495,100,93,7.6,2026-05-23 06:00:00,1.2224000000000004,6.791111111111113
1780005600,33495,100,92,7.4,2026-05-28 22:00:00,1.1156000000000015,6.197777777777786
1780556400,33495,100,94,2.8,2026-06-04 07:00:00,0.0,0.0
1779768000,33495,100,94,7.2,2026-05-26 04:00:00,1.0088000000000008,5.604444444444448
1779796800,33495,100,97,9.4,2026-05-26 12:00:00,2.183600000000001,12.131111111111117
1779343200,33495,100,95,14.2,2026-05-21 06:00:00,4.7468,26.371111111111112
1779346800,33495,100,96,13.3,2026-05-21 07:00:00,4.266200000000001,23.701111111111118
1781906400,33495,100,90,25.5,2026-06-19 22:00:00,10.781000000000002,54.13190114068442
1781866800,33495,100,94,22.9,2026-06-19 11:00:00,9.392600000000002,51.54514828897339
1777708800,33495,89,91,6.4,2026-05-02 08:00:00,1.5099999999999998,8.388888888888888
1777719600,33495,88,91,14.9,2026-05-02 11:00:00,6.133400000000001,34.074444444444445
1777716000,33495,84,92,12.9,2026-05-02 10:00:00,5.4030000000000005,30.01666666666667
1777741200,33495,71,89,30.5,2026-05-02 17:00:00,15.898600000000002,63.66659315589354
1777791600,33495,94,91,24.7,2026-05-03 07:00:00,10.860199999999999,54.27946007604562
1777820400,33495,74,90,33.9,2026-05-03 15:00:00,17.461,66.57752851711027
1777780800,33495,83,89,15.9,2026-05-03 04:00:00,7.0894,39.385555555555555
1780239600,33495,100,95,24.2,2026-05-31 15:00:00,10.0868,52.8385247148289
1778468400,33495,12,83,19.2,2026-05-11 03:00:00,14.844000000000001,61.701749049429665
1778745600,33495,100,91,12.4,2026-05-14 08:00:00,3.7856000000000014,21.03111111111112
1779314400,33495,100,92,7.5,2026-05-20 22:00:00,1.1690000000000005,6.494444444444447
1781758800,33495,100,93,14.3,2026-06-18 05:00:00,4.800200000000001,26.667777777777783
1781812800,33495,100,91,15.0,2026-06-18 20:00:00,5.174,28.744444444444447
1781748000,33495,100,92,36.9,2026-06-18 02:00:00,16.8686,65.4738174904943
1781766000,33495,100,94,27.1,2026-06-18 07:00:00,11.6354,55.72374904942966
1781067600,33495,100,95,10.4,2026-06-10 05:00:00,2.717600000000001,15.097777777777782
1781074800,33495,100,96,9.0,2026-06-10 07:00:00,1.9700000000000006,10.944444444444448
1779843600,33495,100,93,13.8,2026-05-27 01:00:00,4.533200000000002,25.184444444444452
1779199200,33495,100,95,26.0,2026-05-19 14:00:00,11.048000000000002,54.62935361216731
1778670000,33495,100,92,26.7,2026-05-13 11:00:00,11.421800000000001,55.32578707224335
1777906800,33495,78,89,26.8,2026-05-04 15:00:00,13.332,58.884714828897344
1780664400,33495,100,93,12.0,2026-06-05 13:00:00,3.572000000000001,19.84444444444445
1780686000,33495,100,91,5.9,2026-06-05 19:00:00,0.3146000000000013,1.747777777777785
1780617600,33495,100,90,4.1,2026-06-05 00:00:00,0.0,0.0
1781319600,33495,100,90,6.9,2026-06-13 03:00:00,0.8486000000000011,4.71444444444445
1781334000,33495,100,91,6.3,2026-06-13 07:00:00,0.5282000000000009,2.9344444444444493
1781935200,33495,100,93,14.4,2026-06-20 06:00:00,4.853600000000001,26.96444444444445
1781931600,33495,100,93,19.0,2026-06-20 05:00:00,7.310000000000001,40.611111111111114
1777561200,33495,77,89,21.3,2026-04-30 15:00:00,10.479400000000002,53.56998479087453
1777554000,33495,78,90,18.8,2026-04-30 13:00:00,9.06,500.0
1777572000,33495,80,86,8.1,2026-04-30 18:00:00,3.1773999999999996,17.652222222222218
1780369200,33495,100,93,16.3,2026-06-02 03:00:00,5.868200000000001,32.601111111111116
1780419600,33495,100,95,21.1,2026-06-02 17:00:00,8.431400000000004,46.84111111111113
1780398000,33495,100,99,70.0,2026-06-02 11:00:00,34.544000000000004,98.4051711026616
1778932800,33495,100,93,23.9,2026-05-16 12:00:00,9.9266,52.54005323193917
1780866000,33495,100,91,5.4,2026-06-07 21:00:00,0.047600000000000975,0.26444444444444987
1779048000,33495,100,92,26.0,2026-05-17 20:00:00,11.048000000000002,54.62935361216731
1780048800,33495,100,97,9.6,2026-05-29 10:00:00,2.290400000000001,12.72444444444445
1780131600,33495,100,97,9.8,2026-05-30 09:00:00,2.3972000000000016,13.317777777777787
1779080400,33495,100,95,24.9,2026-05-18 05:00:00,10.4606,53.53495817490494
1778572800,33495,97,95,29.3,2026-05-12 08:00:00,13.063400000000001,58.3842813688213
1778817600,33495,100,91,28.5,2026-05-15 04:00:00,12.383000000000003,57.11661596958176
1779411600,33495,100,92,16.9,2026-05-22 01:00:00,6.1886,34.38111111111111
1779415200,33495,100,91,12.1,2026-05-22 02:00:00,3.625400000000001,20.141111111111115
1779429600,33495,100,95,4.7,2026-05-22 06:00:00,0.0,0.0
1781607600,33495,100,98,22.7,2026-06-16 11:00:00,9.285800000000002,51.34616730038023
1780462800,33495,100,95,14.7,2026-06-03 05:00:00,5.013800000000001,27.854444444444447
1779696000,33495,100,96,12.8,2026-05-25 08:00:00,3.999200000000001,22.217777777777783
1781470800,33495,100,90,21.7,2026-06-14 21:00:00,8.7518,48.621111111111105
1779660000,33495,100,91,17.5,2026-05-24 22:00:00,6.509000000000001,36.16111111111112
1779642000,33495,100,91,15.8,2026-05-24 17:00:00,5.601200000000001,31.117777777777786
1778256000,33495,97,92,6.1,2026-05-08 16:00:00,0.6746000000000008,3.747777777777782
1781218800,33495,100,90,2.2,2026-06-11 23:00:00,0.0,0.0
1780884000,33495,100,91,9.1,2026-06-08 02:00:00,2.0234000000000005,11.241111111111113
1780880400,33495,100,90,8.8,2026-06-08 01:00:00,1.8632000000000009,10.351111111111116
1781294400,33495,100,89,13.5,2026-06-12 20:00:00,4.373000000000001,24.29444444444445
1780981200,33495,100,94,6.3,2026-06-09 05:00:00,0.5282000000000009,2.9344444444444493
1779577200,33495,100,91,10.9,2026-05-23 23:00:00,2.9846000000000013,16.581111111111117
1779559200,33495,100,92,27.4,2026-05-23 18:00:00,11.7956,56.022220532319395
1779940800,33495,100,93,13.5,2026-05-28 04:00:00,4.373000000000001,24.29444444444445
1779984000,33495,100,94,24.7,2026-05-28 16:00:00,10.3538,53.33597718631179
1779958800,33495,100,97,11.5,2026-05-28 09:00:00,3.3050000000000006,18.361111111111114
1780542000,33495,100,93,5.4,2026-06-04 03:00:00,0.047600000000000975,0.26444444444444987
1780610400,33495,100,91,0.9,2026-06-04 22:00:00,0.0,0.0
1779829200,33495,100,93,9.6,2026-05-26 21:00:00,2.290400000000001,12.72444444444445
1779807600,33495,100,95,34.7,2026-05-26 15:00:00,15.693800000000003,63.285026615969585
1779328800,33495,100,93,17.8,2026-05-21 02:00:00,6.669200000000001,37.05111111111111
1779364800,33495,100,96,6.5,2026-05-21 12:00:00,0.6350000000000007,3.5277777777777812
1777690800,33495,74,88,32.2,2026-05-02 03:00:00,16.5532,64.88619011406844
1777759200,33495,69,87,12.2,2026-05-02 22:00:00,6.2952,34.973333333333336
1777788000,33495,89,90,32.2,2026-05-03 06:00:00,15.287199999999999,62.52748288973384
1777827600,33495,70,89,36.1,2026-05-03 17:00:00,18.973399999999998,69.39530798479088
1777838400,33495,71,88,26.6,2026-05-03 20:00:00,13.816000000000003,59.786463878327
1778472000,33495,53,89,14.2,2026-05-11 04:00:00,8.7136,48.40888888888888
1780275600,33495,100,92,20.2,2026-06-01 01:00:00,7.9508,44.17111111111111
1780293600,33495,100,97,5.6,2026-06-01 06:00:00,0.15440000000000076,0.857777777777782
1778788800,33495,100,89,13.0,2026-05-14 20:00:00,4.106000000000001,22.811111111111114
1780722000,33495,100,93,9.1,2026-06-06 05:00:00,2.0234000000000005,11.241111111111113
1780776000,33495,100,91,1.9,2026-06-06 20:00:00,0.0,0.0
1777978800,33495,83,90,23.8,2026-05-05 11:00:00,11.308,55.113764258555136
1779260400,33495,100,95,6.7,2026-05-20 07:00:00,0.7418000000000005,4.121111111111113
1781784000,33495,100,93,23.0,2026-06-18 12:00:00,9.446000000000002,51.64463878326997
1781056800,33495,100,92,7.8,2026-06-10 02:00:00,1.329200000000001,7.38444444444445
1778706000,33495,100,90,29.6,2026-05-13 21:00:00,12.970400000000001,58.21101140684411
1777888800,33495,90,92,33.9,2026-05-04 10:00:00,16.110599999999998,64.06157414448668
1777892400,33495,93,91,36.0,2026-05-04 11:00:00,16.9788,65.67913307984792
1777878000,33495,99,92,20.7,2026-05-04 07:00:00,8.3022,46.12333333333333
1780689600,33495,100,91,4.6,2026-06-05 20:00:00,0.0,0.0
1780700400,33495,100,91,4.4,2026-06-05 23:00:00,0.0,0.0
1781344800,33495,100,92,7.7,2026-06-13 10:00:00,1.2758000000000012,7.0877777777777835
1781521200,33495,100,95,15.3,2026-06-15 11:00:00,5.334200000000002,29.634444444444455
1781553600,33495,100,92,27.1,2026-06-15 20:00:00,11.6354,55.72374904942966
1781514000,33495,100,94,16.0,2026-06-15 09:00:00,5.708000000000001,31.711111111111116
1781974800,33495,100,93,48.9,2026-06-20 17:00:00,23.276600000000002,77.41267680608365
1780437600,33495,100,93,1.9,2026-06-02 22:00:00,0.0,0.0
1780380000,33495,100,97,11.9,2026-06-02 06:00:00,3.518600000000001,19.54777777777778
1780405200,33495,100,97,57.4,2026-06-02 13:00:00,27.815600000000003,85.86936882129278
1778968800,33495,100,90,24.3,2026-05-16 22:00:00,10.1402,52.938015209125474
1778904000,33495,100,91,39.4,2026-05-16 04:00:00,18.2036,67.96107984790875
1778929200,33495,100,93,22.1,2026-05-16 11:00:00,8.965400000000002,49.80777777777779
1780869600,33495,100,90,8.1,2026-06-07 22:00:00,1.4894000000000007,8.274444444444448
1781737200,33495,100,92,11.0,2026-06-17 23:00:00,3.038000000000001,16.877777777777784
1779037200,33495,100,93,46.2,2026-05-17 17:00:00,21.8348,74.72643346007605
1778994000,33495,100,92,14.3,2026-05-17 05:00:00,4.800200000000001,26.667777777777783
1778990400,33495,100,92,18.8,2026-05-17 04:00:00,7.203200000000002,40.01777777777779
1780088400,33495,100,92,13.8,2026-05-29 21:00:00,4.533200000000002,25.184444444444452
1779062400,33495,100,91,26.2,2026-05-18 00:00:00,11.154800000000002,54.82833460076046
1778583600,33495,89,93,35.1,2026-05-12 11:00:00,16.8358,65.4127072243346
1778882400,33495,100,89,21.8,2026-05-15 22:00:00,8.805200000000003,48.91777777777779
1777669200,33495,67,87,12.4,2026-05-01 21:00:00,6.570800000000001,36.50444444444445
1779469200,33495,100,92,18.0,2026-05-22 17:00:00,6.776000000000001,37.644444444444446
1781568000,33495,100,92,22.1,2026-06-16 00:00:00,8.965400000000002,49.80777777777779
1781596800,33495,100,95,24.0,2026-06-16 08:00:00,9.98,52.63954372623574
1781416800,33495,100,91,16.5,2026-06-14 06:00:00,5.9750000000000005,33.19444444444444
1781431200,33495,100,95,12.9,2026-06-14 10:00:00,4.052600000000001,22.514444444444447
1781413200,33495,100,90,15.9,2026-06-14 05:00:00,5.654600000000001,31.41444444444445
1779634800,33495,100,93,24.6,2026-05-24 15:00:00,10.300400000000003,53.23648669201522
1779588000,33495,100,92,25.2,2026-05-24 02:00:00,10.620800000000003,53.83342965779468
1778238000,33495,84,94,14.7,2026-05-08 11:00:00,6.3642,35.35666666666667
1781197200,33495,100,91,11.0,2026-06-11 17:00:00,3.038000000000001,16.877777777777784
1781236800,33495,100,92,10.3,2026-06-12 04:00:00,2.664200000000001,14.801111111111116
1781269200,33495,100,91,15.5,2026-06-12 13:00:00,5.441000000000002,30.227777777777785
1781262000,33495,100,89,3.7,2026-06-12 11:00:00,0.0,0.0
1781042400,33495,100,92,5.0,2026-06-09 22:00:00,0.0,0.0
1780963200,33495,100,91,4.6,2026-06-09 00:00:00,0.0,0.0
1780984800,33495,100,94,4.6,2026-06-09 06:00:00,0.0,0.0
1779494400,33495,100,91,14.3,2026-05-23 00:00:00,4.800200000000001,26.667777777777783
1779962400,33495,100,98,9.2,2026-05-28 10:00:00,2.0768000000000004,11.53777777777778
1779976800,33495,100,94,18.1,2026-05-28 14:00:00,6.829400000000002,37.94111111111112
1780009200,33495,100,92,5.8,2026-05-28 23:00:00,0.26120000000000054,1.4511111111111141
1780585200,33495,100,92,7.1,2026-06-04 15:00:00,0.9554,5.307777777777778
1780560000,33495,100,94,2.9,2026-06-04 08:00:00,0.0,0.0
1779782400,33495,100,97,2.5,2026-05-26 08:00:00,0.0,0.0
1779775200,33495,100,94,3.9,2026-05-26 06:00:00,0.0,0.0
1779771600,33495,100,94,7.6,2026-05-26 05:00:00,1.2224000000000004,6.791111111111113
1779393600,33495,100,93,5.4,2026-05-21 20:00:00,0.047600000000000975,0.26444444444444987
1781848800,33495,100,95,13.7,2026-06-19 06:00:00,4.479800000000001,24.88777777777778
1781863200,33495,100,93,19.2,2026-06-19 10:00:00,7.416800000000001,41.20444444444445
1777694400,33495,81,88,19.8,2026-05-02 04:00:00,9.340800000000002,51.44863878326996
1777705200,33495,86,90,6.6,2026-05-02 07:00:00,1.87,10.38888888888889
1777737600,33495,73,89,23.6,2026-05-02 16:00:00,12.045200000000001,56.48725475285171
1777784400,33495,89,89,12.5,2026-05-03 05:00:00,4.7674,26.485555555555557
1777766400,33495,68,87,15.4,2026-05-03 00:00:00,8.0884,44.93555555555555
1780261200,33495,100,92,9.3,2026-05-31 21:00:00,2.130200000000001,11.83444444444445
1780246800,33495,100,94,14.4,2026-05-31 17:00:00,4.853600000000001,26.96444444444445
1780297200,33495,100,97,9.4,2026-06-01 07:00:00,2.183600000000001,12.131111111111117
1778292000,33495,92,91,32.3,2026-05-09 02:00:00,15.087399999999999,62.1552319391635
1780732800,33495,100,94,6.6,2026-06-06 08:00:00,0.6884000000000006,3.8244444444444476
1777960800,33495,90,90,12.5,2026-05-05 06:00:00,4.683000000000001,26.01666666666667
1779307200,33495,100,93,13.0,2026-05-20 20:00:00,4.106000000000001,22.811111111111114
1781755200,33495,100,93,15.0,2026-06-18 04:00:00,5.174,28.744444444444447
1781773200,33495,100,94,11.3,2026-06-18 09:00:00,3.1982000000000017,17.767777777777788
1781805600,33495,100,91,25.0,2026-06-18 18:00:00,10.514000000000003,53.634448669201525
1779879600,33495,100,96,14.1,2026-05-27 11:00:00,4.6934000000000005,26.074444444444445
1779901200,33495,100,94,40.6,2026-05-27 17:00:00,18.844400000000004,69.15496577946769
1779148800,33495,100,92,14.7,2026-05-19 00:00:00,5.013800000000001,27.854444444444447
1779210000,33495,100,94,16.3,2026-05-19 17:00:00,5.868200000000001,32.601111111111116
1779170400,33495,100,95,6.1,2026-05-19 06:00:00,0.4214000000000011,2.3411111111111174
1778702400,33495,100,90,31.8,2026-05-13 20:00:00,14.145200000000003,60.39980228136883
1778662800,33495,100,92,23.5,2026-05-13 09:00:00,9.713000000000001,52.142091254752856
1778032800,33495,59,87,50.4,2026-05-06 02:00:00,27.538,85.35216730038024
1777903200,33495,81,90,30.0,2026-05-04 14:00:00,14.787599999999998,61.59666920152091
1780639200,33495,100,94,7.2,2026-06-05 06:00:00,1.0088000000000008,5.604444444444448
1780693200,33495,100,91,3.5,2026-06-05 21:00:00,0.0,0.0
1781377200,33495,100,89,25.0,2026-06-13 19:00:00,10.514000000000003,53.634448669201525
1781337600,33495,100,92,6.6,2026-06-13 08:00:00,0.6884000000000006,3.8244444444444476
1781557200,33495,100,92,21.0,2026-06-15 21:00:00,8.378,46.544444444444444
1781503200,33495,100,94,24.3,2026-06-15 06:00:00,10.1402,52.938015209125474
1781546400,33495,100,93,35.6,2026-06-15 18:00:00,16.174400000000002,64.18044106463879
1781942400,33495,100,93,21.4,2026-06-20 08:00:00,8.5916,47.731111111111105
1777557600,33495,81,89,16.6,2026-04-30 14:00:00,7.6320000000000014,42.400000000000006
1777586400,33495,75,86,8.1,2026-04-30 22:00:00,3.5994,19.996666666666666
1780390800,33495,99,100,9.6,2026-06-02 09:00:00,2.3747999999999996,13.19333333333333
1778918400,33495,100,93,13.1,2026-05-16 08:00:00,4.159400000000001,23.10777777777778
1778950800,33495,100,91,41.2,2026-05-16 17:00:00,19.164800000000003,69.75190874524716
1780848000,33495,100,91,18.7,2026-06-07 16:00:00,7.1498,39.72111111111111
1780851600,33495,100,91,8.8,2026-06-07 17:00:00,1.8632000000000009,10.351111111111116
1781701200,33495,100,95,23.4,2026-06-17 13:00:00,9.659600000000001,52.042600760456274
1781715600,33495,100,94,26.9,2026-06-17 17:00:00,11.5286,55.52476806083651
1779040800,33495,100,92,36.3,2026-05-17 18:00:00,16.5482,64.87687452471484
1779087600,33495,100,98,37.5,2026-05-18 07:00:00,17.189000000000004,66.07076045627377
1779084000,33495,100,96,23.0,2026-05-18 06:00:00,9.446000000000002,51.64463878326997
1778576400,33495,90,94,28.9,2026-05-12 09:00:00,13.4406,59.087049429657796
1778587200,33495,89,93,41.5,2026-05-12 12:00:00,20.2534,71.78009885931559
1778608800,33495,97,91,36.0,2026-05-12 18:00:00,16.6412,65.05014448669202
1778878800,33495,100,90,21.4,2026-05-15 21:00:00,8.5916,47.731111111111105
1777593600,33495,75,85,10.9,2026-05-01 00:00:00,5.094600000000001,28.303333333333335
1779732000,33495,100,92,10.7,2026-05-25 18:00:00,2.8778000000000006,15.987777777777781
1779746400,33495,100,91,2.2,2026-05-25 22:00:00,0.0,0.0
1781478000,33495,100,90,18.3,2026-06-14 23:00:00,6.936200000000002,38.53444444444445
1781460000,33495,100,91,37.0,2026-06-14 18:00:00,16.922000000000004,65.57330798479089
1781154000,33495,100,94,8.2,2026-06-11 05:00:00,1.5428000000000006,8.571111111111113
1781186400,33495,100,92,8.1,2026-06-11 14:00:00,1.4894000000000007,8.274444444444448
1780956000,33495,100,91,3.7,2026-06-08 22:00:00,0.0,0.0
1780912800,33495,100,93,6.0,2026-06-08 10:00:00,0.3680000000000012,2.044444444444451
1780948800,33495,100,92,2.9,2026-06-08 20:00:00,0.0,0.0
1781272800,33495,100,91,23.8,2026-06-12 14:00:00,9.8732,52.44056273764259
1781017200,33495,100,93,6.6,2026-06-09 15:00:00,0.6884000000000006,3.8244444444444476
1780970400,33495,100,92,5.8,2026-06-09 02:00:00,0.26120000000000054,1.4511111111111141
1779505200,33495,100,92,31.3,2026-05-23 03:00:00,13.878200000000003,59.90234980988594
1779948000,33495,100,95,10.3,2026-05-28 06:00:00,2.664200000000001,14.801111111111116
1780570800,33495,100,94,3.8,2026-06-04 11:00:00,0.0,0.0
1779325200,33495,100,92,17.9,2026-05-21 01:00:00,6.722600000000001,37.34777777777778
1779400800,33495,100,93,1.8,2026-05-21 22:00:00,0.0,0.0
1777726800,33495,81,90,22.6,2026-05-02 13:00:00,10.836000000000002,54.234372623574146
1777834800,33495,70,89,31.3,2026-05-03 19:00:00,16.4102,64.61976425855514
1780250400,33495,100,94,13.4,2026-05-31 18:00:00,4.319600000000001,23.997777777777785
1778482800,33495,86,93,17.5,2026-05-11 07:00:00,7.690600000000001,42.72555555555556
1778475600,33495,88,93,13.7,2026-05-11 05:00:00,5.4926,30.514444444444447
1778796000,33495,100,89,11.4,2026-05-14 22:00:00,3.2516000000000007,18.064444444444447
1780743600,33495,100,96,7.9,2026-06-06 11:00:00,1.382600000000001,7.681111111111116
1780783200,33495,100,91,1.7,2026-06-06 22:00:00,0.0,0.0
1780704000,33495,100,91,4.0,2026-06-06 00:00:00,0.0,0.0
1779264000,33495,100,95,4.1,2026-05-20 08:00:00,0.0,0.0
1779296400,33495,100,93,24.7,2026-05-20 17:00:00,10.3538,53.33597718631179
1779858000,33495,100,94,9.4,2026-05-27 05:00:00,2.183600000000001,12.131111111111117
1779872400,33495,100,96,8.2,2026-05-27 09:00:00,1.5428000000000006,8.571111111111113
1779886800,33495,100,95,20.9,2026-05-27 13:00:00,8.3246,46.24777777777778
1779195600,33495,100,96,31.0,2026-05-19 13:00:00,13.718000000000004,59.60387832699621
1778666400,33495,100,92,24.3,2026-05-13 10:00:00,10.1402,52.938015209125474
1777870800,33495,94,90,19.3,2026-05-04 05:00:00,7.9766,44.31444444444445
1781373600,33495,100,89,31.4,2026-06-13 18:00:00,13.931600000000003,60.001840304182515
1781370000,33495,100,90,34.1,2026-06-13 17:00:00,15.373400000000004,62.68808365019012
1781323200,33495,100,90,6.9,2026-06-13 04:00:00,0.8486000000000011,4.71444444444445
1781971200,33495,100,93,52.1,2026-06-20 16:00:00,24.9854,80.59637262357414
1781960400,33495,100,95,50.1,2026-06-20 13:00:00,23.9174,78.60656273764259
1777521600,33495,100,90,11.1,2026-04-30 04:00:00,3.091400000000001,17.17444444444445
1780426800,33495,100,94,9.5,2026-06-02 19:00:00,2.237000000000001,12.427777777777782
1780387200,33495,100,98,10.6,2026-06-02 08:00:00,2.8244000000000007,15.691111111111114
1780408800,33495,100,96,35.5,2026-06-02 14:00:00,16.121000000000002,64.08095057034221
1778954400,33495,100,91,39.3,2026-05-16 18:00:00,18.1502,67.86158935361217
1780812000,33495,100,93,5.3,2026-06-07 06:00:00,0.0,0.0
1780826400,33495,100,96,5.8,2026-06-07 10:00:00,0.26120000000000054,1.4511111111111141
1780837200,33495,100,92,6.3,2026-06-07 13:00:00,0.5282000000000009,2.9344444444444493
1778997600,33495,100,93,15.1,2026-05-17 06:00:00,5.2274,29.04111111111111
1780128000,33495,100,96,13.7,2026-05-30 08:00:00,4.479800000000001,24.88777777777778
1778598000,33495,93,92,47.1,2026-05-12 15:00:00,22.906200000000002,76.72257794676807
1778554800,33495,52,89,43.6,2026-05-12 03:00:00,24.497600000000002,79.68754372623575
1778626800,33495,97,91,30.2,2026-05-12 23:00:00,13.544,59.2796958174905
1778605200,33495,96,91,38.3,2026-05-12 17:00:00,17.9538,67.49567300380228
1778828400,33495,100,93,20.9,2026-05-15 07:00:00,8.3246,46.24777777777778
1778846400,33495,100,91,19.3,2026-05-15 12:00:00,7.470200000000001,41.501111111111115
1778821200,33495,100,91,19.9,2026-05-15 05:00:00,7.7906,43.28111111111111
1778864400,33495,100,91,33.2,2026-05-15 17:00:00,14.892800000000005,61.79266920152092
1777107600,33495,95,88,1.8,2026-04-25 09:00:00,0.0,0.0
1777618800,33495,82,90,5.6,2026-05-01 07:00:00,1.6736000000000004,9.29777777777778
1777644000,33495,68,89,12.7,2026-05-01 14:00:00,6.646599999999999,36.92555555555555
1781589600,33495,100,93,21.7,2026-06-16 06:00:00,8.7518,48.621111111111105
1780477200,33495,100,97,14.7,2026-06-03 09:00:00,5.013800000000001,27.854444444444447
1780495200,33495,100,94,5.8,2026-06-03 14:00:00,0.26120000000000054,1.4511111111111141
1781452800,33495,100,92,43.0,2026-06-14 16:00:00,20.126,71.54273764258556
1781420400,33495,100,92,16.6,2026-06-14 07:00:00,6.028400000000002,33.491111111111124
1779598800,33495,100,92,15.2,2026-05-24 05:00:00,5.2808,29.337777777777777
1779631200,33495,100,93,25.4,2026-05-24 14:00:00,10.727599999999999,54.03241064638783
1779663600,33495,100,91,13.6,2026-05-24 23:00:00,4.426400000000001,24.591111111111115
1778259600,33495,97,92,6.6,2026-05-08 17:00:00,0.9416000000000002,5.231111111111112
1781283600,33495,100,90,20.8,2026-06-12 17:00:00,8.2712,45.95111111111111
1780966800,33495,100,91,6.0,2026-06-09 01:00:00,0.3680000000000012,2.044444444444451
1780974000,33495,100,92,7.4,2026-06-09 03:00:00,1.1156000000000015,6.197777777777786
1781010000,33495,100,94,12.3,2026-06-09 13:00:00,3.7322000000000015,20.734444444444453
1779498000,33495,100,91,20.5,2026-05-23 01:00:00,8.111,45.06111111111111
1779998400,33495,100,92,13.9,2026-05-28 20:00:00,4.586600000000002,25.48111111111112
1779926400,33495,100,92,30.0,2026-05-28 00:00:00,13.184000000000001,58.60897338403042
1780588800,33495,100,92,5.7,2026-06-04 16:00:00,0.20780000000000065,1.154444444444448
1780606800,33495,100,91,0.5,2026-06-04 21:00:00,0.0,0.0
1779832800,33495,100,93,10.8,2026-05-26 22:00:00,2.9312000000000014,16.28444444444445
1779336000,33495,100,94,7.5,2026-05-21 04:00:00,1.1690000000000005,6.494444444444447
1781910000,33495,100,89,22.3,2026-06-19 23:00:00,9.072200000000002,500.0
1781902800,33495,100,90,28.0,2026-06-19 21:00:00,12.116000000000003,56.619163498098864
1781892000,33495,100,91,43.8,2026-06-19 18:00:00,20.5532,72.33866159695818
1781827200,33495,100,90,16.2,2026-06-19 00:00:00,5.814800000000001,32.30444444444445
1781884800,33495,100,93,49.3,2026-06-19 16:00:00,23.4902,77.81063878326997
1777842000,33495,73,88,21.9,2026-05-03 21:00:00,11.1374,54.795916349809886
1780210800,33495,100,96,13.0,2026-05-31 07:00:00,4.106000000000001,22.811111111111114
1780200000,33495,100,93,15.0,2026-05-31 04:00:00,5.174,28.744444444444447
1780257600,33495,100,93,10.2,2026-05-31 20:00:00,2.6108000000000002,14.504444444444445
1780282800,33495,100,93,16.3,2026-06-01 03:00:00,5.868200000000001,32.601111111111116
1780279200,33495,100,92,25.5,2026-06-01 02:00:00,10.781000000000002,54.13190114068442
1778306400,33495,100,94,16.4,2026-05-09 06:00:00,5.921600000000001,32.89777777777778
1778295600,33495,93,92,32.3,2026-05-09 03:00:00,15.003,61.997984790874526
1778299200,33495,98,92,18.6,2026-05-09 04:00:00,7.265200000000001,40.36222222222223
1780779600,33495,100,91,1.3,2026-06-06 21:00:00,0.0,0.0
1777982400,33495,79,89,30.5,2026-05-05 12:00:00,15.223400000000002,62.40861596958175
1779292800,33495,80,90,27.7,2026-05-20 16:00:00,13.643799999999999,59.4656349809886
1779310800,33495,100,93,10.4,2026-05-20 21:00:00,2.717600000000001,15.097777777777782
1781823600,33495,100,90,13.1,2026-06-18 23:00:00,4.159400000000001,23.10777777777778
1781791200,33495,100,93,31.2,2026-06-18 14:00:00,13.824800000000003,59.80285931558936
1781769600,33495,100,94,13.3,2026-06-18 08:00:00,4.266200000000001,23.701111111111118
1781809200,33495,100,91,17.8,2026-06-18 19:00:00,6.669200000000001,37.05111111111111
1779865200,33495,100,95,12.9,2026-05-27 07:00:00,4.052600000000001,22.514444444444447
1779206400,33495,100,94,27.0,2026-05-19 16:00:00,11.582,55.62425855513308
1779224400,33495,100,93,6.3,2026-05-19 21:00:00,0.5282000000000009,2.9344444444444493
1778698800,33495,100,90,35.0,2026-05-13 19:00:00,15.854000000000003,63.58349809885932
1777921200,33495,77,88,19.7,2026-05-04 19:00:00,9.625,51.97813688212928
1777896000,33495,98,92,41.6,2026-05-04 12:00:00,19.5472,70.46436501901141
1777935600,33495,78,87,16.3,2026-05-04 23:00:00,7.725,42.916666666666664
1781366400,33495,100,90,28.1,2026-06-13 16:00:00,12.169400000000003,56.718653992395446
1781352000,33495,100,91,12.0,2026-06-13 12:00:00,3.572000000000001,19.84444444444445
1781485200,33495,100,89,33.3,2026-06-15 01:00:00,14.946200000000001,61.8921596958175
1781496000,33495,100,92,24.2,2026-06-15 04:00:00,10.0868,52.8385247148289
1777546800,33495,69,90,13.2,2026-04-30 11:00:00,6.8292,37.94
1780441200,33495,100,93,2.0,2026-06-02 23:00:00,0.0,0.0
1780372800,33495,100,95,16.2,2026-06-02 04:00:00,5.814800000000001,32.30444444444445
1778965200,33495,100,90,26.0,2026-05-16 21:00:00,11.048000000000002,54.62935361216731
1781726400,33495,100,93,20.4,2026-06-17 20:00:00,8.0576,44.76444444444445
1781730000,33495,100,93,19.2,2026-06-17 21:00:00,7.416800000000001,41.20444444444445
1779012000,33495,100,97,20.0,2026-05-17 10:00:00,7.844,43.577777777777776
1779008400,33495,100,96,17.3,2026-05-17 09:00:00,6.4022000000000014,35.567777777777785
1780081200,33495,100,92,25.8,2026-05-29 19:00:00,10.941200000000002,54.43037262357415
1780030800,33495,100,95,9.0,2026-05-29 05:00:00,1.9700000000000006,10.944444444444448
1780074000,33495,100,93,34.8,2026-05-29 17:00:00,15.7472,63.38451711026616
1780052400,33495,100,97,9.8,2026-05-29 11:00:00,2.3972000000000016,13.317777777777787
1780023600,33495,100,93,15.2,2026-05-29 03:00:00,5.2808,29.337777777777777
1779112800,33495,100,95,32.1,2026-05-18 14:00:00,14.305400000000002,60.69827376425856
1778558400,33495,80,92,43.9,2026-05-12 04:00:00,22.294600000000003,75.58309505703423
1778835600,33495,100,93,23.5,2026-05-15 09:00:00,9.713000000000001,52.142091254752856
1777665600,33495,66,88,15.2,2026-05-01 20:00:00,8.1504,45.279999999999994
1777658400,33495,66,88,19.4,2026-05-01 18:00:00,10.3932,53.40938403041825
1777647600,33495,68,89,12.1,2026-05-01 15:00:00,6.3262,35.14555555555555
1779458400,33495,100,93,34.4,2026-05-22 14:00:00,15.533600000000003,62.986555133079854
1779436800,33495,100,94,2.3,2026-05-22 08:00:00,0.0,0.0
1781611200,33495,100,97,28.0,2026-06-16 12:00:00,12.116000000000003,56.619163498098864
1781640000,33495,100,93,32.6,2026-06-16 20:00:00,14.572400000000002,61.195726235741446
1781582400,33495,100,91,23.9,2026-06-16 04:00:00,9.9266,52.54005323193917
1780466400,33495,100,95,12.4,2026-06-03 06:00:00,3.7856000000000014,21.03111111111112
1780480800,33495,100,98,12.0,2026-06-03 10:00:00,3.572000000000001,19.84444444444445
1779706800,33495,100,96,9.7,2026-05-25 11:00:00,2.3438000000000008,13.021111111111114
1779602400,33495,100,93,14.9,2026-05-24 06:00:00,5.120600000000001,28.447777777777784
1778281200,33495,97,91,10.5,2026-05-08 23:00:00,3.0242000000000004,16.801111111111112
1781168400,33495,100,94,12.4,2026-06-11 09:00:00,3.7856000000000014,21.03111111111112
1781298000,33495,100,89,6.6,2026-06-12 21:00:00,0.6884000000000006,3.8244444444444476
1781046000,33495,100,92,6.4,2026-06-09 23:00:00,0.5816000000000008,3.2311111111111153
1781024400,33495,100,93,5.8,2026-06-09 17:00:00,0.26120000000000054,1.4511111111111141
1779562800,33495,100,91,21.2,2026-05-23 19:00:00,8.4848,47.13777777777778
1780563600,33495,100,94,2.0,2026-06-04 09:00:00,0.0,0.0
1780538400,33495,100,92,4.5,2026-06-04 02:00:00,0.0,0.0
1779361200,33495,100,96,8.0,2026-05-21 11:00:00,1.4360000000000008,7.977777777777782
1781852400,33495,100,94,18.9,2026-06-19 07:00:00,7.2566,40.31444444444444
1781877600,33495,100,94,60.4,2026-06-19 14:00:00,29.4176,88.85408365019012
1780192800,33495,100,91,19.9,2026-05-31 02:00:00,7.7906,43.28111111111111
1780221600,33495,100,102,12.4,2026-05-31 10:00:00,3.7856000000000014,21.03111111111112
1778763600,33495,100,90,34.0,2026-05-14 13:00:00,15.320000000000004,62.58859315589355
1778731200,33495,100,92,33.5,2026-05-14 04:00:00,15.053,62.09114068441065
1780758000,33495,100,92,6.8,2026-06-06 15:00:00,0.7952000000000004,4.417777777777779
1780725600,33495,100,93,9.1,2026-06-06 06:00:00,2.0234000000000005,11.241111111111113
1777989600,33495,70,89,43.4,2026-05-05 14:00:00,22.871599999999997,76.65811406844107
1778011200,33495,65,88,37.2,2026-05-05 20:00:00,19.9828,71.2759391634981
1777964400,33495,83,89,12.9,2026-05-05 07:00:00,5.4874,30.485555555555553
1779267600,33495,100,95,5.5,2026-05-20 09:00:00,0.10100000000000087,0.5611111111111159
1781064000,33495,100,94,8.2,2026-06-10 04:00:00,1.5428000000000006,8.571111111111113
1779922800,33495,100,92,26.8,2026-05-27 23:00:00,11.475200000000001,55.425277566539926
1779847200,33495,100,93,18.9,2026-05-27 02:00:00,7.2566,40.31444444444444
1779854400,33495,100,94,13.7,2026-05-27 04:00:00,4.479800000000001,24.88777777777778
1779220800,33495,100,93,8.3,2026-05-19 20:00:00,1.5962000000000014,8.867777777777786
1779181200,33495,100,97,5.9,2026-05-19 09:00:00,0.3146000000000013,1.747777777777785
1778648400,33495,100,92,10.6,2026-05-13 05:00:00,2.8244000000000007,15.691111111111114
1778691600,33495,100,90,43.6,2026-05-13 17:00:00,20.446400000000004,72.13968060836503
1778695200,33495,100,90,40.0,2026-05-13 18:00:00,18.524,68.55802281368821
1778713200,33495,100,89,28.8,2026-05-13 23:00:00,12.543200000000002,57.41508745247149
1778673600,33495,100,92,35.8,2026-05-13 12:00:00,16.281200000000002,64.37942205323195
1777863600,33495,74,88,26.3,2026-05-04 03:00:00,13.402600000000001,59.016250950570345
1777924800,33495,78,88,16.7,2026-05-04 20:00:00,7.938599999999999,44.103333333333325
1781388000,33495,100,88,10.1,2026-06-13 22:00:00,2.5574000000000003,14.207777777777778
1781532000,33495,100,94,33.8,2026-06-15 14:00:00,15.2132,62.389612167300385
1781535600,33495,100,94,39.4,2026-06-15 15:00:00,18.2036,67.96107984790875
1781488800,33495,100,89,37.0,2026-06-15 02:00:00,16.922000000000004,65.57330798479089
1780358400,33495,100,92,18.0,2026-06-02 00:00:00,6.776000000000001,37.644444444444446
1778900400,33495,100,90,40.6,2026-05-16 03:00:00,18.844400000000004,69.15496577946769
1778893200,33495,100,89,31.6,2026-05-16 01:00:00,14.038400000000003,60.20082129277567
1780794000,33495,100,91,5.0,2026-06-07 01:00:00,0.0,0.0
1781712000,33495,100,94,27.0,2026-06-17 16:00:00,11.582,55.62425855513308
1779019200,33495,100,95,20.9,2026-05-17 12:00:00,8.3246,46.24777777777778
1779058800,33495,100,91,21.7,2026-05-17 23:00:00,8.7518,48.621111111111105
1779051600,33495,100,91,23.1,2026-05-17 21:00:00,9.499400000000001,51.74412927756654
1780084800,33495,100,92,20.8,2026-05-29 20:00:00,8.2712,45.95111111111111
1780045200,33495,100,97,11.2,2026-05-29 09:00:00,3.144800000000001,17.471111111111117
1780016400,33495,100,92,13.4,2026-05-29 01:00:00,4.319600000000001,23.997777777777785
1780020000,33495,100,92,20.2,2026-05-29 02:00:00,7.9508,44.17111111111111
1780113600,33495,100,93,11.6,2026-05-30 04:00:00,3.3584000000000005,18.65777777777778
1780099200,33495,100,91,12.9,2026-05-30 00:00:00,4.052600000000001,22.514444444444447
1779120000,33495,100,95,35.9,2026-05-18 16:00:00,16.334600000000002,64.47891254752852
1779130800,33495,100,93,25.4,2026-05-18 19:00:00,10.727599999999999,54.03241064638783
1778565600,33495,88,94,32.6,2026-05-12 06:00:00,15.5852,63.082692015209126
1778590800,33495,90,92,42.6,2026-05-12 13:00:00,20.756400000000003,72.71724714828898
1778810400,33495,100,89,35.8,2026-05-15 02:00:00,16.281200000000002,64.37942205323195
1777600800,33495,67,86,22.0,2026-05-01 02:00:00,11.697200000000002,55.83888973384031
1779462000,33495,100,93,34.6,2026-05-22 15:00:00,15.640400000000003,63.18553612167301
1780459200,33495,100,93,9.5,2026-06-03 04:00:00,2.237000000000001,12.427777777777782
1779670800,33495,100,91,28.0,2026-05-25 01:00:00,12.116000000000003,56.619163498098864
1781402400,33495,100,89,27.2,2026-06-14 02:00:00,11.6888,55.82323954372624
1781438400,33495,100,93,14.0,2026-06-14 12:00:00,4.6400000000000015,25.777777777777786
1779652800,33495,100,91,12.0,2026-05-24 20:00:00,3.572000000000001,19.84444444444445
1780887600,33495,100,91,7.0,2026-06-08 03:00:00,0.902000000000001,5.011111111111116
1780898400,33495,100,94,9.6,2026-06-08 06:00:00,2.290400000000001,12.72444444444445
1781301600,33495,100,89,1.3,2026-06-12 22:00:00,0.0,0.0
1781254800,33495,100,93,8.6,2026-06-12 09:00:00,1.756400000000001,9.757777777777783
1780988400,33495,100,94,3.8,2026-06-09 07:00:00,0.0,0.0
1779544800,33495,100,93,38.3,2026-05-23 14:00:00,17.616200000000003,66.8666844106464
1779991200,33495,100,93,22.3,2026-05-28 18:00:00,9.072200000000002,500.0
1779969600,33495,100,95,9.0,2026-05-28 12:00:00,1.9700000000000006,10.944444444444448
1780534800,33495,100,92,5.1,2026-06-04 01:00:00,0.0,0.0
1780552800,33495,100,94,6.9,2026-06-04 06:00:00,0.8486000000000011,4.71444444444445
1779836400,33495,100,93,12.2,2026-05-26 23:00:00,3.6788000000000007,20.437777777777782
1779818400,33495,100,94,13.7,2026-05-26 18:00:00,4.479800000000001,24.88777777777778
1779789600,33495,100,98,4.8,2026-05-26 10:00:00,0.0,0.0
1779804000,33495,100,95,31.1,2026-05-26 14:00:00,13.771400000000003,59.703368821292784
1779764400,33495,100,93,12.9,2026-05-26 03:00:00,4.052600000000001,22.514444444444447
1779382800,33495,100,94,8.7,2026-05-21 17:00:00,1.8098,10.054444444444444
1779321600,33495,100,92,12.1,2026-05-21 00:00:00,3.625400000000001,20.141111111111115
1781845200,33495,100,93,10.7,2026-06-19 05:00:00,2.8778000000000006,15.987777777777781
1781859600,33495,100,93,18.2,2026-06-19 09:00:00,6.8828000000000005,38.23777777777778
1781856000,33495,100,92,17.6,2026-06-19 08:00:00,6.562400000000001,36.457777777777785
1777680000,33495,71,86,17.5,2026-05-02 00:00:00,8.956600000000002,49.7588888888889
1777770000,33495,68,87,24.5,2026-05-03 01:00:00,12.9478,58.16890494296578
1777813200,33495,76,91,29.6,2026-05-03 13:00:00,14.996000000000002,61.984942965779474
1780268400,33495,100,92,7.1,2026-05-31 23:00:00,0.9554,5.307777777777778
1780203600,33495,100,94,10.6,2026-05-31 05:00:00,2.8244000000000007,15.691111111111114
1778486400,33495,93,93,11.0,2026-05-11 08:00:00,3.6288,20.16
1780761600,33495,100,92,7.9,2026-06-06 16:00:00,1.382600000000001,7.681111111111116
1781110800,33495,100,93,7.2,2026-06-10 17:00:00,1.0088000000000008,5.604444444444448
1781096400,33495,100,93,13.5,2026-06-10 13:00:00,4.373000000000001,24.29444444444445
1781128800,33495,100,92,8.0,2026-06-10 22:00:00,1.4360000000000008,7.977777777777782
1781100000,33495,100,93,11.7,2026-06-10 14:00:00,3.4118000000000004,18.954444444444444
1779894000,33495,100,95,40.5,2026-05-27 15:00:00,18.791000000000004,69.05547528517111
1779156000,33495,100,93,10.7,2026-05-19 02:00:00,2.8778000000000006,15.987777777777781
1778677200,33495,100,92,45.3,2026-05-13 13:00:00,21.354200000000002,73.83101901140685
1780653600,33495,100,94,5.6,2026-06-05 10:00:00,0.15440000000000076,0.857777777777782
1781308800,33495,100,89,7.9,2026-06-13 00:00:00,1.382600000000001,7.681111111111116
1781564400,33495,100,92,18.7,2026-06-15 23:00:00,7.1498,39.72111111111111
1777590000,33495,75,86,9.6,2026-04-30 23:00:00,4.4004,24.44666666666667
1780394400,33495,99,100,52.3,2026-06-02 10:00:00,25.1766,80.95260076045628
1780434000,33495,100,94,3.0,2026-06-02 21:00:00,0.0,0.0
1778907600,33495,100,92,29.3,2026-05-16 05:00:00,12.810200000000002,57.91253992395438
1778925600,33495,100,95,18.9,2026-05-16 10:00:00,7.2566,40.31444444444444
1781654400,33495,100,92,30.7,2026-06-17 00:00:00,13.5578,59.305406844106464
1779015600,33495,100,95,20.4,2026-05-17 11:00:00,8.0576,44.76444444444445
1779026400,33495,100,94,47.8,2026-05-17 14:00:00,22.6892,76.31828136882129
1780038000,33495,100,96,10.7,2026-05-29 07:00:00,2.8778000000000006,15.987777777777781
1780156800,33495,100,94,37.2,2026-05-30 16:00:00,17.028800000000004,65.77228897338404
1780149600,33495,100,95,48.4,2026-05-30 14:00:00,23.0096,76.91522433460077
1779109200,33495,100,96,25.2,2026-05-18 13:00:00,10.620800000000003,53.83342965779468
1779105600,33495,100,96,23.9,2026-05-18 12:00:00,9.9266,52.54005323193917
1779094800,33495,100,97,28.5,2026-05-18 09:00:00,12.383000000000003,57.11661596958176
1779116400,33495,100,95,38.9,2026-05-18 15:00:00,17.936600000000002,67.46362737642586
1778580000,33495,89,93,32.1,2026-05-12 10:00:00,15.233799999999999,62.42799239543726
1777597200,33495,73,85,16.1,2026-05-01 01:00:00,8.0402,44.66777777777778
1777622400,33495,82,90,6.3,2026-05-01 08:00:00,2.0474000000000006,11.374444444444448
1777604400,33495,69,87,20.3,2026-05-01 03:00:00,10.620600000000001,53.83305703422054
1777672800,33495,67,87,14.1,2026-05-01 22:00:00,7.4786,41.547777777777775
1779408000,33495,100,92,8.4,2026-05-22 00:00:00,1.6496000000000013,9.16444444444445
1780527600,33495,100,92,3.0,2026-06-03 23:00:00,0.0,0.0
1779750000,33495,100,91,6.4,2026-05-25 23:00:00,0.5816000000000008,3.2311111111111153
1781442000,33495,100,92,19.5,2026-06-14 13:00:00,7.577000000000001,42.09444444444445
1781467200,33495,100,90,26.0,2026-06-14 20:00:00,11.048000000000002,54.62935361216731
1781215200,33495,100,90,1.5,2026-06-11 22:00:00,0.0,0.0
1781193600,33495,100,92,8.5,2026-06-11 16:00:00,1.7030000000000012,9.461111111111117
1781211600,33495,100,90,0.7,2026-06-11 21:00:00,0.0,0.0
1780945200,33495,100,92,3.2,2026-06-08 19:00:00,0.0,0.0
1780941600,33495,100,92,3.6,2026-06-08 18:00:00,0.0,0.0
1780894800,33495,100,93,8.4,2026-06-08 05:00:00,1.6496000000000013,9.16444444444445
1781258400,33495,100,91,2.9,2026-06-12 10:00:00,0.0,0.0
1780995600,33495,100,95,6.3,2026-06-09 09:00:00,0.5282000000000009,2.9344444444444493
1779537600,33495,100,94,8.1,2026-05-23 12:00:00,1.4894000000000007,8.274444444444448
1779548400,33495,100,93,41.2,2026-05-23 15:00:00,19.164800000000003,69.75190874524716
1779753600,33495,100,91,9.9,2026-05-26 00:00:00,2.4506000000000014,13.614444444444452
1781841600,33495,100,92,17.2,2026-06-19 04:00:00,6.3488000000000016,35.27111111111112
1781870400,33495,100,94,30.8,2026-06-19 12:00:00,13.611200000000004,59.404897338403046
1777816800,33495,74,90,35.2,2026-05-03 14:00:00,18.1552,67.87090494296578
1777802400,33495,99,92,23.0,2026-05-03 10:00:00,9.5304,51.801885931558935
1780264800,33495,100,92,6.9,2026-05-31 22:00:00,0.8486000000000011,4.71444444444445
1778479200,33495,96,94,14.6,2026-05-11 06:00:00,5.298000000000001,29.433333333333337
1780344000,33495,100,94,13.1,2026-06-01 20:00:00,4.159400000000001,23.10777777777778
1780318800,33495,100,98,24.2,2026-06-01 13:00:00,10.0868,52.8385247148289
1780272000,33495,100,92,9.1,2026-06-01 00:00:00,2.0234000000000005,11.241111111111113
1778720400,33495,100,90,39.7,2026-05-14 01:00:00,18.363800000000005,68.25955133079849
1778767200,33495,100,90,39.1,2026-05-14 14:00:00,18.043400000000002,67.66260836501903
1778742000,33495,100,91,10.0,2026-05-14 07:00:00,2.5040000000000004,13.911111111111113
1778760000,33495,100,90,18.2,2026-05-14 12:00:00,6.8828000000000005,38.23777777777778
1778799600,33495,100,88,12.8,2026-05-14 23:00:00,3.999200000000001,22.217777777777783
1780765200,33495,100,92,10.5,2026-06-06 17:00:00,2.771000000000001,15.394444444444447
1778018400,33495,63,87,35.2,2026-05-05 22:00:00,19.0836,69.60062357414449
1777993200,33495,70,89,47.3,2026-05-05 15:00:00,24.954199999999997,80.5382433460076
1781071200,33495,100,95,10.6,2026-06-10 06:00:00,2.8244000000000007,15.691111111111114
1781114400,33495,100,93,5.8,2026-06-10 18:00:00,0.26120000000000054,1.4511111111111141
1779850800,33495,100,93,16.2,2026-05-27 03:00:00,5.814800000000001,32.30444444444445
1779202800,33495,100,95,25.9,2026-05-19 15:00:00,10.994600000000002,54.529863117870725
1778684400,33495,100,91,46.7,2026-05-13 15:00:00,22.101800000000004,75.22388593155895
1780642800,33495,100,95,7.0,2026-06-05 07:00:00,0.902000000000001,5.011111111111116
1781330400,33495,100,91,5.2,2026-06-13 06:00:00,0.0,0.0
1781517600,33495,100,94,15.8,2026-06-15 10:00:00,5.601200000000001,31.117777777777786
1781524800,33495,100,95,18.7,2026-06-15 12:00:00,7.1498,39.72111111111111
1781949600,33495,99,97,20.4,2026-06-20 10:00:00,8.142,45.23333333333333
1781917200,33495,100,89,32.3,2026-06-20 01:00:00,14.412200000000002,60.897254752851715
1780430400,33495,100,94,4.8,2026-06-02 20:00:00,0.0,0.0
1780423200,33495,100,94,11.4,2026-06-02 18:00:00,3.2516000000000007,18.064444444444447
1778972400,33495,100,90,24.2,2026-05-16 23:00:00,10.0868,52.8385247148289
1780808400,33495,100,92,5.1,2026-06-07 05:00:00,0.0,0.0
1780819200,33495,100,93,10.4,2026-06-07 08:00:00,2.717600000000001,15.097777777777782
1780167600,33495,100,92,24.1,2026-05-30 19:00:00,10.0334,52.73903422053232
1780178400,33495,100,92,22.1,2026-05-30 22:00:00,8.965400000000002,49.80777777777779
1780138800,33495,97,98,9.5,2026-05-30 11:00:00,2.4902000000000006,13.834444444444447
1778814000,33495,100,90,34.7,2026-05-15 03:00:00,15.693800000000003,63.285026615969585
1778842800,33495,100,92,16.6,2026-05-15 11:00:00,6.028400000000002,33.491111111111124
1778803200,33495,100,88,18.3,2026-05-15 00:00:00,6.936200000000002,38.53444444444445
1779426000,33495,100,94,7.0,2026-05-22 05:00:00,0.902000000000001,5.011111111111116
1779667200,33495,100,91,18.6,2026-05-25 00:00:00,7.096400000000002,39.424444444444454
1779606000,33495,100,94,11.8,2026-05-24 07:00:00,3.465200000000001,19.25111111111112
1779645600,33495,100,91,17.1,2026-05-24 18:00:00,6.295400000000002,34.97444444444445
1778248800,33495,94,93,13.8,2026-05-08 14:00:00,5.039600000000001,27.99777777777778
1778274000,33495,96,91,9.0,2026-05-08 21:00:00,2.3076000000000008,12.820000000000004
1778241600,33495,96,94,18.0,2026-05-08 12:00:00,7.113600000000001,39.52
1781146800,33495,100,92,9.2,2026-06-11 03:00:00,2.0768000000000004,11.53777777777778
1781179200,33495,100,93,4.3,2026-06-11 12:00:00,0.0,0.0
1781204400,33495,100,91,9.8,2026-06-11 19:00:00,2.3972000000000016,13.317777777777787
1780938000,33495,100,92,4.6,2026-06-08 17:00:00,0.0,0.0
1780920000,33495,100,93,8.9,2026-06-08 12:00:00,1.9166000000000007,10.647777777777781
1781290800,33495,100,90,17.6,2026-06-12 19:00:00,6.562400000000001,36.457777777777785
1781276400,33495,100,90,22.6,2026-06-12 15:00:00,9.232400000000002,51.246676806083656
1780992000,33495,100,92,4.8,2026-06-09 08:00:00,0.0,0.0
1779552000,33495,100,92,38.4,2026-05-23 16:00:00,17.669600000000003,66.96617490494297
1779930000,33495,100,92,37.6,2026-05-28 01:00:00,17.242400000000004,66.17025095057035
1779955200,33495,100,96,11.6,2026-05-28 08:00:00,3.3584000000000005,18.65777777777778
1779372000,33495,100,95,10.7,2026-05-21 14:00:00,2.8778000000000006,15.987777777777781
1781834400,33495,100,91,33.6,2026-06-19 02:00:00,15.106400000000004,62.190631178707235
1777849200,33495,74,87,19.7,2026-05-03 23:00:00,9.8782,52.4498783269962
1780286400,33495,100,94,6.1,2026-06-01 04:00:00,0.4214000000000011,2.3411111111111174
1778749200,33495,100,91,10.8,2026-05-14 09:00:00,2.9312000000000014,16.28444444444445
1778716800,33495,100,89,31.0,2026-05-14 00:00:00,13.718000000000004,59.60387832699621
1778792400,33495,100,89,11.3,2026-05-14 21:00:00,3.1982000000000017,17.767777777777788
1780714800,33495,100,91,5.2,2026-06-06 03:00:00,0.0,0.0
1780740000,33495,100,95,7.5,2026-06-06 10:00:00,1.1690000000000005,6.494444444444447
1777957200,33495,82,89,15.0,2026-05-05 05:00:00,6.6932,37.184444444444445
1779253200,33495,100,95,7.0,2026-05-20 05:00:00,0.902000000000001,5.011111111111116
1781060400,33495,100,93,9.8,2026-06-10 03:00:00,2.3972000000000016,13.317777777777787
1781103600,33495,100,93,8.5,2026-06-10 15:00:00,1.7030000000000012,9.461111111111117
1781107200,33495,100,93,8.4,2026-06-10 16:00:00,1.6496000000000013,9.16444444444445
1779897600,33495,100,94,39.9,2026-05-27 16:00:00,18.4706,68.45853231939164
1778680800,33495,100,91,45.3,2026-05-13 14:00:00,21.354200000000002,73.83101901140685
1777899600,33495,93,90,31.8,2026-05-04 13:00:00,14.736,61.50053231939164
1777856400,33495,73,87,34.0,2026-05-04 01:00:00,17.5988,66.83426615969582
1780678800,33495,100,92,5.2,2026-06-05 17:00:00,0.0,0.0
1781380800,33495,100,89,20.2,2026-06-13 20:00:00,7.9508,44.17111111111111
1781355600,33495,100,91,18.2,2026-06-13 13:00:00,6.8828000000000005,38.23777777777778
1781542800,33495,100,94,41.2,2026-06-15 17:00:00,19.164800000000003,69.75190874524716
1781946000,33495,100,94,21.8,2026-06-20 09:00:00,8.805200000000003,48.91777777777779
1781967600,33495,100,94,54.5,2026-06-20 15:00:00,26.267000000000003,82.98414448669202
1777525200,33495,99,91,7.0,2026-04-30 05:00:00,0.9863999999999997,5.479999999999999
1777550400,33495,69,90,21.3,2026-04-30 12:00:00,11.154600000000002,54.82796197718632
1781694000,33495,100,97,16.3,2026-06-17 11:00:00,5.868200000000001,32.601111111111116
1778979600,33495,100,90,31.6,2026-05-17 01:00:00,14.038400000000003,60.20082129277567
1779004800,33495,100,95,18.3,2026-05-17 08:00:00,6.936200000000002,38.53444444444445
1780034400,33495,100,95,9.0,2026-05-29 06:00:00,1.9700000000000006,10.944444444444448
1779102000,33495,100,97,18.5,2026-05-18 11:00:00,7.043000000000002,39.12777777777779
1778623200,33495,98,91,30.3,2026-05-12 22:00:00,13.513000000000002,59.22193916349811
1778824800,33495,100,92,18.6,2026-05-15 06:00:00,7.096400000000002,39.424444444444454
1778806800,33495,100,89,30.1,2026-05-15 01:00:00,13.237400000000004,58.70846387832701
1777636800,33495,76,90,10.9,2026-05-01 12:00:00,5.0102,27.834444444444443
1779440400,33495,100,94,3.5,2026-05-22 09:00:00,0.0,0.0
1779487200,33495,100,91,6.5,2026-05-22 22:00:00,0.6350000000000007,3.5277777777777812
1779444000,33495,100,94,4.8,2026-05-22 10:00:00,0.0,0.0
1779454800,33495,100,94,37.6,2026-05-22 13:00:00,17.242400000000004,66.17025095057035
1781575200,33495,100,91,32.4,2026-06-16 02:00:00,14.465600000000002,60.9967452471483
1780452000,33495,100,93,6.6,2026-06-03 02:00:00,0.6884000000000006,3.8244444444444476
1780444800,33495,100,93,3.8,2026-06-03 00:00:00,0.0,0.0
1780524000,33495,100,92,3.4,2026-06-03 22:00:00,0.0,0.0
1780491600,33495,100,94,5.4,2026-06-03 13:00:00,0.047600000000000975,0.26444444444444987
1779674400,33495,100,92,23.4,2026-05-25 02:00:00,9.659600000000001,52.042600760456274
1781406000,33495,100,89,17.1,2026-06-14 03:00:00,6.295400000000002,34.97444444444445
1779624000,33495,100,95,15.9,2026-05-24 12:00:00,5.654600000000001,31.41444444444445
1781150400,33495,100,93,7.7,2026-06-11 04:00:00,1.2758000000000012,7.0877777777777835
1780909200,33495,100,93,6.4,2026-06-08 09:00:00,0.5816000000000008,3.2311111111111153
1779555600,33495,100,92,36.4,2026-05-23 17:00:00,16.6016,64.97636501901141
1779573600,33495,100,91,11.7,2026-05-23 22:00:00,3.4118000000000004,18.954444444444444
1780531200,33495,100,92,4.1,2026-06-04 00:00:00,0.0,0.0
1779760800,33495,100,92,13.0,2026-05-26 02:00:00,4.106000000000001,22.811111111111114
1781881200,33495,100,94,55.8,2026-06-19 15:00:00,26.961199999999998,84.27752091254752
1777723200,33495,84,90,19.4,2026-05-02 12:00:00,8.874,49.300000000000004
1777712400,33495,88,91,12.0,2026-05-02 09:00:00,4.5848,25.471111111111114
1777687200,33495,68,87,35.0,2026-05-02 02:00:00,18.5548,68.61540684410647
1777806000,33495,95,91,30.0,2026-05-03 11:00:00,13.605999999999998,59.39520912547528
1777777200,33495,75,88,21.9,2026-05-03 03:00:00,10.968599999999999,54.48142205323194
1780225200,33495,100,99,11.2,2026-05-31 11:00:00,3.144800000000001,17.471111111111117
1780322400,33495,100,97,34.0,2026-06-01 14:00:00,15.320000000000004,62.58859315589355
1778781600,33495,100,89,15.2,2026-05-14 18:00:00,5.2808,29.337777777777777
1777971600,33495,70,88,21.6,2026-05-05 09:00:00,11.230400000000001,54.96918631178708
1778004000,33495,67,88,45.4,2026-05-05 18:00:00,24.1928,79.11966539923955
1777950000,33495,73,88,33.4,2026-05-05 03:00:00,17.278399999999998,66.23732319391635
1778014800,33495,64,87,36.1,2026-05-05 21:00:00,19.4798,70.33879087452472
1779285600,33495,100,94,21.9,2026-05-20 14:00:00,8.8586,49.21444444444444
1781802000,33495,100,92,28.5,2026-06-18 17:00:00,12.383000000000003,57.11661596958176
1781820000,33495,100,91,12.5,2026-06-18 22:00:00,3.8390000000000013,21.327777777777783
1781780400,33495,100,94,19.2,2026-06-18 11:00:00,7.416800000000001,41.20444444444445
1781787600,33495,100,93,28.6,2026-06-18 13:00:00,12.436400000000003,57.21610646387833
1781132400,33495,100,92,10.6,2026-06-10 23:00:00,2.8244000000000007,15.691111111111114
1779915600,33495,100,92,24.2,2026-05-27 21:00:00,10.0868,52.8385247148289
1779188400,33495,100,98,6.5,2026-05-19 11:00:00,0.6350000000000007,3.5277777777777812
1779174000,33495,100,96,5.0,2026-05-19 07:00:00,0.0,0.0
1781992800,33495,100,90,17.7,2026-06-20 22:00:00,6.615800000000001,36.75444444444445
1781978400,33495,100,93,45.5,2026-06-20 18:00:00,21.461000000000002,74.03
1781996400,33495,100,90,18.7,2026-06-20 23:00:00,7.1498,39.72111111111111
1781989200,33495,100,91,22.3,2026-06-20 21:00:00,9.072200000000002,500.0
1782075600,33495,100,92,12.0,2026-06-21 21:00:00,3.572000000000001,19.84444444444445
1782014400,33495,100,92,17.7,2026-06-21 04:00:00,6.615800000000001,36.75444444444445
1782068400,33495,100,93,19.5,2026-06-21 19:00:00,7.577000000000001,42.09444444444445
1782010800,33495,100,91,25.3,2026-06-21 03:00:00,10.674200000000003,53.93292015209126
1782043200,33495,100,95,16.5,2026-06-21 12:00:00,5.9750000000000005,33.19444444444444
1782025200,33495,100,94,11.3,2026-06-21 07:00:00,3.1982000000000017,17.767777777777788
1782252000,33495,100,91,12.9,2026-06-23 22:00:00,4.052600000000001,22.514444444444447
1782219600,33495,100,93,21.1,2026-06-23 13:00:00,8.431400000000004,46.84111111111113
1782248400,33495,100,91,14.2,2026-06-23 21:00:00,4.7468,26.371111111111112
1782172800,33495,100,89,9.7,2026-06-23 00:00:00,2.3438000000000008,13.021111111111114
1782180000,33495,100,90,22.8,2026-06-23 02:00:00,9.339200000000002,51.44565779467681
1782583200,33495,100,94,36.3,2026-06-27 18:00:00,16.5482,64.87687452471484
1782568800,33495,100,95,38.1,2026-06-27 14:00:00,17.509400000000003,66.66770342205324
1782547200,33495,100,95,18.1,2026-06-27 08:00:00,6.829400000000002,37.94111111111112
1782536400,33495,100,94,13.9,2026-06-27 05:00:00,4.586600000000002,25.48111111111112
1782540000,33495,100,95,13.6,2026-06-27 06:00:00,4.426400000000001,24.591111111111115
1782601200,33495,100,92,12.7,2026-06-27 23:00:00,3.9458,21.921111111111113
1782378000,33495,100,94,13.4,2026-06-25 09:00:00,4.319600000000001,23.997777777777785
1782381600,33495,100,97,9.2,2026-06-25 10:00:00,2.0768000000000004,11.53777777777778
1782356400,33495,100,89,16.7,2026-06-25 03:00:00,6.0818,33.78777777777778
1782345600,33495,100,92,18.2,2026-06-25 00:00:00,6.8828000000000005,38.23777777777778
1782417600,33495,100,94,27.1,2026-06-25 20:00:00,11.6354,55.72374904942966
1782421200,33495,100,94,20.1,2026-06-25 21:00:00,7.897400000000002,43.87444444444446
1782478800,33495,100,96,26.1,2026-06-26 13:00:00,11.101400000000002,54.72884410646388
1782493200,33495,100,94,19.9,2026-06-26 17:00:00,7.7906,43.28111111111111
1782709200,33495,100,92,14.2,2026-06-29 05:00:00,4.7468,26.371111111111112
1782720000,33495,100,92,12.6,2026-06-29 08:00:00,3.892400000000001,21.62444444444445
1782752400,33495,100,91,22.4,2026-06-29 17:00:00,9.125600000000002,51.0476958174905
1782723600,33495,100,92,11.7,2026-06-29 09:00:00,3.4118000000000004,18.954444444444444
1782147600,33495,100,91,1.0,2026-06-22 17:00:00,0.0,0.0
1782136800,33495,100,92,6.5,2026-06-22 14:00:00,0.6350000000000007,3.5277777777777812
1782151200,33495,100,91,4.7,2026-06-22 18:00:00,0.0,0.0
1782158400,33495,100,90,4.0,2026-06-22 20:00:00,0.0,0.0
1782115200,33495,100,94,8.3,2026-06-22 08:00:00,1.5962000000000014,8.867777777777786
1782140400,33495,100,91,2.4,2026-06-22 15:00:00,0.0,0.0
1782108000,33495,100,94,8.6,2026-06-22 06:00:00,1.756400000000001,9.757777777777783
1782781200,33495,100,89,18.7,2026-06-30 01:00:00,7.1498,39.72111111111111
1782777600,33495,100,90,16.6,2026-06-30 00:00:00,6.028400000000002,33.491111111111124
1782806400,33495,100,93,7.9,2026-06-30 08:00:00,1.382600000000001,7.681111111111116
1782835200,33495,100,93,11.4,2026-06-30 16:00:00,3.2516000000000007,18.064444444444447
1782640800,33495,100,97,13.2,2026-06-28 10:00:00,4.2128000000000005,23.404444444444447
1782604800,33495,100,92,13.0,2026-06-28 00:00:00,4.106000000000001,22.811111111111114
1782298800,33495,100,97,11.6,2026-06-24 11:00:00,3.3584000000000005,18.65777777777778
1782324000,33495,100,94,31.5,2026-06-24 18:00:00,13.985000000000003,60.1013307984791
1782262800,33495,100,90,30.8,2026-06-24 01:00:00,13.611200000000004,59.404897338403046
1782327600,33495,100,94,24.1,2026-06-24 19:00:00,10.0334,52.73903422053232
1782288000,33495,100,93,24.1,2026-06-24 08:00:00,10.0334,52.73903422053232
1782331200,33495,100,93,19.1,2026-06-24 20:00:00,7.363400000000001,40.90777777777778
1782032400,33495,100,96,7.3,2026-06-21 09:00:00,1.0622000000000007,5.901111111111115
1782000000,33495,100,90,21.9,2026-06-21 00:00:00,8.8586,49.21444444444444
1782039600,33495,100,97,11.1,2026-06-21 11:00:00,3.091400000000001,17.17444444444445
1782018000,33495,100,93,13.4,2026-06-21 05:00:00,4.319600000000001,23.997777777777785
1782082800,33495,100,92,8.4,2026-06-21 23:00:00,1.6496000000000013,9.16444444444445
1782054000,33495,100,94,23.5,2026-06-21 15:00:00,9.713000000000001,52.142091254752856
1782046800,33495,100,95,27.5,2026-06-21 13:00:00,11.849,56.12171102661597
1782190800,33495,100,92,9.4,2026-06-23 05:00:00,2.183600000000001,12.131111111111117
1782205200,33495,100,92,12.5,2026-06-23 09:00:00,3.8390000000000013,21.327777777777783
1782176400,33495,100,90,20.1,2026-06-23 01:00:00,7.897400000000002,43.87444444444446
1782212400,33495,100,93,12.4,2026-06-23 11:00:00,3.7856000000000014,21.03111111111112
1782244800,33495,100,91,18.9,2026-06-23 20:00:00,7.2566,40.31444444444444
1782226800,33495,100,92,27.1,2026-06-23 15:00:00,11.6354,55.72374904942966
1782198000,33495,100,93,11.5,2026-06-23 07:00:00,3.3050000000000006,18.361111111111114
1782216000,33495,100,93,13.4,2026-06-23 12:00:00,4.319600000000001,23.997777777777785
1782187200,33495,100,92,14.5,2026-06-23 04:00:00,4.907000000000001,27.261111111111116
1782594000,33495,100,93,19.2,2026-06-27 21:00:00,7.416800000000001,41.20444444444445
1782518400,33495,100,93,13.9,2026-06-27 00:00:00,4.586600000000002,25.48111111111112
1782532800,33495,100,94,16.6,2026-06-27 04:00:00,6.028400000000002,33.491111111111124
1782522000,33495,100,93,18.3,2026-06-27 01:00:00,6.936200000000002,38.53444444444445
1782554400,33495,100,97,20.1,2026-06-27 10:00:00,7.897400000000002,43.87444444444446
1782543600,33495,100,95,16.1,2026-06-27 07:00:00,5.761400000000001,32.00777777777778
1782424800,33495,100,93,13.9,2026-06-25 22:00:00,4.586600000000002,25.48111111111112
1782403200,33495,100,96,39.5,2026-06-25 16:00:00,18.257,68.06057034220532
1782370800,33495,100,95,27.5,2026-06-25 07:00:00,11.849,56.12171102661597
1782468000,33495,100,99,7.7,2026-06-26 10:00:00,1.2758000000000012,7.0877777777777835
1782453600,33495,100,93,12.8,2026-06-26 06:00:00,3.999200000000001,22.217777777777783
1782504000,33495,100,93,18.9,2026-06-26 20:00:00,7.2566,40.31444444444444
1782471600,33495,100,98,9.4,2026-06-26 11:00:00,2.183600000000001,12.131111111111117
1782450000,33495,100,93,12.9,2026-06-26 05:00:00,4.052600000000001,22.514444444444447
1782460800,33495,100,94,9.5,2026-06-26 08:00:00,2.237000000000001,12.427777777777782
1782486000,33495,100,95,30.0,2026-06-26 15:00:00,13.184000000000001,58.60897338403042
1782446400,33495,100,93,19.3,2026-06-26 04:00:00,7.470200000000001,41.501111111111115
1782442800,33495,100,92,25.8,2026-06-26 03:00:00,10.941200000000002,54.43037262357415
1782716400,33495,100,92,10.4,2026-06-29 07:00:00,2.717600000000001,15.097777777777782
1782694800,33495,100,92,10.6,2026-06-29 01:00:00,2.8244000000000007,15.691111111111114
1782756000,33495,100,90,18.7,2026-06-29 18:00:00,7.1498,39.72111111111111
1782734400,33495,100,92,13.2,2026-06-29 12:00:00,4.2128000000000005,23.404444444444447
1782730800,33495,100,92,13.1,2026-06-29 11:00:00,4.159400000000001,23.10777777777778
1782712800,33495,100,92,15.7,2026-06-29 06:00:00,5.547800000000001,30.82111111111112
1782691200,33495,100,92,13.8,2026-06-29 00:00:00,4.533200000000002,25.184444444444452
1782702000,33495,100,92,10.6,2026-06-29 03:00:00,2.8244000000000007,15.691111111111114
1782126000,33495,100,94,15.3,2026-06-22 11:00:00,5.334200000000002,29.634444444444455
1782122400,33495,100,94,11.3,2026-06-22 10:00:00,3.1982000000000017,17.767777777777788
1782154800,33495,100,90,5.0,2026-06-22 19:00:00,0.0,0.0
1782086400,33495,100,91,14.1,2026-06-22 00:00:00,4.6934000000000005,26.074444444444445
1782162000,33495,100,90,6.2,2026-06-22 21:00:00,0.474800000000001,2.6377777777777833
1782169200,33495,100,89,3.5,2026-06-22 23:00:00,0.0,0.0
1782799200,33495,100,91,11.7,2026-06-30 06:00:00,3.4118000000000004,18.954444444444444
1782792000,33495,100,90,12.7,2026-06-30 04:00:00,3.9458,21.921111111111113
1782788400,33495,100,88,11.8,2026-06-30 03:00:00,3.465200000000001,19.25111111111112
1782810000,33495,100,94,8.9,2026-06-30 09:00:00,1.9166000000000007,10.647777777777781
1782658800,33495,100,94,38.0,2026-06-28 15:00:00,17.456000000000003,66.56821292775666
1782680400,33495,100,92,15.1,2026-06-28 21:00:00,5.2274,29.04111111111111
1782630000,33495,100,95,17.7,2026-06-28 07:00:00,6.615800000000001,36.75444444444445
1782619200,33495,100,93,23.7,2026-06-28 04:00:00,9.8198,52.34107224334601
1782626400,33495,100,95,15.0,2026-06-28 06:00:00,5.174,28.744444444444447
1782615600,33495,100,93,23.3,2026-06-28 03:00:00,9.606200000000001,51.9431102661597
1782266400,33495,100,91,32.7,2026-06-24 02:00:00,14.625800000000005,61.295216730038035
1782270000,33495,100,92,14.9,2026-06-24 03:00:00,5.120600000000001,28.447777777777784
1782273600,33495,100,93,11.2,2026-06-24 04:00:00,3.144800000000001,17.471111111111117
1782259200,33495,100,90,22.3,2026-06-24 00:00:00,9.072200000000002,500.0
1782284400,33495,100,94,18.4,2026-06-24 07:00:00,6.9896,38.83111111111111
1782277200,33495,100,94,12.8,2026-06-24 05:00:00,3.999200000000001,22.217777777777783
1782320400,33495,100,95,38.2,2026-06-24 17:00:00,17.562800000000003,66.76719391634981
1782302400,33495,100,97,15.3,2026-06-24 12:00:00,5.334200000000002,29.634444444444455
1782338400,33495,100,93,15.8,2026-06-24 22:00:00,5.601200000000001,31.117777777777786
1781982000,33495,100,92,37.6,2026-06-20 19:00:00,17.242400000000004,66.17025095057035
1782079200,33495,100,92,9.4,2026-06-21 22:00:00,2.183600000000001,12.131111111111117
1782036000,33495,100,98,7.5,2026-06-21 10:00:00,1.1690000000000005,6.494444444444447
1782064800,33495,100,93,27.6,2026-06-21 18:00:00,11.902400000000004,56.22120152091256
1782021600,33495,100,93,11.2,2026-06-21 06:00:00,3.144800000000001,17.471111111111117
1782057600,33495,100,94,22.4,2026-06-21 16:00:00,9.125600000000002,51.0476958174905
1782061200,33495,100,94,27.8,2026-06-21 17:00:00,12.009200000000003,56.42018250950571
1782003600,33495,100,90,31.7,2026-06-21 01:00:00,14.091800000000003,60.300311787072246
1782183600,33495,100,91,21.8,2026-06-23 03:00:00,8.805200000000003,48.91777777777779
1782223200,33495,100,93,26.7,2026-06-23 14:00:00,11.421800000000001,55.32578707224335
1782241200,33495,100,91,25.4,2026-06-23 19:00:00,10.727599999999999,54.03241064638783
1782237600,33495,100,92,31.0,2026-06-23 18:00:00,13.718000000000004,59.60387832699621
1782194400,33495,100,93,14.2,2026-06-23 06:00:00,4.7468,26.371111111111112
1782201600,33495,100,92,15.3,2026-06-23 08:00:00,5.334200000000002,29.634444444444455
1782561600,33495,100,95,18.9,2026-06-27 12:00:00,7.2566,40.31444444444444
1782590400,33495,100,93,26.6,2026-06-27 20:00:00,11.368400000000001,55.22629657794677
1782525600,33495,100,93,24.6,2026-06-27 02:00:00,10.300400000000003,53.23648669201522
1782558000,33495,100,96,21.1,2026-06-27 11:00:00,8.431400000000004,46.84111111111113
1782576000,33495,100,94,43.5,2026-06-27 16:00:00,20.393000000000004,72.04019011406845
1782586800,33495,100,93,32.4,2026-06-27 19:00:00,14.465600000000002,60.9967452471483
1782396000,33495,100,96,21.0,2026-06-25 14:00:00,8.378,46.544444444444444
1782367200,33495,100,96,23.0,2026-06-25 06:00:00,9.446000000000002,51.64463878326997
1782385200,33495,99,100,9.6,2026-06-25 11:00:00,2.3747999999999996,13.19333333333333
1782374400,33495,100,94,21.1,2026-06-25 08:00:00,8.431400000000004,46.84111111111113
1782388800,33495,100,98,11.8,2026-06-25 12:00:00,3.465200000000001,19.25111111111112
1782410400,33495,100,95,35.1,2026-06-25 18:00:00,15.907400000000003,63.6829885931559
1782399600,33495,100,96,28.8,2026-06-25 15:00:00,12.543200000000002,57.41508745247149
1782500400,33495,100,94,21.3,2026-06-26 19:00:00,8.538200000000003,47.43444444444446
1782507600,33495,100,93,16.3,2026-06-26 21:00:00,5.868200000000001,32.601111111111116
1782496800,33495,100,94,22.4,2026-06-26 18:00:00,9.125600000000002,51.0476958174905
1782482400,33495,100,95,32.4,2026-06-26 14:00:00,14.465600000000002,60.9967452471483
1782514800,33495,100,92,11.6,2026-06-26 23:00:00,3.3584000000000005,18.65777777777778
1782432000,33495,100,93,13.0,2026-06-26 00:00:00,4.106000000000001,22.811111111111114
1782511200,33495,100,93,13.6,2026-06-26 22:00:00,4.426400000000001,24.591111111111115
1782464400,33495,100,95,8.7,2026-06-26 09:00:00,1.8098,10.054444444444444
1782770400,33495,100,90,10.9,2026-06-29 22:00:00,2.9846000000000013,16.581111111111117
1782748800,33495,100,91,25.8,2026-06-29 16:00:00,10.941200000000002,54.43037262357415
1782763200,33495,100,90,15.7,2026-06-29 20:00:00,5.547800000000001,30.82111111111112
1782741600,33495,100,91,26.0,2026-06-29 14:00:00,11.048000000000002,54.62935361216731
1782759600,33495,100,90,14.9,2026-06-29 19:00:00,5.120600000000001,28.447777777777784
1782144000,33495,100,91,0.8,2026-06-22 16:00:00,0.0,0.0
1782104400,33495,100,93,5.1,2026-06-22 05:00:00,0.0,0.0
1782118800,33495,100,94,6.1,2026-06-22 09:00:00,0.4214000000000011,2.3411111111111174
1782100800,33495,100,92,9.6,2026-06-22 04:00:00,2.290400000000001,12.72444444444445
1782090000,33495,100,91,24.6,2026-06-22 01:00:00,10.300400000000003,53.23648669201522
1782097200,33495,100,92,19.8,2026-06-22 03:00:00,7.737200000000002,42.984444444444456
1782093600,33495,100,90,26.5,2026-06-22 02:00:00,11.315000000000001,55.126806083650195
1782802800,33495,100,91,11.2,2026-06-30 07:00:00,3.144800000000001,17.471111111111117
1782824400,33495,99,94,17.1,2026-06-30 13:00:00,6.3798,35.443333333333335
1782633600,33495,100,95,16.8,2026-06-28 08:00:00,6.135200000000002,34.08444444444446
1782684000,33495,100,92,15.4,2026-06-28 22:00:00,5.387600000000002,29.931111111111118
1782666000,33495,100,93,31.4,2026-06-28 17:00:00,13.931600000000003,60.001840304182515
1782651600,33495,100,94,14.0,2026-06-28 13:00:00,4.6400000000000015,25.777777777777786
1782644400,33495,100,95,10.1,2026-06-28 11:00:00,2.5574000000000003,14.207777777777778
1782662400,33495,100,94,35.3,2026-06-28 16:00:00,16.014200000000002,63.881969581749054
1782637200,33495,100,96,16.4,2026-06-28 09:00:00,5.921600000000001,32.89777777777778
1782673200,33495,100,93,29.9,2026-06-28 19:00:00,13.130600000000001,58.509482889733846
1782612000,33495,100,92,28.1,2026-06-28 02:00:00,12.169400000000003,56.718653992395446
1782280800,33495,100,95,17.0,2026-06-24 06:00:00,6.242000000000002,34.677777777777784
1781985600,33495,100,91,29.0,2026-06-20 20:00:00,12.650000000000002,57.614068441064646
1782028800,33495,100,95,10.6,2026-06-21 08:00:00,2.8244000000000007,15.691111111111114
1782007200,33495,100,90,37.0,2026-06-21 02:00:00,16.922000000000004,65.57330798479089
1782050400,33495,100,94,24.3,2026-06-21 14:00:00,10.1402,52.938015209125474
1782072000,33495,100,92,17.2,2026-06-21 20:00:00,6.3488000000000016,35.27111111111112
1782230400,33495,100,92,29.9,2026-06-23 16:00:00,13.130600000000001,58.509482889733846
1782234000,33495,100,92,30.5,2026-06-23 17:00:00,13.451000000000004,59.106425855513315
1782208800,33495,100,92,14.1,2026-06-23 10:00:00,4.6934000000000005,26.074444444444445
1782255600,33495,100,91,15.9,2026-06-23 23:00:00,5.654600000000001,31.41444444444445
1782579600,33495,100,94,42.1,2026-06-27 17:00:00,19.645400000000002,70.64732319391635
1782597600,33495,100,92,13.3,2026-06-27 22:00:00,4.266200000000001,23.701111111111118
1782529200,33495,100,93,20.1,2026-06-27 03:00:00,7.897400000000002,43.87444444444446
1782565200,33495,100,95,38.3,2026-06-27 13:00:00,17.616200000000003,66.8666844106464
1782550800,33495,100,95,20.5,2026-06-27 09:00:00,8.111,45.06111111111111
1782572400,33495,100,95,40.8,2026-06-27 15:00:00,18.9512,69.35394676806084
1782363600,33495,100,95,12.7,2026-06-25 05:00:00,3.9458,21.921111111111113
1782392400,33495,100,97,16.8,2026-06-25 13:00:00,6.135200000000002,34.08444444444446
1782428400,33495,100,93,12.5,2026-06-25 23:00:00,3.8390000000000013,21.327777777777783
1782352800,33495,100,91,18.3,2026-06-25 02:00:00,6.936200000000002,38.53444444444445
1782360000,33495,100,92,8.3,2026-06-25 04:00:00,1.5962000000000014,8.867777777777786
1782406800,33495,100,95,39.6,2026-06-25 17:00:00,18.310400000000005,68.16006083650191
1782349200,33495,100,92,17.9,2026-06-25 01:00:00,6.722600000000001,37.34777777777778
1782414000,33495,100,94,32.5,2026-06-25 19:00:00,14.519000000000002,61.09623574144487
1782489600,33495,100,94,18.8,2026-06-26 16:00:00,7.203200000000002,40.01777777777779
1782475200,33495,100,96,25.6,2026-06-26 12:00:00,10.834400000000002,54.231391634980994
1782457200,33495,100,95,11.1,2026-06-26 07:00:00,3.091400000000001,17.17444444444445
1782439200,33495,100,93,32.6,2026-06-26 02:00:00,14.572400000000002,61.195726235741446
1782435600,33495,100,93,20.7,2026-06-26 01:00:00,8.2178,45.654444444444444
1782727200,33495,100,92,11.5,2026-06-29 10:00:00,3.3050000000000006,18.361111111111114
1782705600,33495,100,92,11.7,2026-06-29 04:00:00,3.4118000000000004,18.954444444444444
1782738000,33495,100,92,18.0,2026-06-29 13:00:00,6.776000000000001,37.644444444444446
1782766800,33495,100,90,12.4,2026-06-29 21:00:00,3.7856000000000014,21.03111111111112
1782745200,33495,100,91,26.7,2026-06-29 15:00:00,11.421800000000001,55.32578707224335
1782698400,33495,100,92,10.4,2026-06-29 02:00:00,2.717600000000001,15.097777777777782
1782774000,33495,100,90,11.4,2026-06-29 23:00:00,3.2516000000000007,18.064444444444447
1782165600,33495,100,90,4.7,2026-06-22 22:00:00,0.0,0.0
1782111600,33495,100,94,7.6,2026-06-22 07:00:00,1.2224000000000004,6.791111111111113
1782133200,33495,100,92,5.3,2026-06-22 13:00:00,0.0,0.0
1782129600,33495,100,93,14.2,2026-06-22 12:00:00,4.7468,26.371111111111112
1782831600,33495,100,94,15.2,2026-06-30 15:00:00,5.2808,29.337777777777777
1782820800,33495,97,96,12.9,2026-06-30 12:00:00,4.3058000000000005,23.921111111111113
1782784800,33495,100,89,12.3,2026-06-30 02:00:00,3.7322000000000015,20.734444444444453
1782813600,33495,93,98,11.5,2026-06-30 10:00:00,3.8957999999999995,21.64333333333333
1782838800,33495,100,93,11.9,2026-06-30 17:00:00,3.518600000000001,19.54777777777778
1782795600,33495,100,91,12.3,2026-06-30 05:00:00,3.7322000000000015,20.734444444444453
1782817200,33495,93,98,11.4,2026-06-30 11:00:00,3.8423999999999996,21.346666666666664
1782828000,33495,100,94,17.4,2026-06-30 14:00:00,6.4556,35.86444444444444
1782622800,33495,100,94,16.2,2026-06-28 05:00:00,5.814800000000001,32.30444444444445
1782687600,33495,100,92,13.7,2026-06-28 23:00:00,4.479800000000001,24.88777777777778
1782608400,33495,100,92,18.2,2026-06-28 01:00:00,6.8828000000000005,38.23777777777778
1782669600,33495,100,93,32.5,2026-06-28 18:00:00,14.519000000000002,61.09623574144487
1782676800,33495,100,93,21.8,2026-06-28 20:00:00,8.805200000000003,48.91777777777779
1782648000,33495,100,94,14.2,2026-06-28 12:00:00,4.7468,26.371111111111112
1782655200,33495,100,94,16.6,2026-06-28 14:00:00,6.028400000000002,33.491111111111124
1782316800,33495,100,95,36.2,2026-06-24 16:00:00,16.494800000000005,64.77738403041826
1782342000,33495,100,93,15.7,2026-06-24 23:00:00,5.547800000000001,30.82111111111112
1782313200,33495,100,95,22.7,2026-06-24 15:00:00,9.285800000000002,51.34616730038023
1782309600,33495,100,95,25.3,2026-06-24 14:00:00,10.674200000000003,53.93292015209126
1782334800,33495,100,93,16.7,2026-06-24 21:00:00,6.0818,33.78777777777778
1782306000,33495,100,96,20.5,2026-06-24 13:00:00,8.111,45.06111111111111
