datetime,temperature_c,humidity_percent,precipitation_mm,wind_speed_kmh,wind_direction_deg
2024-07-01T00:00,25.6,91,0.1,10.0,195
2024-07-01T01:00,25.6,91,0.3,10.2,190
2024-07-01T02:00,25.5,92,0.5,10.5,202
2024-07-01T03:00,25.5,92,0.5,11.6,196
2024-07-01T04:00,24.9,94,1.4,8.5,208
2024-07-01T05:00,24.6,93,4.0,11.7,227
2024-07-01T06:00,25.4,93,0.1,12.3,185
2024-07-01T07:00,25.8,89,0.3,10.1,182
2024-07-01T08:00,26.8,87,0.1,10.0,206
2024-07-01T09:00,25.3,90,1.7,10.2,228
2024-07-01T10:00,27.5,82,0.1,12.9,216
2024-07-01T11:00,28.2,81,0.1,13.6,233
2024-07-01T12:00,27.9,84,0.1,16.7,233
2024-07-01T13:00,28.0,84,0.1,15.8,229
2024-07-01T14:00,28.1,82,0.1,17.3,239
2024-07-01T15:00,28.3,80,0.1,16.7,233
2024-07-01T16:00,28.0,80,0.2,16.0,234
2024-07-01T17:00,27.5,83,0.1,13.3,232
2024-07-01T18:00,27.3,82,0.0,8.7,246
2024-07-01T19:00,26.8,86,0.0,6.7,216
2024-07-01T20:00,26.6,87,0.0,7.1,210
2024-07-01T21:00,26.7,87,0.0,7.7,221
2024-07-01T22:00,26.5,88,0.1,8.8,215
2024-07-01T23:00,26.4,89,0.0,9.3,216
2024-07-02T00:00,26.1,90,0.1,10.5,221
2024-07-02T01:00,26.1,91,0.1,9.2,222
2024-07-02T02:00,26.4,89,0.0,7.3,213
2024-07-02T03:00,26.2,89,0.1,8.9,227
2024-07-02T04:00,26.3,89,0.2,7.4,227
2024-07-02T05:00,26.1,90,0.2,8.4,230
2024-07-02T06:00,26.5,91,0.2,8.9,243
2024-07-02T07:00,27.4,89,0.0,10.3,245
2024-07-02T08:00,27.9,86,0.1,11.9,241
2024-07-02T09:00,28.8,82,0.1,13.9,245
2024-07-02T10:00,29.3,80,0.1,15.0,249
2024-07-02T11:00,29.6,79,0.1,15.7,250
2024-07-02T12:00,29.7,79,0.1,17.0,253
2024-07-02T13:00,29.7,78,0.1,16.6,257
2024-07-02T14:00,29.5,78,0.0,15.6,247
2024-07-02T15:00,29.4,77,0.1,16.3,242
2024-07-02T16:00,28.9,79,0.1,15.1,242
2024-07-02T17:00,28.4,81,0.1,13.7,247
2024-07-02T18:00,27.6,82,0.0,9.9,226
2024-07-02T19:00,27.4,82,0.0,9.7,225
2024-07-02T20:00,27.2,84,0.0,9.2,219
2024-07-02T21:00,27.1,85,0.0,9.1,214
2024-07-02T22:00,26.9,86,0.0,9.1,214
2024-07-02T23:00,26.8,88,0.1,9.6,214
2024-07-03T00:00,26.7,87,0.2,10.9,224
2024-07-03T01:00,26.4,89,0.1,9.5,217
2024-07-03T02:00,26.2,90,0.1,9.6,214
2024-07-03T03:00,25.8,91,0.4,7.9,223
2024-07-03T04:00,25.8,92,0.3,7.9,204
2024-07-03T05:00,25.9,93,0.2,7.3,213
2024-07-03T06:00,25.2,92,0.1,7.9,177
2024-07-03T07:00,25.8,90,1.4,3.8,163
2024-07-03T08:00,27.1,86,0.2,6.2,187
2024-07-03T09:00,27.4,85,0.3,9.7,225
2024-07-03T10:00,28.7,81,0.3,11.7,223
2024-07-03T11:00,29.2,80,0.1,13.0,236
2024-07-03T12:00,29.2,80,0.4,17.4,243
2024-07-03T13:00,29.1,82,0.5,18.5,246
2024-07-03T14:00,29.2,81,0.0,18.4,239
2024-07-03T15:00,29.1,79,0.0,18.1,239
2024-07-03T16:00,28.6,79,0.2,17.6,229
2024-07-03T17:00,27.3,87,0.9,15.3,229
2024-07-03T18:00,25.8,88,0.7,16.3,242
2024-07-03T19:00,26.1,89,0.6,4.8,222
2024-07-03T20:00,25.5,94,1.2,5.3,208
2024-07-03T21:00,25.6,93,3.2,5.0,159
2024-07-03T22:00,25.3,96,0.3,8.3,146
2024-07-03T23:00,25.2,96,0.3,6.8,177
2024-07-04T00:00,25.2,96,0.5,11.0,191
2024-07-04T01:00,24.9,96,0.1,9.4,182
2024-07-04T02:00,24.9,95,0.7,10.9,207
2024-07-04T03:00,24.9,95,0.4,11.0,157
2024-07-04T04:00,24.4,97,0.1,7.6,175
2024-07-04T05:00,24.7,95,0.5,9.2,206
2024-07-04T06:00,25.5,95,0.3,11.3,243
2024-07-04T07:00,25.6,92,0.9,6.1,220
2024-07-04T08:00,26.9,87,0.1,9.7,228
2024-07-04T09:00,26.4,86,2.1,13.9,211
2024-07-04T10:00,27.8,82,0.2,10.1,215
2024-07-04T11:00,28.2,82,0.2,16.3,221
2024-07-04T12:00,28.2,82,0.2,15.6,218
2024-07-04T13:00,28.5,80,0.1,14.5,215
2024-07-04T14:00,28.6,79,0.0,13.1,217
2024-07-04T15:00,28.5,78,0.3,15.4,217
2024-07-04T16:00,28.1,79,0.3,14.5,203
2024-07-04T17:00,27.7,85,0.0,10.6,204
2024-07-04T18:00,27.4,85,0.0,7.7,221
2024-07-04T19:00,27.2,86,0.0,8.4,211
2024-07-04T20:00,27.1,87,0.0,9.6,200
2024-07-04T21:00,27.0,87,0.1,10.2,188
2024-07-04T22:00,26.8,88,0.1,13.0,185
2024-07-04T23:00,26.5,89,0.1,13.8,186
2024-07-05T00:00,25.9,92,0.0,11.3,189
2024-07-05T01:00,25.8,92,0.2,10.4,194
2024-07-05T02:00,25.9,91,0.1,10.8,182
2024-07-05T03:00,25.5,93,0.3,9.1,198
2024-07-05T04:00,25.2,94,1.0,9.4,212
2024-07-05T05:00,25.1,94,0.9,7.7,191
2024-07-05T06:00,26.0,92,1.2,9.7,211
2024-07-05T07:00,26.4,92,0.1,9.1,214
2024-07-05T08:00,26.1,91,0.7,10.7,225
2024-07-05T09:00,26.0,90,1.8,13.6,220
2024-07-05T10:00,26.3,90,0.9,15.6,218
2024-07-05T11:00,27.5,83,0.2,14.3,223
2024-07-05T12:00,26.5,85,1.0,14.5,226
2024-07-05T13:00,27.5,84,0.3,12.7,209
2024-07-05T14:00,26.4,89,0.8,14.7,234
2024-07-05T15:00,27.1,85,0.3,14.6,232
2024-07-05T16:00,26.2,88,1.2,16.9,214
2024-07-05T17:00,25.5,92,2.6,15.8,225
2024-07-05T18:00,25.1,93,3.6,13.5,228
2024-07-05T19:00,24.9,92,2.3,10.0,210
2024-07-05T20:00,25.0,94,4.7,11.6,216
2024-07-05T21:00,25.0,93,2.5,11.8,218
2024-07-05T22:00,24.9,94,1.7,10.0,240
2024-07-05T23:00,25.1,94,0.4,8.7,218
2024-07-06T00:00,25.1,94,0.4,7.7,208
2024-07-06T01:00,25.2,94,0.5,8.5,242
2024-07-06T02:00,25.6,92,0.4,11.8,239
2024-07-06T03:00,25.7,87,0.4,9.9,226
2024-07-06T04:00,25.3,92,1.1,10.2,231
2024-07-06T05:00,25.3,93,0.3,10.7,228
2024-07-06T06:00,25.2,93,0.6,6.1,220
2024-07-06T07:00,26.0,89,0.3,9.7,248
2024-07-06T08:00,25.7,92,0.4,10.3,241
2024-07-06T09:00,26.7,88,0.2,10.9,243
2024-07-06T10:00,27.3,85,0.2,12.2,256
2024-07-06T11:00,27.5,84,0.4,12.4,253
2024-07-06T12:00,28.6,78,0.4,15.4,249
2024-07-06T13:00,28.2,81,0.2,15.3,246
2024-07-06T14:00,28.1,81,0.1,14.8,257
2024-07-06T15:00,28.0,81,0.0,13.7,256
2024-07-06T16:00,27.6,83,0.0,12.8,260
2024-07-06T17:00,27.6,84,0.0,9.7,248
2024-07-06T18:00,26.9,84,0.0,8.9,230
2024-07-06T19:00,26.7,84,0.0,9.2,225
2024-07-06T20:00,26.7,84,0.0,9.3,216
2024-07-06T21:00,26.9,82,0.0,8.9,220
2024-07-06T22:00,27.2,80,0.0,10.5,232
2024-07-06T23:00,27.1,81,0.0,11.5,226
2024-07-07T00:00,26.9,83,0.0,10.2,228
2024-07-07T01:00,26.9,84,0.0,10.5,232
2024-07-07T02:00,26.9,83,0.2,10.3,234
2024-07-07T03:00,26.6,85,0.1,9.5,217
2024-07-07T04:00,25.8,90,0.1,8.9,223
2024-07-07T05:00,25.7,90,0.1,9.1,198
2024-07-07T06:00,25.7,92,0.5,7.1,210
2024-07-07T07:00,26.4,93,0.1,6.0,197
2024-07-07T08:00,26.9,88,0.2,10.8,217
2024-07-07T09:00,27.4,85,0.3,11.2,230
2024-07-07T10:00,28.1,82,0.2,10.0,244
2024-07-07T11:00,27.9,83,0.3,12.6,257
2024-07-07T12:00,28.1,81,0.2,12.4,253
2024-07-07T13:00,28.6,79,0.0,9.2,244
2024-07-07T14:00,28.9,78,0.0,13.0,231
2024-07-07T15:00,28.4,78,0.1,13.5,228
2024-07-07T16:00,28.3,79,0.1,13.3,229
2024-07-07T17:00,27.9,82,0.0,11.5,221
2024-07-07T18:00,26.8,89,0.1,6.4,196
2024-07-07T19:00,26.6,89,0.0,10.0,195
2024-07-07T20:00,26.5,89,0.0,8.0,188
2024-07-07T21:00,26.3,90,0.0,13.0,183
2024-07-07T22:00,25.7,93,0.1,13.5,171
2024-07-07T23:00,25.6,93,0.0,12.0,171
2024-07-08T00:00,25.3,92,0.5,8.6,182
2024-07-08T01:00,25.2,94,0.2,8.0,175
2024-07-08T02:00,25.1,92,0.5,9.7,228
2024-07-08T03:00,25.0,91,0.7,11.7,214
2024-07-08T04:00,24.8,92,0.0,7.6,188
2024-07-08T05:00,24.3,94,2.6,11.3,239
2024-07-08T06:00,25.0,94,0.4,11.2,264
2024-07-08T07:00,26.0,90,1.1,10.0,244
2024-07-08T08:00,25.4,87,3.2,17.2,254
2024-07-08T09:00,26.5,87,1.4,13.9,245
2024-07-08T10:00,26.3,84,2.4,14.2,254
2024-07-08T11:00,27.7,82,0.2,12.2,251
2024-07-08T12:00,28.6,79,0.1,13.6,248
2024-07-08T13:00,28.2,81,1.2,14.7,245
2024-07-08T14:00,28.0,80,0.2,12.6,243
2024-07-08T15:00,27.7,80,0.5,14.5,243
2024-07-08T16:00,27.5,81,0.1,13.4,250
2024-07-08T17:00,27.4,82,0.4,13.1,254
2024-07-08T18:00,27.5,78,0.0,14.4,257
2024-07-08T19:00,27.1,81,0.0,12.3,255
2024-07-08T20:00,26.7,84,0.0,9.3,257
2024-07-08T21:00,27.0,81,0.0,10.0,255
2024-07-08T22:00,27.1,78,0.1,12.4,253
2024-07-08T23:00,27.4,78,0.0,13.2,259
2024-07-09T00:00,27.3,79,0.0,12.6,257
2024-07-09T01:00,27.4,77,0.0,14.5,256
2024-07-09T02:00,27.2,78,0.0,14.5,256
2024-07-09T03:00,27.0,80,0.1,12.6,257
2024-07-09T04:00,27.0,80,0.0,9.3,254
2024-07-09T05:00,26.4,84,0.0,7.7,259
2024-07-09T06:00,25.7,90,0.0,2.9,263
2024-07-09T07:00,27.1,87,0.0,5.9,259
2024-07-09T08:00,28.2,79,0.2,11.7,259
2024-07-09T09:00,28.5,77,0.1,14.4,257
2024-07-09T10:00,28.7,77,0.4,16.5,254
2024-07-09T11:00,29.1,76,0.2,16.6,248
2024-07-09T12:00,29.5,74,0.2,18.1,249
2024-07-09T13:00,29.5,74,0.0,17.5,251
2024-07-09T14:00,29.3,75,0.0,17.8,252
2024-07-09T15:00,29.1,75,0.0,17.1,252
2024-07-09T16:00,28.7,75,0.0,16.6,248
2024-07-09T17:00,28.2,78,0.0,15.1,242
2024-07-09T18:00,27.4,81,0.1,10.5,243
2024-07-09T19:00,27.0,83,0.0,8.4,230
2024-07-09T20:00,26.8,84,0.0,8.7,228
2024-07-09T21:00,26.6,85,0.0,7.9,219
2024-07-09T22:00,26.5,86,0.0,8.7,222
2024-07-09T23:00,26.5,86,0.0,8.7,222
2024-07-10T00:00,26.5,85,0.0,8.7,225
2024-07-10T01:00,26.6,84,0.0,10.2,228
2024-07-10T02:00,26.7,84,0.0,10.7,228
2024-07-10T03:00,26.2,85,0.0,11.9,235
2024-07-10T04:00,25.8,85,0.3,11.5,256
2024-07-10T05:00,25.0,89,0.6,8.0,262
2024-07-10T06:00,25.0,94,1.5,10.9,253
2024-07-10T07:00,26.3,87,0.5,8.4,239
2024-07-10T08:00,27.6,82,0.2,8.9,249
2024-07-10T09:00,28.5,78,0.1,11.0,247
2024-07-10T10:00,29.2,75,0.1,14.3,252
2024-07-10T11:00,29.4,73,0.2,15.9,257
2024-07-10T12:00,29.5,74,0.1,15.7,250
2024-07-10T13:00,29.4,75,0.2,16.9,243
2024-07-10T14:00,29.1,75,0.2,18.6,238
2024-07-10T15:00,28.8,76,0.5,19.2,242
2024-07-10T16:00,28.5,76,0.2,17.1,248
2024-07-10T17:00,27.8,80,0.3,15.2,248
2024-07-10T18:00,27.5,79,0.0,12.1,247
2024-07-10T19:00,26.9,83,0.2,12.2,246
2024-07-10T20:00,27.0,83,0.1,11.2,237
2024-07-10T21:00,26.9,84,0.0,10.3,234
2024-07-10T22:00,26.7,85,0.1,11.0,238
2024-07-10T23:00,26.6,86,0.2,11.4,246
2024-07-11T00:00,26.4,88,0.1,12.6,246
2024-07-11T01:00,26.4,88,0.1,10.9,243
2024-07-11T02:00,26.2,89,0.5,8.8,235
2024-07-11T03:00,26.0,90,0.2,7.5,235
2024-07-11T04:00,25.7,92,0.1,4.6,219
2024-07-11T05:00,25.5,93,0.2,6.9,227
2024-07-11T06:00,25.9,92,0.1,5.4,222
2024-07-11T07:00,27.2,89,0.1,6.5,214
2024-07-11T08:00,28.1,81,0.3,12.7,241
2024-07-11T09:00,28.8,77,0.2,16.5,250
2024-07-11T10:00,29.1,78,0.4,16.7,251
2024-07-11T11:00,29.3,78,0.5,17.9,255
2024-07-11T12:00,28.9,82,0.0,17.8,263
2024-07-11T13:00,29.0,81,0.0,17.1,262
2024-07-11T14:00,29.3,79,0.0,16.7,256
2024-07-11T15:00,28.9,80,0.1,16.6,252
2024-07-11T16:00,28.5,80,0.0,15.5,248
2024-07-11T17:00,28.1,81,0.0,13.8,242
2024-07-11T18:00,27.4,83,0.0,8.9,238
2024-07-11T19:00,27.0,85,0.0,7.4,219
2024-07-11T20:00,26.6,87,0.0,7.0,201
2024-07-11T21:00,26.5,88,0.0,8.3,198
2024-07-11T22:00,26.5,87,0.0,8.9,212
2024-07-11T23:00,26.5,86,0.1,12.2,223
2024-07-12T00:00,26.6,86,0.2,12.8,232
2024-07-12T01:00,26.6,86,0.0,10.4,226
2024-07-12T02:00,26.5,86,0.0,10.5,229
2024-07-12T03:00,26.5,87,0.1,10.4,224
2024-07-12T04:00,26.5,86,0.1,10.7,222
2024-07-12T05:00,26.2,88,0.0,9.4,220
2024-07-12T06:00,26.8,84,0.3,12.0,237
2024-07-12T07:00,26.7,87,0.6,13.5,241
2024-07-12T08:00,27.9,84,0.3,12.0,221
2024-07-12T09:00,28.4,80,0.1,12.3,218
2024-07-12T10:00,27.8,82,0.7,14.3,242
2024-07-12T11:00,27.9,83,0.2,17.6,247
2024-07-12T12:00,28.0,85,1.4,13.7,252
2024-07-12T13:00,28.2,82,0.1,14.2,243
2024-07-12T14:00,28.4,82,0.0,16.9,236
2024-07-12T15:00,28.1,83,0.2,21.1,237
2024-07-12T16:00,27.6,85,0.1,20.6,237
2024-07-12T17:00,27.4,83,0.0,19.4,239
2024-07-12T18:00,27.2,86,0.2,15.8,249
2024-07-12T19:00,26.8,88,0.0,17.0,253
2024-07-12T20:00,26.9,86,0.0,13.7,247
2024-07-12T21:00,26.4,87,0.2,14.2,249
2024-07-12T22:00,26.3,87,0.6,11.6,254
2024-07-12T23:00,26.2,89,0.3,13.7,240
2024-07-13T00:00,25.9,90,0.3,11.3,248
2024-07-13T01:00,25.9,89,0.4,11.9,245
2024-07-13T02:00,25.6,91,0.3,14.2,246
2024-07-13T03:00,26.0,90,0.1,11.8,239
2024-07-13T04:00,24.9,93,0.9,10.8,244
2024-07-13T05:00,25.5,92,0.7,9.4,247
2024-07-13T06:00,25.9,91,0.1,8.1,249
2024-07-13T07:00,26.1,91,0.1,13.2,253
2024-07-13T08:00,25.3,92,0.9,15.8,253
2024-07-13T09:00,26.7,84,3.4,12.1,247
2024-07-13T10:00,27.8,82,0.3,19.2,253
2024-07-13T11:00,27.1,85,1.4,17.0,257
2024-07-13T12:00,27.7,83,0.6,17.6,255
2024-07-13T13:00,26.4,84,3.5,22.4,255
2024-07-13T14:00,25.4,89,7.5,20.9,271
2024-07-13T15:00,26.1,90,1.6,16.6,246
2024-07-13T16:00,26.7,87,0.3,14.1,266
2024-07-13T17:00,26.5,89,0.6,12.4,262
2024-07-13T18:00,25.6,91,0.7,10.4,272
2024-07-13T19:00,25.6,93,1.3,8.8,261
2024-07-13T20:00,25.7,93,0.0,6.9,242
2024-07-13T21:00,26.0,90,0.0,7.6,245
2024-07-13T22:00,25.9,91,0.0,6.3,246
2024-07-13T23:00,26.0,90,0.1,11.4,259
2024-07-14T00:00,25.6,91,1.6,10.9,264
2024-07-14T01:00,26.2,90,0.1,12.0,261
2024-07-14T02:00,26.3,90,0.1,11.3,261
2024-07-14T03:00,26.5,87,0.2,16.0,262
2024-07-14T04:00,26.8,87,0.0,15.3,251
2024-07-14T05:00,26.9,85,0.0,15.0,253
2024-07-14T06:00,26.6,86,0.0,10.4,250
2024-07-14T07:00,27.4,86,0.1,12.7,263
2024-07-14T08:00,28.5,79,0.1,14.9,262
2024-07-14T09:00,29.0,77,0.2,18.0,258
2024-07-14T10:00,29.4,76,0.3,19.5,254
2024-07-14T11:00,29.4,77,0.2,22.1,258
2024-07-14T12:00,29.5,77,0.1,22.7,259
2024-07-14T13:00,29.3,77,0.2,24.6,263
2024-07-14T14:00,29.2,78,0.4,24.5,260
2024-07-14T15:00,28.8,80,0.4,23.6,258
2024-07-14T16:00,28.5,80,0.2,21.8,257
2024-07-14T17:00,28.1,82,0.2,19.2,253
2024-07-14T18:00,27.6,82,0.0,16.1,250
2024-07-14T19:00,27.7,80,0.0,15.8,253
2024-07-14T20:00,27.6,80,0.1,16.8,255
2024-07-14T21:00,27.5,81,0.0,17.5,256
2024-07-14T22:00,27.6,80,0.0,16.1,250
2024-07-14T23:00,26.7,82,0.9,16.9,269
2024-07-15T00:00,26.1,89,1.0,12.1,253
2024-07-15T01:00,26.1,91,0.1,10.7,250
2024-07-15T02:00,25.8,89,0.9,9.7,266
2024-07-15T03:00,25.7,89,2.6,7.9,246
2024-07-15T04:00,25.5,91,2.9,9.1,263
2024-07-15T05:00,25.3,93,3.8,6.5,236
2024-07-15T06:00,25.3,93,1.2,8.3,214
2024-07-15T07:00,26.1,92,0.3,13.7,247
2024-07-15T08:00,25.8,88,1.6,14.1,230
2024-07-15T09:00,27.5,84,0.1,13.6,248
2024-07-15T10:00,27.8,82,0.7,16.7,256
2024-07-15T11:00,27.6,83,2.0,19.5,258
2024-07-15T12:00,27.6,84,4.2,14.3,258
2024-07-15T13:00,28.1,83,0.1,12.6,250
2024-07-15T14:00,27.7,82,0.8,17.3,266
2024-07-15T15:00,27.4,85,0.9,14.6,260
2024-07-15T16:00,27.7,85,0.1,10.5,264
2024-07-15T17:00,27.5,85,0.2,11.9,268
2024-07-15T18:00,26.9,87,0.0,7.3,259
2024-07-15T19:00,26.4,88,0.3,10.8,266
2024-07-15T20:00,26.3,88,0.1,10.0,257
2024-07-15T21:00,26.4,89,0.0,10.2,260
2024-07-15T22:00,25.5,91,0.8,17.2,254
2024-07-15T23:00,25.5,89,7.4,22.7,268
2024-07-16T00:00,25.1,91,0.4,20.4,256
2024-07-16T01:00,25.5,91,0.7,11.4,246
2024-07-16T02:00,25.9,91,0.3,8.6,237
2024-07-16T03:00,25.8,93,0.1,11.1,245
2024-07-16T04:00,26.0,92,0.1,9.1,236
2024-07-16T05:00,26.1,90,0.0,9.6,236
2024-07-16T06:00,25.5,94,0.1,3.9,214
2024-07-16T07:00,26.1,93,0.2,7.8,257
2024-07-16T08:00,27.0,87,0.2,11.3,243
2024-07-16T09:00,25.9,89,5.8,18.9,252
2024-07-16T10:00,26.8,87,0.1,13.0,246
2024-07-16T11:00,28.0,84,0.1,12.7,245
2024-07-16T12:00,28.7,81,0.1,14.0,247
2024-07-16T13:00,28.2,83,0.1,14.5,256
2024-07-16T14:00,27.8,84,0.3,15.5,258
2024-07-16T15:00,27.8,84,0.1,14.8,256
2024-07-16T16:00,27.7,82,0.2,15.1,258
2024-07-16T17:00,27.3,84,0.0,15.0,249
2024-07-16T18:00,27.1,85,0.0,9.3,254
2024-07-16T19:00,26.8,86,0.0,8.7,240
2024-07-16T20:00,26.7,87,0.0,9.2,244
2024-07-16T21:00,26.9,86,0.0,10.0,240
2024-07-16T22:00,27.1,84,0.0,13.2,244
2024-07-16T23:00,27.0,85,0.0,13.7,243
2024-07-17T00:00,26.9,86,0.1,13.9,245
2024-07-17T01:00,26.9,85,0.0,13.5,241
2024-07-17T02:00,26.8,85,0.0,14.2,240
2024-07-17T03:00,25.8,88,7.5,13.4,246
2024-07-17T04:00,26.1,90,0.9,11.4,235
2024-07-17T05:00,25.7,90,1.7,12.1,243
2024-07-17T06:00,26.0,92,0.2,11.1,245
2024-07-17T07:00,27.2,89,0.0,11.5,250
2024-07-17T08:00,28.1,81,0.1,12.4,262
2024-07-17T09:00,26.9,86,1.1,17.4,264
2024-07-17T10:00,28.2,82,0.2,16.5,259
2024-07-17T11:00,27.1,84,3.0,21.1,262
2024-07-17T12:00,28.2,83,1.1,15.6,251
2024-07-17T13:00,28.1,82,1.9,17.6,259
2024-07-17T14:00,28.0,83,2.2,14.1,251
2024-07-17T15:00,27.8,84,0.1,13.3,251
2024-07-17T16:00,28.2,81,0.1,12.4,244
2024-07-17T17:00,27.6,84,0.3,14.8,256
2024-07-17T18:00,26.9,87,0.1,12.0,263
2024-07-17T19:00,26.7,89,0.0,9.4,247
2024-07-17T20:00,26.8,88,0.0,9.8,246
2024-07-17T21:00,26.7,89,0.0,9.5,245
2024-07-17T22:00,26.9,87,0.1,11.5,250
2024-07-17T23:00,26.9,87,0.0,9.9,237
2024-07-18T00:00,26.7,86,0.5,12.7,245
2024-07-18T01:00,26.0,90,1.2,11.6,244
2024-07-18T02:00,26.4,90,0.2,9.9,224
2024-07-18T03:00,25.8,91,0.3,11.1,245
2024-07-18T04:00,26.0,88,0.9,11.7,236
2024-07-18T05:00,25.8,91,0.6,9.8,234
2024-07-18T06:00,26.0,90,0.6,12.7,241
2024-07-18T07:00,26.7,89,0.1,12.1,247
2024-07-18T08:00,27.2,86,0.1,11.8,250
2024-07-18T09:00,27.0,88,0.0,14.2,249
2024-07-18T10:00,27.8,85,0.2,16.2,257
2024-07-18T11:00,28.0,83,0.2,16.9,241
2024-07-18T12:00,28.0,85,0.1,15.0,249
2024-07-18T13:00,28.4,82,0.1,15.0,260
2024-07-18T14:00,27.7,83,0.2,16.3,248
2024-07-18T15:00,27.7,84,0.1,16.4,244
2024-07-18T16:00,27.0,87,0.3,14.2,243
2024-07-18T17:00,26.7,86,0.1,15.6,236
2024-07-18T18:00,27.3,83,0.0,11.6,254
2024-07-18T19:00,27.1,85,0.0,13.2,241
2024-07-18T20:00,27.0,86,0.0,11.6,248
2024-07-18T21:00,26.9,85,0.0,10.9,253
2024-07-18T22:00,27.0,85,0.0,11.3,243
2024-07-18T23:00,26.6,87,0.1,14.2,254
2024-07-19T00:00,26.9,86,0.1,12.4,253
2024-07-19T01:00,26.9,86,0.1,12.1,258
2024-07-19T02:00,26.8,88,0.0,13.7,247
2024-07-19T03:00,26.6,89,0.0,13.4,250
2024-07-19T04:00,26.6,89,0.0,13.0,251
2024-07-19T05:00,26.5,89,0.0,12.6,246
2024-07-19T06:00,25.8,94,0.1,9.0,265
2024-07-19T07:00,27.2,89,0.2,13.4,265
2024-07-19T08:00,27.3,84,0.6,18.1,264
2024-07-19T09:00,28.2,82,0.4,19.2,265
2024-07-19T10:00,28.8,79,0.3,19.5,266
2024-07-19T11:00,29.2,77,0.4,19.9,266
2024-07-19T12:00,29.3,77,0.4,20.9,268
2024-07-19T13:00,29.0,78,0.6,21.3,268
2024-07-19T14:00,29.0,78,0.6,22.0,265
2024-07-19T15:00,29.0,77,0.2,20.1,260
2024-07-19T16:00,28.6,78,0.2,18.9,252
2024-07-19T17:00,28.2,81,0.1,16.6,246
2024-07-19T18:00,27.5,83,0.0,10.2,247
2024-07-19T19:00,27.3,83,0.0,10.9,243
2024-07-19T20:00,27.4,83,0.0,11.8,250
2024-07-19T21:00,27.4,83,0.0,13.6,258
2024-07-19T22:00,27.5,82,0.0,14.7,259
2024-07-19T23:00,27.3,85,0.0,13.1,249
2024-07-20T00:00,27.1,85,0.0,12.7,245
2024-07-20T01:00,27.0,85,0.0,15.0,253
2024-07-20T02:00,27.0,86,0.0,13.6,248
2024-07-20T03:00,26.9,86,0.0,14.2,243
2024-07-20T04:00,26.9,87,0.0,13.7,243
2024-07-20T05:00,26.9,87,0.0,13.5,245
2024-07-20T06:00,27.2,84,0.0,11.8,243
2024-07-20T07:00,28.0,82,0.0,13.4,243
2024-07-20T08:00,28.8,78,0.1,15.6,241
2024-07-20T09:00,29.3,76,0.1,17.4,246
2024-07-20T10:00,29.6,75,0.0,17.4,246
2024-07-20T11:00,29.8,75,0.1,18.1,247
2024-07-20T12:00,29.9,75,0.1,18.1,249
2024-07-20T13:00,29.9,75,0.0,16.4,244
2024-07-20T14:00,29.7,76,0.0,15.8,243
2024-07-20T15:00,29.5,77,0.0,14.5,247
2024-07-20T16:00,29.2,78,0.0,14.0,244
2024-07-20T17:00,28.6,80,0.0,13.1,233
2024-07-20T18:00,27.5,85,0.0,6.2,216
2024-07-20T19:00,26.7,90,0.0,5.3,208
2024-07-20T20:00,26.4,92,0.0,5.8,210
2024-07-20T21:00,26.7,90,0.0,7.4,231
2024-07-20T22:00,26.9,87,0.0,9.3,242
2024-07-20T23:00,27.1,83,0.0,9.8,242
2024-07-21T00:00,27.0,84,0.0,8.9,238
2024-07-21T01:00,26.7,87,0.0,7.9,231
2024-07-21T02:00,26.7,88,0.0,8.2,229
2024-07-21T03:00,26.5,89,0.0,7.7,229
2024-07-21T04:00,26.2,90,0.0,6.9,231
2024-07-21T05:00,25.5,94,0.0,4.9,216
2024-07-21T06:00,25.9,94,0.0,4.1,195
2024-07-21T07:00,27.5,90,0.0,4.7,189
2024-07-21T08:00,28.6,82,0.0,7.2,217
2024-07-21T09:00,29.3,77,0.0,8.7,232
2024-07-21T10:00,29.6,76,0.0,10.8,233
2024-07-21T11:00,29.8,74,0.0,11.1,234
2024-07-21T12:00,30.0,74,0.0,11.4,235
2024-07-21T13:00,29.9,73,0.0,11.8,230
2024-07-21T14:00,29.8,73,0.0,12.0,229
2024-07-21T15:00,29.4,76,0.0,13.2,227
2024-07-21T16:00,29.0,80,0.0,13.8,221
2024-07-21T17:00,28.4,82,0.0,13.3,221
2024-07-21T18:00,27.2,83,0.0,7.1,210
2024-07-21T19:00,26.6,87,0.0,7.4,203
2024-07-21T20:00,26.3,89,0.0,6.1,208
2024-07-21T21:00,26.0,92,0.0,4.9,216
2024-07-21T22:00,25.8,93,0.0,4.7,212
2024-07-21T23:00,25.5,95,0.0,5.2,196
2024-07-22T00:00,25.5,96,0.0,4.3,185
2024-07-22T01:00,25.6,96,0.0,5.1,188
2024-07-22T02:00,25.4,97,0.1,4.3,185
2024-07-22T03:00,25.3,97,0.2,3.9,202
2024-07-22T04:00,25.6,95,0.2,5.5,203
2024-07-22T05:00,25.6,95,0.1,8.4,200
2024-07-22T06:00,25.4,91,0.0,5.1,176
2024-07-22T07:00,27.2,87,0.0,7.9,196
2024-07-22T08:00,28.5,81,0.1,10.7,228
2024-07-22T09:00,29.0,80,0.3,11.6,244
2024-07-22T10:00,27.8,82,4.0,14.1,267
2024-07-22T11:00,27.3,82,1.3,15.0,249
2024-07-22T12:00,28.0,82,0.0,12.0,237
2024-07-22T13:00,28.4,80,0.1,14.3,245
2024-07-22T14:00,28.7,79,0.0,14.8,244
2024-07-22T15:00,28.7,77,0.0,13.9,249
2024-07-22T16:00,28.1,81,0.0,13.2,241
2024-07-22T17:00,27.9,82,0.0,11.1,234
2024-07-22T18:00,27.2,82,0.0,5.9,227
2024-07-22T19:00,26.5,86,0.0,6.6,193
2024-07-22T20:00,26.2,89,0.0,7.3,189
2024-07-22T21:00,26.1,91,0.0,7.2,186
2024-07-22T22:00,26.0,91,0.0,6.7,196
2024-07-22T23:00,26.0,92,0.0,8.8,199
2024-07-23T00:00,26.0,92,0.0,7.1,195
2024-07-23T01:00,25.7,94,0.0,5.9,194
2024-07-23T02:00,25.5,94,0.1,6.2,216
2024-07-23T03:00,25.8,92,0.1,8.0,207
2024-07-23T04:00,25.6,92,0.2,7.9,210
2024-07-23T05:00,25.5,93,0.3,4.7,189
2024-07-23T06:00,25.8,93,0.0,7.2,183
2024-07-23T07:00,26.9,90,0.1,7.8,193
2024-07-23T08:00,27.7,85,0.1,10.1,215
2024-07-23T09:00,28.4,82,0.1,12.6,217
2024-07-23T10:00,28.8,81,0.5,15.3,227
2024-07-23T11:00,29.1,81,0.4,15.8,221
2024-07-23T12:00,29.2,80,0.2,15.8,223
2024-07-23T13:00,29.1,80,0.0,16.8,227
2024-07-23T14:00,29.1,81,0.0,15.9,231
2024-07-23T15:00,28.9,81,0.0,15.2,234
2024-07-23T16:00,28.5,82,0.0,14.0,228
2024-07-23T17:00,28.0,83,0.0,12.8,220
2024-07-23T18:00,27.5,84,0.0,8.9,220
2024-07-23T19:00,27.3,85,0.0,9.5,209
2024-07-23T20:00,27.0,88,0.0,9.8,204
2024-07-23T21:00,26.9,89,0.0,10.8,201
2024-07-23T22:00,26.9,90,0.0,11.1,205
2024-07-23T23:00,26.8,90,0.0,11.1,205
2024-07-24T00:00,26.5,91,0.1,10.0,206
2024-07-24T01:00,26.2,94,0.2,10.6,215
2024-07-24T02:00,26.1,92,0.0,9.8,208
2024-07-24T03:00,26.0,92,0.2,9.9,213
2024-07-24T04:00,25.9,94,0.0,7.9,210
2024-07-24T05:00,25.7,95,0.1,9.5,217
2024-07-24T06:00,25.9,95,0.4,8.4,220
2024-07-24T07:00,27.5,88,0.3,11.9,235
2024-07-24T08:00,28.3,84,0.3,15.1,230
2024-07-24T09:00,28.8,82,0.3,16.6,231
2024-07-24T10:00,29.1,81,0.1,16.4,230
2024-07-24T11:00,29.5,80,0.1,16.1,231
2024-07-24T12:00,29.6,79,0.0,16.8,235
2024-07-24T13:00,29.6,78,0.0,16.9,236
2024-07-24T14:00,29.4,79,0.1,18.1,235
2024-07-24T15:00,28.9,80,0.1,18.2,231
2024-07-24T16:00,28.9,80,0.0,17.7,232
2024-07-24T17:00,28.2,81,0.1,17.4,230
2024-07-24T18:00,27.8,81,0.0,12.2,227
2024-07-24T19:00,27.5,82,0.1,12.8,220
2024-07-24T20:00,27.3,83,0.1,13.4,216
2024-07-24T21:00,27.4,82,0.1,14.6,218
2024-07-24T22:00,27.3,83,0.0,13.8,221
2024-07-24T23:00,27.2,84,0.0,14.1,220
2024-07-25T00:00,26.9,86,0.1,13.8,221
2024-07-25T01:00,26.8,88,0.2,14.5,228
2024-07-25T02:00,26.6,89,0.1,14.0,226
2024-07-25T03:00,26.5,87,0.3,13.5,236
2024-07-25T04:00,26.5,86,0.2,16.3,248
2024-07-25T05:00,26.3,87,0.5,17.1,255
2024-07-25T06:00,26.4,89,0.1,13.0,256
2024-07-25T07:00,26.8,87,0.1,12.2,251
2024-07-25T08:00,27.8,82,0.0,13.3,257
2024-07-25T09:00,28.6,79,0.0,10.6,242
2024-07-25T10:00,29.1,78,0.0,11.8,247
2024-07-25T11:00,29.4,78,0.0,13.4,239
2024-07-25T12:00,29.4,78,0.0,19.0,245
2024-07-25T13:00,29.4,78,0.0,18.8,241
2024-07-25T14:00,29.2,76,0.4,20.0,244
2024-07-25T15:00,28.8,76,0.9,21.7,251
2024-07-25T16:00,28.0,83,0.8,18.1,249
2024-07-25T17:00,27.8,84,0.0,17.5,251
2024-07-25T18:00,27.7,81,0.0,14.2,263
2024-07-25T19:00,27.6,81,0.0,13.3,257
2024-07-25T20:00,27.2,85,0.0,10.5,254
2024-07-25T21:00,26.9,87,0.0,9.0,247
2024-07-25T22:00,26.6,90,0.0,5.9,232
2024-07-25T23:00,25.9,94,0.0,4.8,228
2024-07-26T00:00,26.0,93,0.0,5.9,232
2024-07-26T01:00,26.4,91,0.1,8.4,245
2024-07-26T02:00,26.6,89,0.0,9.7,243
2024-07-26T03:00,26.6,88,0.0,10.7,250
2024-07-26T04:00,26.6,88,0.0,10.1,253
2024-07-26T05:00,26.7,87,0.0,12.5,258
2024-07-26T06:00,26.6,89,0.0,6.8,252
2024-07-26T07:00,28.1,82,0.0,11.3,253
2024-07-26T08:00,28.6,79,0.1,12.7,255
2024-07-26T09:00,29.1,79,0.0,10.7,250
2024-07-26T10:00,29.4,78,0.1,14.0,258
2024-07-26T11:00,29.3,79,0.6,21.0,264
2024-07-26T12:00,29.5,79,0.2,19.5,267
2024-07-26T13:00,29.3,79,0.2,22.9,262
2024-07-26T14:00,28.6,81,0.2,23.2,258
2024-07-26T15:00,28.8,80,0.2,19.6,256
2024-07-26T16:00,28.4,82,0.1,19.5,251
2024-07-26T17:00,28.1,81,0.1,18.3,250
2024-07-26T18:00,27.8,84,0.0,10.8,249
2024-07-26T19:00,27.7,83,0.0,14.3,258
2024-07-26T20:00,27.7,83,0.0,14.8,252
2024-07-26T21:00,27.7,83,0.0,15.0,253
2024-07-26T22:00,27.8,84,0.0,13.8,263
2024-07-26T23:00,27.6,85,0.0,12.8,259
2024-07-27T00:00,27.3,87,0.0,12.3,263
2024-07-27T01:00,27.0,89,0.0,11.0,259
2024-07-27T02:00,26.8,89,0.1,13.3,257
2024-07-27T03:00,26.8,89,0.0,10.9,264
2024-07-27T04:00,26.9,87,0.0,12.2,256
2024-07-27T05:00,27.0,87,0.0,12.1,253
2024-07-27T06:00,26.8,92,0.0,5.4,233
2024-07-27T07:00,28.2,85,0.0,9.9,251
2024-07-27T08:00,28.8,82,0.1,16.3,256
2024-07-27T09:00,29.1,81,0.2,19.8,258
2024-07-27T10:00,29.5,80,0.0,18.5,257
2024-07-27T11:00,29.6,76,0.2,20.7,257
2024-07-27T12:00,29.5,78,0.4,20.8,260
2024-07-27T13:00,29.2,80,0.4,20.1,261
2024-07-27T14:00,29.0,80,0.5,23.0,260
2024-07-27T15:00,28.7,81,0.9,22.4,255
2024-07-27T16:00,28.4,83,0.2,21.7,251
2024-07-27T17:00,27.5,85,0.3,21.8,248
2024-07-27T18:00,27.5,87,0.0,15.0,240
2024-07-27T19:00,27.3,87,0.0,13.2,227
2024-07-27T20:00,27.4,87,0.0,12.3,230
2024-07-27T21:00,27.4,88,0.0,12.8,232
2024-07-27T22:00,27.3,88,0.1,14.9,233
2024-07-27T23:00,27.2,89,0.0,14.6,237
2024-07-28T00:00,26.9,89,0.2,20.8,247
2024-07-28T01:00,27.2,86,0.1,20.4,249
2024-07-28T02:00,26.7,90,0.0,20.0,247
2024-07-28T03:00,26.4,87,1.9,21.3,248
2024-07-28T04:00,26.9,87,0.1,19.7,239
2024-07-28T05:00,27.0,86,0.0,19.9,250
2024-07-28T06:00,27.4,86,0.0,19.4,252
2024-07-28T07:00,28.0,84,0.0,19.9,253
2024-07-28T08:00,28.5,81,0.0,18.9,257
2024-07-28T09:00,28.9,81,0.0,18.7,251
2024-07-28T10:00,29.1,81,0.1,18.0,250
2024-07-28T11:00,29.3,79,0.1,20.5,246
2024-07-28T12:00,29.5,76,0.2,21.1,250
2024-07-28T13:00,29.6,76,0.2,20.4,253
2024-07-28T14:00,29.4,76,0.3,21.1,250
2024-07-28T15:00,29.1,75,0.3,22.9,251
2024-07-28T16:00,28.0,81,1.6,19.4,248
2024-07-28T17:00,27.3,84,2.2,19.0,243
2024-07-28T18:00,27.6,80,0.0,14.0,252
2024-07-28T19:00,27.4,81,0.0,15.9,257
2024-07-28T20:00,25.8,89,0.4,15.2,248
2024-07-28T21:00,25.7,92,4.6,13.4,250
2024-07-28T22:00,26.0,90,0.9,14.8,256
2024-07-28T23:00,25.2,93,7.7,13.1,261
2024-07-29T00:00,25.9,90,2.6,13.0,251
2024-07-29T01:00,26.1,90,0.0,14.0,247
2024-07-29T02:00,26.2,90,0.1,13.0,242
2024-07-29T03:00,26.5,87,0.4,13.4,243
2024-07-29T04:00,26.5,89,0.2,10.9,243
2024-07-29T05:00,26.1,92,0.1,8.5,258
2024-07-29T06:00,27.0,88,0.0,9.4,266
2024-07-29T07:00,27.7,84,0.0,13.1,254
2024-07-29T08:00,28.9,77,0.2,16.6,252
2024-07-29T09:00,28.6,79,0.3,21.3,244
2024-07-29T10:00,28.5,79,1.2,21.5,247
2024-07-29T11:00,27.4,87,1.8,20.1,241
2024-07-29T12:00,26.4,87,2.9,19.0,255
2024-07-29T13:00,27.0,88,4.3,15.8,269
2024-07-29T14:00,25.4,91,3.5,12.8,260
2024-07-29T15:00,26.3,87,2.9,16.7,245
2024-07-29T16:00,25.8,89,4.4,13.9,253
2024-07-29T17:00,25.5,92,1.0,15.8,258
2024-07-29T18:00,25.1,94,1.4,1.8,259
2024-07-29T19:00,25.1,94,0.6,3.9,124
2024-07-29T20:00,24.2,95,1.9,1.6,117
2024-07-29T21:00,23.9,92,3.7,4.3,156
2024-07-29T22:00,23.3,97,3.9,8.2,105
2024-07-29T23:00,23.5,97,2.0,8.9,130
2024-07-30T00:00,23.7,96,1.3,6.4,196
2024-07-30T01:00,23.6,96,6.7,6.5,146
2024-07-30T02:00,23.7,96,2.1,6.8,148
2024-07-30T03:00,24.3,94,0.3,5.5,148
2024-07-30T04:00,24.5,93,0.3,4.0,170
2024-07-30T05:00,24.5,95,0.1,1.8,281
2024-07-30T06:00,24.6,98,0.0,1.5,315
2024-07-30T07:00,25.7,96,0.0,2.5,360
2024-07-30T08:00,26.9,92,0.2,5.5,293
2024-07-30T09:00,27.5,87,0.2,13.0,270
2024-07-30T10:00,28.6,81,0.0,15.5,258
2024-07-30T11:00,28.5,83,0.3,15.1,258
2024-07-30T12:00,29.1,82,0.1,14.8,266
2024-07-30T13:00,29.1,82,0.1,17.7,265
2024-07-30T14:00,28.5,84,0.3,17.4,263
2024-07-30T15:00,28.0,83,0.9,15.9,265
2024-07-30T16:00,27.9,83,0.2,14.8,264
2024-07-30T17:00,27.4,86,0.1,14.8,264
2024-07-30T18:00,27.3,84,0.0,12.6,270
2024-07-30T19:00,27.1,85,0.0,11.5,266
2024-07-30T20:00,26.9,86,0.0,11.4,257
2024-07-30T21:00,26.8,88,0.0,10.2,247
2024-07-30T22:00,26.6,89,0.0,8.2,241
2024-07-30T23:00,26.7,89,0.0,11.2,249
2024-07-31T00:00,26.8,86,0.4,10.8,255
2024-07-31T01:00,26.8,88,0.0,11.6,248
2024-07-31T02:00,26.6,86,0.3,15.5,252
2024-07-31T03:00,25.9,89,0.6,13.8,255
2024-07-31T04:00,25.9,90,0.6,13.5,261
2024-07-31T05:00,25.6,93,0.5,7.9,267
2024-07-31T06:00,24.9,96,0.7,5.6,255
2024-07-31T07:00,26.0,93,0.2,4.6,231
2024-07-31T08:00,27.0,88,0.3,11.2,237
2024-07-31T09:00,28.2,81,0.1,13.9,249
2024-07-31T10:00,28.2,79,0.2,16.2,253
2024-07-31T11:00,29.1,79,0.1,14.3,252
2024-07-31T12:00,28.4,82,1.6,17.4,264
2024-07-31T13:00,28.7,80,0.1,18.4,266
2024-07-31T14:00,28.9,80,0.2,16.5,260
2024-07-31T15:00,26.9,87,10.6,13.9,253
2024-07-31T16:00,27.1,86,0.3,13.1,254
2024-07-31T17:00,27.0,87,0.1,12.1,253
2024-07-31T18:00,27.5,83,0.0,10.9,262
2024-07-31T19:00,26.9,86,0.0,10.9,264
2024-07-31T20:00,26.8,87,0.0,8.7,232
2024-07-31T21:00,26.4,88,0.8,6.0,205
2024-07-31T22:00,25.6,91,1.4,13.8,237
2024-07-31T23:00,25.9,92,0.4,7.9,219
2024-08-01T00:00,25.5,94,0.1,8.1,225
2024-08-01T01:00,25.7,93,0.3,10.0,229
2024-08-01T02:00,25.7,92,0.2,8.9,220
2024-08-01T03:00,25.8,92,0.2,9.6,214
2024-08-01T04:00,25.6,93,0.4,11.2,225
2024-08-01T05:00,26.0,90,0.1,9.8,216
2024-08-01T06:00,26.4,89,0.2,12.0,221
2024-08-01T07:00,27.2,87,0.1,11.0,229
2024-08-01T08:00,27.9,83,0.6,16.6,240
2024-08-01T09:00,28.4,82,0.6,19.2,244
2024-08-01T10:00,28.8,82,0.1,21.4,250
2024-08-01T11:00,29.0,81,0.0,21.4,253
2024-08-01T12:00,28.0,83,0.9,21.3,246
2024-08-01T13:00,28.2,81,0.1,19.8,233
2024-08-01T14:00,28.2,80,0.1,20.1,234
2024-08-01T15:00,28.6,78,0.1,19.5,231
2024-08-01T16:00,28.1,80,0.1,18.7,232
2024-08-01T17:00,27.2,83,0.4,17.6,235
2024-08-01T18:00,27.4,81,0.2,12.1,247
2024-08-01T19:00,26.4,85,0.4,14.5,243
2024-08-01T20:00,26.7,87,0.2,7.4,227
2024-08-01T21:00,26.4,89,0.0,12.7,215
2024-08-01T22:00,25.9,90,0.0,11.7,198
2024-08-01T23:00,25.6,92,0.0,11.2,186
2024-08-02T00:00,25.2,91,0.8,10.5,202
2024-08-02T01:00,25.1,94,0.4,10.5,218
2024-08-02T02:00,25.3,93,0.3,10.4,224
2024-08-02T03:00,25.3,92,0.5,9.2,219
2024-08-02T04:00,24.9,94,0.7,10.9,236
2024-08-02T05:00,25.2,91,0.5,10.0,240
2024-08-02T06:00,26.0,89,0.3,13.3,229
2024-08-02T07:00,25.2,91,1.3,18.7,247
2024-08-02T08:00,26.9,85,0.3,15.2,234
2024-08-02T09:00,27.6,84,0.2,14.2,249
2024-08-02T10:00,27.1,84,0.5,17.2,254
2024-08-02T11:00,27.3,83,0.2,15.0,246
2024-08-02T12:00,28.4,80,0.1,16.3,239
2024-08-02T13:00,28.0,82,2.7,14.3,242
2024-08-02T14:00,28.0,81,0.0,17.0,238
2024-08-02T15:00,28.3,80,0.0,17.3,239
2024-08-02T16:00,27.8,82,0.1,17.2,237
2024-08-02T17:00,27.2,84,0.2,17.6,239
2024-08-02T18:00,26.9,85,0.0,10.6,246
2024-08-02T19:00,26.7,87,0.0,7.5,215
2024-08-02T20:00,26.4,89,0.0,7.4,203
2024-08-02T21:00,25.8,93,0.0,6.2,190
2024-08-02T22:00,26.0,92,0.0,8.0,207
2024-08-02T23:00,25.9,92,0.0,7.3,200
2024-08-03T00:00,26.0,91,0.0,8.7,218
2024-08-03T01:00,26.4,88,0.0,9.7,219
2024-08-03T02:00,26.2,90,0.0,11.2,222
2024-08-03T03:00,26.0,88,0.0,8.4,211
2024-08-03T04:00,25.8,89,0.1,5.9,218
2024-08-03T05:00,24.9,90,0.4,8.0,198
2024-08-03T06:00,26.4,89,0.3,10.0,221
2024-08-03T07:00,27.6,85,0.0,11.0,238
2024-08-03T08:00,27.8,79,0.2,15.8,249
2024-08-03T09:00,28.4,80,0.1,15.8,249
2024-08-03T10:00,28.9,79,0.0,15.2,248
2024-08-03T11:00,29.0,79,0.0,15.9,245
2024-08-03T12:00,29.4,77,0.0,16.6,236
2024-08-03T13:00,29.2,78,0.1,16.0,247
2024-08-03T14:00,28.9,78,0.1,17.4,246
2024-08-03T15:00,28.6,79,0.2,17.9,245
2024-08-03T16:00,28.4,79,0.1,15.7,233
2024-08-03T17:00,27.9,81,0.0,13.6,230
2024-08-03T18:00,27.3,83,0.0,8.7,222
2024-08-03T19:00,26.9,84,0.0,7.4,219
2024-08-03T20:00,26.8,84,0.0,8.2,229
2024-08-03T21:00,26.6,86,0.1,9.2,228
2024-08-03T22:00,26.7,85,0.0,9.0,233
2024-08-03T23:00,26.7,85,0.0,8.8,235
2024-08-04T00:00,26.6,83,0.2,8.2,241
2024-08-04T01:00,26.4,85,0.5,11.0,247
2024-08-04T02:00,26.4,86,0.1,11.1,241
2024-08-04T03:00,26.1,84,0.3,10.4,250
2024-08-04T04:00,26.1,85,0.3,9.0,241
2024-08-04T05:00,25.6,90,0.3,7.5,235
2024-08-04T06:00,26.4,87,0.0,8.8,258
2024-08-04T07:00,27.3,83,0.1,14.1,266
2024-08-04T08:00,27.6,81,0.3,17.8,263
2024-08-04T09:00,28.0,80,0.7,19.5,267
2024-08-04T10:00,28.5,80,0.4,20.9,266
2024-08-04T11:00,28.6,79,0.3,22.0,271
2024-08-04T12:00,28.7,79,0.4,22.0,269
2024-08-04T13:00,28.7,79,0.3,22.3,271
2024-08-04T14:00,28.5,80,0.2,20.9,266
2024-08-04T15:00,28.4,80,0.1,19.8,258
2024-08-04T16:00,27.8,78,0.5,21.1,250
2024-08-04T17:00,27.2,84,0.1,12.6,265
2024-08-04T18:00,26.9,86,0.0,6.7,234
2024-08-04T19:00,26.8,86,0.0,10.7,228
2024-08-04T20:00,26.8,85,0.0,12.7,227
2024-08-04T21:00,26.8,85,0.0,10.9,236
2024-08-04T22:00,26.8,86,0.0,10.1,235
2024-08-04T23:00,26.7,85,0.0,11.1,241
2024-08-05T00:00,26.7,83,0.2,11.1,241
2024-08-05T01:00,26.0,89,0.3,8.6,248
2024-08-05T02:00,25.8,89,0.1,6.8,252
2024-08-05T03:00,25.9,88,0.2,8.7,263
2024-08-05T04:00,26.2,87,0.1,10.4,272
2024-08-05T05:00,26.3,87,0.0,12.2,270
2024-08-05T06:00,26.5,87,0.1,12.5,258
2024-08-05T07:00,27.2,84,0.1,16.3,264
2024-08-05T08:00,27.8,81,0.2,16.5,254
2024-08-05T09:00,27.8,81,0.1,16.0,256
2024-08-05T10:00,28.5,79,0.1,16.9,259
2024-08-05T11:00,28.2,82,0.3,15.5,252
2024-08-05T12:00,28.6,79,0.3,20.3,253
2024-08-05T13:00,28.4,77,1.3,22.8,264
2024-08-05T14:00,28.3,79,0.9,21.8,262
2024-08-05T15:00,28.2,79,0.5,23.1,266
2024-08-05T16:00,27.5,78,0.6,21.2,260
2024-08-05T17:00,27.1,85,0.2,19.6,263
2024-08-05T18:00,27.0,81,0.1,16.2,253
2024-08-05T19:00,26.7,83,0.0,12.6,250
2024-08-05T20:00,26.6,83,0.0,11.6,240
2024-08-05T21:00,26.5,84,0.0,13.2,244
2024-08-05T22:00,26.3,87,0.0,12.6,250
2024-08-05T23:00,26.2,87,0.0,11.8,247
2024-08-06T00:00,26.1,88,0.0,10.4,256
2024-08-06T01:00,25.8,90,0.0,8.3,252
2024-08-06T02:00,25.6,91,0.0,6.8,238
2024-08-06T03:00,25.6,90,0.1,6.7,254
2024-08-06T04:00,25.5,90,0.2,8.0,275
2024-08-06T05:00,25.6,90,0.2,9.0,272
2024-08-06T06:00,25.5,94,0.0,3.1,249
2024-08-06T07:00,26.8,89,0.1,5.0,240
2024-08-06T08:00,27.8,83,0.2,7.7,242
2024-08-06T09:00,28.5,79,0.1,10.8,244
2024-08-06T10:00,28.9,77,0.1,11.6,240
2024-08-06T11:00,29.1,77,0.3,15.0,243
2024-08-06T12:00,28.9,78,0.3,16.4,244
2024-08-06T13:00,28.9,78,0.1,16.9,243
2024-08-06T14:00,28.5,80,0.1,17.1,240
2024-08-06T15:00,28.3,79,0.1,18.2,240
2024-08-06T16:00,27.9,80,0.2,16.9,236
2024-08-06T17:00,27.6,82,0.1,14.2,234
2024-08-06T18:00,27.3,82,0.0,9.2,228
2024-08-06T19:00,26.8,84,0.0,8.2,232
2024-08-06T20:00,26.8,84,0.0,9.8,234
2024-08-06T21:00,26.6,85,0.0,7.8,236
2024-08-06T22:00,26.8,84,0.0,10.9,243
2024-08-06T23:00,26.9,83,0.0,11.1,245
2024-08-07T00:00,26.9,84,0.0,10.0,240
2024-08-07T01:00,26.5,86,0.0,10.7,237
2024-08-07T02:00,26.2,86,0.0,11.7,236
2024-08-07T03:00,25.9,88,0.2,9.9,237
2024-08-07T04:00,26.2,85,0.4,9.8,242
2024-08-07T05:00,26.3,87,0.4,10.7,237
2024-08-07T06:00,26.0,92,0.1,7.1,221
2024-08-07T07:00,27.4,86,0.1,11.1,234
2024-08-07T08:00,28.3,81,0.1,15.3,240
2024-08-07T09:00,28.7,79,0.0,15.3,243
2024-08-07T10:00,29.0,77,0.0,15.8,249
2024-08-07T11:00,29.1,77,0.0,18.0,254
2024-08-07T12:00,29.1,77,0.1,18.6,261
2024-08-07T13:00,29.1,77,0.0,16.7,263
2024-08-07T14:00,28.8,78,0.0,16.4,255
2024-08-07T15:00,28.7,74,0.0,17.7,257
2024-08-07T16:00,28.2,77,0.0,14.1,255
2024-08-07T17:00,27.6,79,0.0,12.2,246
2024-08-07T18:00,26.8,79,0.0,8.4,250
2024-08-07T19:00,26.5,81,0.0,7.6,245
2024-08-07T20:00,25.9,86,0.0,4.7,238
2024-08-07T21:00,25.8,87,0.0,5.2,245
2024-08-07T22:00,26.1,87,0.0,5.6,243
2024-08-07T23:00,25.9,88,0.0,6.0,245
2024-08-08T00:00,25.9,88,0.2,6.8,238
2024-08-08T01:00,25.8,89,0.3,5.3,242
2024-08-08T02:00,25.5,91,0.2,4.4,235
2024-08-08T03:00,25.3,93,0.4,7.4,256
2024-08-08T04:00,25.3,93,0.3,8.0,265
2024-08-08T05:00,25.0,92,2.6,8.9,238
2024-08-08T06:00,26.7,85,0.0,13.3,268
2024-08-08T07:00,27.3,84,0.1,16.6,274
2024-08-08T08:00,27.4,83,0.5,15.8,270
2024-08-08T09:00,28.1,82,0.1,15.9,273
2024-08-08T10:00,28.7,81,0.1,15.5,273
2024-08-08T11:00,28.7,79,0.7,19.1,271
2024-08-08T12:00,28.2,81,4.1,20.6,264
2024-08-08T13:00,27.5,82,0.4,19.8,267
2024-08-08T14:00,28.0,82,2.0,20.3,264
2024-08-08T15:00,28.0,82,1.2,17.6,259
2024-08-08T16:00,27.7,82,0.0,15.2,256
2024-08-08T17:00,27.6,84,0.0,13.1,249
2024-08-08T18:00,26.8,83,0.0,15.3,246
2024-08-08T19:00,26.7,82,0.0,13.0,242
2024-08-08T20:00,26.7,83,0.0,15.3,240
2024-08-08T21:00,26.7,84,0.0,15.8,240
2024-08-08T22:00,26.6,85,0.0,13.9,245
2024-08-08T23:00,26.3,87,0.0,13.5,254
2024-08-09T00:00,26.1,87,0.0,12.9,257
2024-08-09T01:00,25.9,89,0.0,13.4,250
2024-08-09T02:00,26.1,86,0.1,13.2,253
2024-08-09T03:00,26.1,86,0.1,12.8,259
2024-08-09T04:00,26.1,87,0.1,11.9,268
2024-08-09T05:00,25.9,89,0.1,9.4,274
2024-08-09T06:00,25.7,90,0.0,4.3,275
2024-08-09T07:00,27.1,87,0.0,6.1,273
2024-08-09T08:00,28.2,79,0.1,12.6,268
2024-08-09T09:00,28.6,77,0.0,13.0,270
2024-08-09T10:00,29.0,78,0.0,13.3,268
2024-08-09T11:00,29.0,79,0.1,13.8,263
2024-08-09T12:00,29.1,79,0.1,15.6,262
2024-08-09T13:00,29.1,79,0.0,15.1,258
2024-08-09T14:00,29.0,79,0.0,15.6,251
2024-08-09T15:00,28.7,79,0.0,14.6,250
2024-08-09T16:00,28.3,79,0.1,15.6,244
2024-08-09T17:00,27.8,80,0.0,14.2,243
2024-08-09T18:00,27.0,81,0.0,8.7,225
2024-08-09T19:00,26.6,83,0.0,7.7,217
2024-08-09T20:00,26.6,83,0.0,9.9,213
2024-08-09T21:00,26.5,83,0.0,9.2,219
2024-08-09T22:00,26.7,82,0.0,10.7,225
2024-08-09T23:00,26.6,82,0.0,11.1,234
2024-08-10T00:00,26.5,80,0.1,11.8,239
2024-08-10T01:00,26.5,82,0.1,11.2,230
2024-08-10T02:00,26.1,83,0.3,9.9,251
2024-08-10T03:00,25.1,91,0.7,8.0,260
2024-08-10T04:00,25.0,92,0.8,7.5,235
2024-08-10T05:00,24.8,92,0.8,9.7,239
2024-08-10T06:00,26.5,83,0.8,10.5,254
2024-08-10T07:00,27.3,85,0.0,11.5,256
2024-08-10T08:00,28.0,80,0.1,13.1,261
2024-08-10T09:00,27.9,80,0.2,14.9,263
2024-08-10T10:00,28.0,82,0.5,14.4,270
2024-08-10T11:00,27.9,83,0.2,14.8,270
2024-08-10T12:00,28.5,79,0.1,14.9,263
2024-08-10T13:00,28.4,80,0.4,17.8,256
2024-08-10T14:00,28.0,81,2.2,18.8,258
2024-08-10T15:00,28.1,78,0.6,16.9,259
2024-08-10T16:00,27.7,83,1.6,12.2,256
2024-08-10T17:00,27.5,82,0.4,12.9,247
2024-08-10T18:00,27.3,84,0.0,9.2,249
2024-08-10T19:00,26.9,85,0.0,8.3,236
2024-08-10T20:00,26.9,84,0.0,9.3,234
2024-08-10T21:00,27.0,84,0.1,11.2,237
2024-08-10T22:00,27.0,84,0.0,11.7,236
2024-08-10T23:00,26.9,84,0.0,12.1,240
2024-08-11T00:00,26.8,84,0.1,12.3,238
2024-08-11T01:00,26.7,85,0.0,11.9,241
2024-08-11T02:00,26.6,83,0.2,11.3,243
2024-08-11T03:00,25.4,93,1.1,9.0,247
2024-08-11T04:00,25.1,92,4.5,5.5,259
2024-08-11T05:00,24.5,94,2.9,4.8,117
2024-08-11T06:00,26.2,88,0.5,6.9,261
2024-08-11T07:00,26.8,86,0.2,7.2,267
2024-08-11T08:00,27.1,83,0.2,10.3,282
2024-08-11T09:00,27.9,82,0.1,7.6,275
2024-08-11T10:00,27.9,81,1.4,9.7,248
2024-08-11T11:00,27.2,83,4.2,11.1,245
2024-08-11T12:00,26.7,83,0.9,15.5,239
2024-08-11T13:00,26.8,83,0.0,9.8,234
2024-08-11T14:00,27.2,83,0.1,15.4,217
2024-08-11T15:00,27.2,83,0.5,14.8,227
2024-08-11T16:00,26.8,83,0.3,10.7,222
2024-08-11T17:00,26.8,88,0.0,8.2,218
2024-08-11T18:00,26.5,89,0.0,3.7,209
2024-08-11T19:00,26.7,87,0.0,5.6,207
2024-08-11T20:00,26.4,88,0.0,8.9,223
2024-08-11T21:00,26.1,89,0.1,9.5,233
2024-08-11T22:00,25.1,93,2.0,3.3,193
2024-08-11T23:00,25.2,95,0.3,5.9,133
2024-08-12T00:00,24.7,96,0.2,7.9,137
2024-08-12T01:00,24.8,96,0.1,6.2,216
2024-08-12T02:00,25.1,92,0.2,1.8,323
2024-08-12T03:00,24.9,94,0.1,3.2,243
2024-08-12T04:00,24.9,94,0.1,4.0,265
2024-08-12T05:00,25.0,94,0.1,2.6,286
2024-08-12T06:00,25.2,96,0.0,5.6,105
2024-08-12T07:00,26.1,95,0.0,6.9,118
2024-08-12T08:00,27.2,89,0.1,8.3,185
2024-08-12T09:00,28.1,86,0.3,7.9,219
2024-08-12T10:00,29.0,81,0.2,11.7,236
2024-08-12T11:00,29.3,80,0.1,13.6,238
2024-08-12T12:00,29.6,80,0.3,14.1,238
2024-08-12T13:00,28.3,85,1.3,14.9,238
2024-08-12T14:00,28.2,82,1.2,14.2,234
2024-08-12T15:00,27.7,85,1.5,8.0,234
2024-08-12T16:00,26.9,88,4.8,7.9,196
2024-08-12T17:00,25.8,95,1.8,9.4,140
2024-08-12T18:00,25.6,96,2.9,8.7,107
2024-08-12T19:00,25.3,96,1.8,10.0,131
2024-08-12T20:00,24.7,97,5.0,9.9,134
2024-08-12T21:00,24.7,96,2.8,8.0,144
2024-08-12T22:00,24.4,98,3.8,6.8,122
2024-08-12T23:00,24.6,97,3.3,3.6,127
2024-08-13T00:00,24.8,96,0.9,1.5,135
2024-08-13T01:00,24.9,97,0.2,1.3,236
2024-08-13T02:00,24.9,96,0.1,1.6,63
2024-08-13T03:00,24.9,95,0.1,1.8,191
2024-08-13T04:00,25.0,95,0.0,2.5,180
2024-08-13T05:00,24.9,96,0.0,3.3,139
2024-08-13T06:00,24.2,96,0.1,10.0,142
2024-08-13T07:00,24.6,94,0.1,7.4,157
2024-08-13T08:00,25.9,89,0.0,9.0,164
2024-08-13T09:00,27.1,84,0.1,9.7,182
2024-08-13T10:00,27.4,84,0.2,11.2,182
2024-08-13T11:00,26.8,88,0.6,9.8,174
2024-08-13T12:00,27.3,84,0.2,14.7,208
2024-08-13T13:00,26.9,86,0.3,11.9,209
2024-08-13T14:00,26.9,86,0.7,12.5,198
2024-08-13T15:00,27.2,84,0.2,12.8,196
2024-08-13T16:00,26.9,87,0.1,13.4,194
2024-08-13T17:00,26.8,86,0.0,13.1,189
2024-08-13T18:00,25.9,89,0.0,14.8,181
2024-08-13T19:00,25.8,89,0.0,13.4,172
2024-08-13T20:00,25.5,91,0.0,11.6,173
2024-08-13T21:00,25.4,92,0.1,12.4,170
2024-08-13T22:00,25.4,92,0.0,10.9,163
2024-08-13T23:00,25.2,93,0.1,12.3,177
2024-08-14T00:00,25.6,89,0.2,14.7,191
2024-08-14T01:00,25.4,89,0.3,14.6,190
2024-08-14T02:00,25.4,90,0.3,12.8,191
2024-08-14T03:00,25.3,91,0.1,9.7,176
2024-08-14T04:00,24.9,94,0.4,10.1,184
2024-08-14T05:00,24.9,94,0.2,11.1,167
2024-08-14T06:00,24.9,96,0.1,6.9,171
2024-08-14T07:00,25.6,89,0.6,9.4,184
2024-08-14T08:00,26.5,87,0.1,10.3,192
2024-08-14T09:00,26.8,85,0.3,9.6,200
2024-08-14T10:00,27.3,83,0.4,13.0,224
2024-08-14T11:00,28.0,81,0.1,12.2,227
2024-08-14T12:00,28.5,80,0.1,13.8,227
2024-08-14T13:00,27.7,82,0.2,13.8,227
2024-08-14T14:00,28.0,81,0.0,15.3,229
2024-08-14T15:00,27.2,80,0.7,17.7,237
2024-08-14T16:00,26.9,85,0.3,14.3,236
2024-08-14T17:00,26.7,84,0.2,12.6,233
2024-08-14T18:00,26.7,84,0.0,11.2,220
2024-08-14T19:00,26.4,86,0.0,9.5,209
2024-08-14T20:00,26.3,87,0.0,8.7,210
2024-08-14T21:00,26.3,87,0.0,8.0,207
2024-08-14T22:00,26.2,88,0.1,8.4,211
2024-08-14T23:00,26.0,88,0.2,8.2,221
2024-08-15T00:00,25.8,89,0.3,7.2,207
2024-08-15T01:00,25.7,91,0.1,7.3,191
2024-08-15T02:00,25.1,94,0.7,6.0,163
2024-08-15T03:00,24.9,95,0.1,7.8,146
2024-08-15T04:00,24.6,95,0.0,7.3,147
2024-08-15T05:00,24.5,95,0.0,8.2,151
2024-08-15T06:00,25.6,93,0.4,8.6,178
2024-08-15T07:00,26.3,89,0.3,11.6,196
2024-08-15T08:00,27.4,84,0.1,12.2,204
2024-08-15T09:00,28.0,81,0.1,15.1,213
2024-08-15T10:00,28.8,79,0.2,17.9,220
2024-08-15T11:00,28.9,77,0.0,16.8,223
2024-08-15T12:00,28.4,78,0.6,18.6,229
2024-08-15T13:00,28.6,78,0.3,19.6,238
2024-08-15T14:00,28.4,78,0.1,18.4,235
2024-08-15T15:00,28.5,77,0.1,18.2,232
2024-08-15T16:00,28.0,78,0.1,16.8,235
2024-08-15T17:00,27.5,82,0.2,15.9,237
2024-08-15T18:00,27.2,82,0.0,11.5,221
2024-08-15T19:00,27.1,82,0.0,10.3,209
2024-08-15T20:00,26.9,84,0.0,8.6,195
2024-08-15T21:00,26.6,86,0.0,7.2,183
2024-08-15T22:00,26.4,88,0.0,6.1,183
2024-08-15T23:00,26.1,90,0.0,7.2,183
2024-08-16T00:00,26.0,91,0.1,9.0,196
2024-08-16T01:00,25.9,91,0.1,6.5,177
2024-08-16T02:00,25.4,93,1.4,7.9,183
2024-08-16T03:00,25.4,93,1.3,11.6,196
2024-08-16T04:00,25.3,93,0.1,9.0,180
2024-08-16T05:00,25.4,92,0.6,14.0,180
2024-08-16T06:00,25.9,93,2.1,8.7,187
2024-08-16T07:00,26.4,90,0.0,13.3,177
2024-08-16T08:00,27.1,86,0.1,14.7,205
2024-08-16T09:00,27.8,85,0.1,15.2,211
2024-08-16T10:00,27.1,86,4.8,16.9,209
2024-08-16T11:00,28.1,82,0.3,17.1,231
2024-08-16T12:00,26.5,89,6.0,18.7,232
2024-08-16T13:00,26.8,85,0.9,15.6,218
2024-08-16T14:00,27.2,84,0.3,16.8,215
2024-08-16T15:00,26.6,86,5.5,17.1,231
2024-08-16T16:00,25.9,91,3.5,6.5,214
2024-08-16T17:00,26.1,89,0.7,15.5,224
2024-08-16T18:00,25.9,90,0.7,13.6,212
2024-08-16T19:00,26.0,91,0.4,12.3,218
2024-08-16T20:00,25.8,92,0.5,11.7,223
2024-08-16T21:00,25.5,94,0.6,9.4,212
2024-08-16T22:00,25.5,94,0.5,10.7,213
2024-08-16T23:00,25.0,94,3.7,8.9,223
2024-08-17T00:00,24.7,96,5.5,3.0,194
2024-08-17T01:00,25.0,96,0.6,8.7,246
2024-08-17T02:00,24.8,94,1.1,6.1,208
2024-08-17T03:00,24.9,93,2.3,3.7,259
2024-08-17T04:00,26.3,86,0.1,13.4,264
2024-08-17T05:00,26.4,84,0.1,14.0,247
2024-08-17T06:00,25.2,92,1.9,11.3,253
2024-08-17T07:00,25.7,90,1.9,13.2,241
2024-08-17T08:00,27.2,86,0.1,11.9,245
2024-08-17T09:00,26.5,84,6.0,17.4,236
2024-08-17T10:00,28.1,81,0.6,15.2,239
2024-08-17T11:00,27.2,86,8.0,15.8,253
2024-08-17T12:00,26.7,86,3.5,18.1,247
2024-08-17T13:00,27.1,83,0.4,21.1,243
2024-08-17T14:00,27.1,84,1.2,20.4,226
2024-08-17T15:00,26.9,83,0.2,19.5,240
2024-08-17T16:00,26.8,84,0.6,18.2,231
2024-08-17T17:00,26.0,89,2.6,14.3,229
2024-08-17T18:00,25.5,91,2.7,13.1,233
2024-08-17T19:00,24.9,91,2.2,9.8,208
2024-08-17T20:00,24.8,94,3.6,5.0,210
2024-08-17T21:00,25.0,93,0.9,6.6,221
2024-08-17T22:00,25.2,92,0.9,12.0,224
2024-08-17T23:00,25.2,92,1.3,12.7,225
2024-08-18T00:00,25.0,93,0.4,12.3,238
2024-08-18T01:00,25.1,92,2.8,12.6,243
2024-08-18T02:00,25.1,92,2.3,8.7,210
2024-08-18T03:00,25.1,93,1.1,10.0,221
2024-08-18T04:00,24.8,91,3.9,12.2,225
2024-08-18T05:00,24.8,93,0.5,8.8,215
2024-08-18T06:00,25.6,91,0.1,9.2,249
2024-08-18T07:00,26.0,91,0.3,11.3,239
2024-08-18T08:00,26.8,87,0.2,12.2,236
2024-08-18T09:00,27.5,83,0.2,12.0,231
2024-08-18T10:00,28.3,78,0.6,14.0,241
2024-08-18T11:00,27.7,80,0.5,15.0,246
2024-08-18T12:00,27.2,82,6.2,13.1,261
2024-08-18T13:00,27.9,81,0.3,12.4,240
2024-08-18T14:00,28.2,80,0.2,10.0,229
2024-08-18T15:00,27.9,80,0.1,11.8,239
2024-08-18T16:00,27.6,81,0.7,11.8,232
2024-08-18T17:00,27.3,83,0.1,11.5,229
2024-08-18T18:00,27.3,82,0.0,8.7,218
2024-08-18T19:00,27.2,84,0.0,10.1,207
2024-08-18T20:00,26.9,85,0.0,12.9,207
2024-08-18T21:00,26.6,86,0.0,12.9,198
2024-08-18T22:00,26.6,86,0.2,10.9,188
2024-08-18T23:00,26.6,86,0.1,12.4,190
2024-08-19T00:00,26.7,85,0.1,12.8,196
2024-08-19T01:00,26.0,88,0.1,12.7,205
2024-08-19T02:00,26.0,88,0.1,11.7,198
2024-08-19T03:00,26.2,87,0.3,11.5,194
2024-08-19T04:00,25.9,91,0.3,13.6,192
2024-08-19T05:00,25.9,91,0.1,9.7,182
2024-08-19T06:00,26.7,86,0.1,10.8,217
2024-08-19T07:00,26.6,89,1.0,11.0,221
2024-08-19T08:00,27.0,85,0.2,15.0,207
2024-08-19T09:00,27.9,81,0.3,14.3,198
2024-08-19T10:00,27.7,84,0.2,17.3,197
2024-08-19T11:00,28.5,81,0.1,19.5,203
2024-08-19T12:00,27.8,80,1.3,20.5,214
2024-08-19T13:00,28.0,81,0.7,16.8,208
2024-08-19T14:00,27.3,83,0.1,16.8,203
2024-08-19T15:00,26.5,83,0.3,20.3,217
2024-08-19T16:00,25.1,92,4.8,20.0,219
2024-08-19T17:00,26.0,89,0.2,14.4,202
2024-08-19T18:00,25.7,92,1.2,6.4,207
2024-08-19T19:00,24.8,95,1.8,13.2,197
2024-08-19T20:00,24.8,95,2.3,7.9,156
2024-08-19T21:00,24.6,96,0.3,11.9,155
2024-08-19T22:00,24.6,95,2.2,13.2,169
2024-08-19T23:00,24.7,95,0.5,14.4,181
2024-08-20T00:00,24.6,96,0.5,12.2,166
2024-08-20T01:00,24.4,96,0.4,12.4,170
2024-08-20T02:00,24.4,96,0.4,10.7,160
2024-08-20T03:00,24.3,96,1.3,12.1,190
2024-08-20T04:00,24.4,94,0.2,11.6,158
2024-08-20T05:00,24.3,96,0.5,9.9,170
2024-08-20T06:00,24.4,95,0.1,11.8,149
2024-08-20T07:00,25.3,91,0.2,15.5,177
2024-08-20T08:00,26.2,88,0.3,17.3,179
2024-08-20T09:00,27.4,85,0.2,17.0,186
2024-08-20T10:00,27.8,82,0.2,20.0,188
2024-08-20T11:00,26.6,85,1.3,20.0,198
2024-08-20T12:00,27.3,84,0.4,18.6,190
2024-08-20T13:00,26.4,84,2.5,19.4,191
2024-08-20T14:00,26.4,86,0.4,20.7,193
2024-08-20T15:00,26.4,84,0.2,21.8,193
2024-08-20T16:00,26.3,85,0.2,18.5,188
2024-08-20T17:00,26.0,87,1.5,17.0,184
2024-08-20T18:00,26.0,88,0.3,14.2,196
2024-08-20T19:00,25.9,88,0.1,14.8,193
2024-08-20T20:00,25.7,89,0.3,16.5,196
2024-08-20T21:00,25.6,91,0.3,16.2,184
2024-08-20T22:00,25.5,90,0.1,14.4,176
2024-08-20T23:00,25.4,89,0.1,15.9,176
2024-08-21T00:00,25.4,88,0.1,13.7,183
2024-08-21T01:00,24.6,92,2.9,18.0,183
2024-08-21T02:00,24.9,92,1.4,16.2,193
2024-08-21T03:00,24.9,93,0.2,12.5,192
2024-08-21T04:00,24.6,95,0.3,13.4,188
2024-08-21T05:00,24.7,94,1.1,11.2,195
2024-08-21T06:00,25.2,90,1.6,14.6,220
2024-08-21T07:00,24.5,94,0.7,11.6,210
2024-08-21T08:00,24.7,91,1.8,14.0,226
2024-08-21T09:00,24.4,92,4.0,10.5,202
2024-08-21T10:00,25.0,91,1.1,15.0,207
2024-08-21T11:00,25.7,87,0.8,14.8,219
2024-08-21T12:00,26.1,85,0.5,16.8,215
2024-08-21T13:00,26.2,86,1.2,16.1,204
2024-08-21T14:00,25.7,88,0.4,14.2,207
2024-08-21T15:00,26.2,86,0.3,17.2,217
2024-08-21T16:00,26.4,85,0.4,16.1,209
2024-08-21T17:00,26.3,87,0.4,11.9,205
2024-08-21T18:00,25.4,93,0.0,3.5,246
2024-08-21T19:00,25.1,92,0.0,4.7,212
2024-08-21T20:00,24.5,93,0.0,4.8,207
2024-08-21T21:00,24.7,92,0.0,5.6,207
2024-08-21T22:00,25.1,92,0.0,5.5,191
2024-08-21T23:00,25.2,94,0.4,6.8,155
2024-08-22T00:00,25.0,95,0.0,8.2,157
2024-08-22T01:00,24.8,95,0.1,7.4,157
2024-08-22T02:00,24.6,95,0.2,9.7,158
2024-08-22T03:00,24.6,94,0.3,7.9,196
2024-08-22T04:00,24.8,93,0.1,9.8,186
2024-08-22T05:00,24.5,95,0.0,8.0,162
2024-08-22T06:00,24.7,94,0.0,8.0,153
2024-08-22T07:00,25.6,93,0.2,9.8,163
2024-08-22T08:00,27.1,86,0.1,12.6,183
2024-08-22T09:00,28.0,83,0.0,14.7,197
2024-08-22T10:00,28.5,77,0.3,17.4,207
2024-08-22T11:00,28.7,75,0.0,17.7,207
2024-08-22T12:00,28.9,75,0.2,19.2,208
2024-08-22T13:00,28.6,75,0.1,19.1,212
2024-08-22T14:00,28.5,76,0.1,20.0,214
2024-08-22T15:00,28.2,77,0.0,18.6,216
2024-08-22T16:00,28.2,77,0.0,18.4,215
2024-08-22T17:00,27.6,80,0.0,15.3,210
2024-08-22T18:00,27.2,81,0.0,8.4,187
2024-08-22T19:00,26.7,83,0.0,8.6,178
2024-08-22T20:00,26.7,83,0.0,10.4,178
2024-08-22T21:00,26.6,84,0.0,10.1,176
2024-08-22T22:00,26.6,85,0.0,13.1,172
2024-08-22T23:00,26.2,87,0.0,14.3,162
2024-08-23T00:00,25.7,88,0.0,14.2,164
2024-08-23T01:00,25.6,90,0.0,12.9,167
2024-08-23T02:00,25.6,90,0.0,11.4,167
2024-08-23T03:00,25.4,91,0.0,10.4,160
2024-08-23T04:00,25.3,92,0.1,10.7,166
2024-08-23T05:00,25.4,92,0.0,10.9,163
2024-08-23T06:00,25.2,92,0.0,9.6,146
2024-08-23T07:00,26.2,91,0.0,9.7,153
2024-08-23T08:00,27.4,87,0.2,12.2,178
2024-08-23T09:00,28.1,82,0.5,14.0,198
2024-08-23T10:00,29.0,78,0.4,16.1,214
2024-08-23T11:00,29.4,77,0.3,17.7,218
2024-08-23T12:00,29.3,77,0.3,18.6,216
2024-08-23T13:00,29.0,77,0.3,18.8,216
2024-08-23T14:00,28.9,77,0.2,19.4,220
2024-08-23T15:00,28.4,78,0.2,18.4,222
2024-08-23T16:00,27.9,80,0.1,16.9,220
2024-08-23T17:00,27.7,82,0.0,14.7,211
2024-08-23T18:00,27.1,82,0.0,11.6,202
2024-08-23T19:00,26.8,83,0.0,12.2,199
2024-08-23T20:00,26.6,84,0.0,12.6,193
2024-08-23T21:00,26.4,85,0.0,13.0,186
2024-08-23T22:00,26.1,87,0.1,13.0,180
2024-08-23T23:00,25.9,88,0.0,13.0,175
2024-08-24T00:00,25.6,90,0.0,13.4,174
2024-08-24T01:00,25.5,90,0.0,13.1,171
2024-08-24T02:00,25.2,91,0.0,12.2,166
2024-08-24T03:00,25.1,92,0.1,12.0,159
2024-08-24T04:00,24.9,93,0.1,13.0,166
2024-08-24T05:00,25.0,92,0.1,10.6,170
2024-08-24T06:00,25.5,93,0.0,8.7,175
2024-08-24T07:00,26.9,84,0.1,11.4,191
2024-08-24T08:00,27.6,80,0.1,13.0,204
2024-08-24T09:00,28.5,76,0.3,14.5,222
2024-08-24T10:00,28.8,76,0.3,16.7,233
2024-08-24T11:00,28.9,76,0.1,16.9,241
2024-08-24T12:00,29.2,76,0.2,18.4,242
2024-08-24T13:00,29.1,76,0.2,19.2,240
2024-08-24T14:00,28.8,77,0.1,18.4,239
2024-08-24T15:00,28.6,77,0.1,17.9,240
2024-08-24T16:00,28.4,77,0.1,17.7,237
2024-08-24T17:00,27.8,80,0.1,14.4,233
2024-08-24T18:00,27.3,79,0.0,11.0,238
2024-08-24T19:00,26.9,80,0.0,10.1,235
2024-08-24T20:00,26.6,82,0.0,7.9,227
2024-08-24T21:00,26.4,83,0.0,6.7,234
2024-08-24T22:00,26.4,83,0.0,8.3,236
2024-08-24T23:00,26.2,83,0.0,7.7,229
2024-08-25T00:00,26.1,84,0.0,8.9,223
2024-08-25T01:00,26.1,84,0.0,10.4,224
2024-08-25T02:00,26.2,85,0.0,9.2,228
2024-08-25T03:00,25.9,86,0.0,6.9,227
2024-08-25T04:00,25.4,89,0.0,5.4,228
2024-08-25T05:00,25.1,91,0.0,5.2,214
2024-08-25T06:00,26.0,88,0.0,5.7,252
2024-08-25T07:00,27.3,83,0.0,8.1,249
2024-08-25T08:00,28.0,78,0.2,13.9,249
2024-08-25T09:00,28.4,77,0.2,15.0,249
2024-08-25T10:00,28.7,76,0.2,15.0,246
2024-08-25T11:00,28.9,76,0.2,17.1,242
2024-08-25T12:00,29.2,75,0.4,19.8,245
2024-08-25T13:00,28.8,76,0.3,20.7,250
2024-08-25T14:00,28.8,76,0.0,19.8,254
2024-08-25T15:00,28.6,76,0.1,18.8,253
2024-08-25T16:00,27.9,79,0.4,17.0,249
2024-08-25T17:00,27.6,81,0.2,14.3,245
2024-08-25T18:00,26.9,81,0.0,11.4,246
2024-08-25T19:00,26.7,81,0.0,10.5,239
2024-08-25T20:00,26.5,83,0.0,8.7,222
2024-08-25T21:00,26.3,85,0.0,9.3,216
2024-08-25T22:00,26.4,84,0.0,10.1,215
2024-08-25T23:00,26.1,84,0.0,10.1,197
2024-08-26T00:00,26.1,85,0.0,11.0,199
2024-08-26T01:00,25.9,87,0.0,9.8,204
2024-08-26T02:00,25.7,87,0.0,9.2,222
2024-08-26T03:00,25.7,87,0.1,9.2,225
2024-08-26T04:00,25.9,85,0.1,12.2,225
2024-08-26T05:00,26.0,85,0.0,11.2,222
2024-08-26T06:00,26.9,80,0.0,12.7,227
2024-08-26T07:00,27.8,79,0.0,14.3,227
2024-08-26T08:00,28.3,76,0.0,15.5,226
2024-08-26T09:00,28.8,75,0.0,17.3,227
2024-08-26T10:00,29.0,74,0.1,18.9,228
2024-08-26T11:00,29.2,73,0.4,19.6,234
2024-08-26T12:00,29.4,73,0.1,18.3,234
2024-08-26T13:00,29.3,74,0.1,18.0,237
2024-08-26T14:00,28.9,75,0.3,19.5,240
2024-08-26T15:00,28.9,75,0.1,17.9,236
2024-08-26T16:00,28.5,75,0.0,15.9,231
2024-08-26T17:00,28.0,78,0.0,13.8,223
2024-08-26T18:00,27.2,77,0.0,10.5,221
2024-08-26T19:00,26.7,80,0.0,9.2,206
2024-08-26T20:00,26.5,82,0.0,8.9,207
2024-08-26T21:00,26.5,81,0.0,10.8,210
2024-08-26T22:00,26.7,80,0.0,11.0,212
2024-08-26T23:00,26.9,79,0.0,12.3,218
2024-08-27T00:00,26.8,79,0.0,14.0,224
2024-08-27T01:00,26.8,79,0.0,14.0,226
2024-08-27T02:00,26.8,79,0.0,11.5,229
2024-08-27T03:00,26.8,79,0.0,13.3,229
2024-08-27T04:00,26.7,79,0.1,14.5,235
2024-08-27T05:00,26.6,79,0.0,13.3,237
2024-08-27T06:00,26.7,81,0.0,11.8,230
2024-08-27T07:00,27.6,80,0.0,13.8,231
2024-08-27T08:00,28.3,76,0.0,13.8,229
2024-08-27T09:00,28.8,73,0.0,14.3,229
2024-08-27T10:00,29.1,73,0.0,14.6,230
2024-08-27T11:00,29.4,72,0.0,15.7,233
2024-08-27T12:00,29.4,73,0.0,15.7,233
2024-08-27T13:00,29.4,72,0.0,15.7,238
2024-08-27T14:00,29.2,73,0.0,17.7,241
2024-08-27T15:00,29.0,73,0.0,17.6,242
2024-08-27T16:00,28.6,74,0.0,15.9,242
2024-08-27T17:00,28.1,77,0.0,12.9,234
2024-08-27T18:00,27.5,75,0.0,10.0,229
2024-08-27T19:00,27.2,76,0.0,8.1,225
2024-08-27T20:00,27.1,78,0.0,7.9,219
2024-08-27T21:00,27.0,78,0.0,9.5,217
2024-08-27T22:00,27.2,77,0.0,10.0,221
2024-08-27T23:00,27.1,77,0.0,10.4,214
2024-08-28T00:00,27.0,78,0.0,10.8,210
2024-08-28T01:00,26.8,80,0.0,9.5,209
2024-08-28T02:00,26.8,80,0.0,9.7,219
2024-08-28T03:00,26.8,80,0.0,13.2,223
2024-08-28T04:00,26.8,80,0.1,14.0,224
2024-08-28T05:00,26.7,81,0.1,11.8,220
2024-08-28T06:00,26.7,83,0.0,10.8,217
2024-08-28T07:00,27.6,81,0.0,13.0,224
2024-08-28T08:00,28.4,75,0.0,17.8,227
2024-08-28T09:00,28.9,73,0.0,17.4,232
2024-08-28T10:00,29.3,72,0.0,18.2,243
2024-08-28T11:00,29.4,72,0.0,20.3,243
2024-08-28T12:00,29.3,72,0.0,20.8,242
2024-08-28T13:00,29.4,72,0.0,19.3,246
2024-08-28T14:00,29.0,73,0.1,19.8,251
2024-08-28T15:00,28.7,74,0.1,19.0,245
2024-08-28T16:00,28.4,74,0.0,17.9,240
2024-08-28T17:00,28.1,77,0.0,14.3,236
2024-08-28T18:00,27.4,77,0.0,12.6,243
2024-08-28T19:00,27.5,77,0.0,12.5,237
2024-08-28T20:00,27.4,77,0.0,12.0,231
2024-08-28T21:00,27.3,77,0.0,12.8,230
2024-08-28T22:00,27.3,77,0.0,12.8,230
2024-08-28T23:00,27.0,79,0.0,14.5,222
2024-08-29T00:00,26.9,80,0.1,12.3,230
2024-08-29T01:00,26.8,81,0.2,9.5,233
2024-08-29T02:00,25.3,87,0.4,10.9,243
2024-08-29T03:00,25.3,88,0.4,12.8,212
2024-08-29T04:00,25.7,87,0.2,8.7,197
2024-08-29T05:00,24.2,96,0.9,8.2,255
2024-08-29T06:00,26.0,89,0.6,3.7,209
2024-08-29T07:00,26.6,90,0.0,7.9,254
2024-08-29T08:00,26.8,84,1.0,9.6,283
2024-08-29T09:00,27.0,81,0.7,12.0,261
2024-08-29T10:00,28.3,78,0.2,13.6,238
2024-08-29T11:00,28.9,76,0.2,14.3,252
2024-08-29T12:00,27.9,78,0.9,14.5,251
2024-08-29T13:00,29.0,74,0.2,19.8,251
2024-08-29T14:00,29.1,74,0.1,18.4,242
2024-08-29T15:00,28.9,74,0.0,20.0,242
2024-08-29T16:00,28.7,72,0.0,19.5,236
2024-08-29T17:00,27.9,75,0.0,17.3,234
2024-08-29T18:00,27.8,76,0.0,13.0,222
2024-08-29T19:00,27.7,77,0.0,12.3,218
2024-08-29T20:00,27.2,80,0.0,12.0,221
2024-08-29T21:00,25.6,87,0.8,15.6,230
2024-08-29T22:00,25.4,90,0.0,9.1,198
2024-08-29T23:00,24.8,90,0.3,5.1,188
2024-08-30T00:00,24.9,94,0.5,5.4,200
2024-08-30T01:00,25.0,95,0.4,7.7,191
2024-08-30T02:00,24.6,95,0.4,9.5,189
2024-08-30T03:00,25.2,93,0.6,10.3,168
2024-08-30T04:00,23.9,94,3.0,12.9,252
2024-08-30T05:00,24.6,89,0.3,14.2,210
2024-08-30T06:00,24.9,92,1.9,14.7,234
2024-08-30T07:00,25.8,89,0.1,10.9,186
2024-08-30T08:00,26.8,87,0.2,15.0,201
2024-08-30T09:00,27.0,86,0.7,11.0,199
2024-08-30T10:00,27.4,82,2.7,19.0,237
2024-08-30T11:00,26.0,87,4.2,15.0,260
2024-08-30T12:00,26.5,84,0.6,14.3,236
2024-08-30T13:00,27.5,82,0.1,15.9,232
2024-08-30T14:00,27.3,83,0.1,15.9,219
2024-08-30T15:00,27.3,81,0.1,20.0,219
2024-08-30T16:00,26.7,81,0.7,20.5,214
2024-08-30T17:00,26.1,87,0.4,15.0,215
2024-08-30T18:00,26.2,86,0.6,14.8,225
2024-08-30T19:00,25.7,89,0.1,15.3,221
2024-08-30T20:00,25.6,91,0.3,14.8,221
2024-08-30T21:00,25.4,90,1.0,13.0,219
2024-08-30T22:00,24.9,93,3.1,9.9,213
2024-08-30T23:00,24.9,93,0.5,12.8,220
2024-08-31T00:00,24.5,92,1.1,18.2,240
2024-08-31T01:00,24.7,89,2.2,11.8,232
2024-08-31T02:00,24.7,92,0.5,14.3,225
2024-08-31T03:00,24.7,92,0.9,13.5,224
2024-08-31T04:00,24.7,92,0.6,13.8,227
2024-08-31T05:00,24.9,89,2.0,16.3,239
2024-08-31T06:00,24.8,91,0.3,10.0,221
2024-08-31T07:00,25.9,91,0.1,11.5,212
2024-08-31T08:00,27.0,84,0.1,15.6,218
2024-08-31T09:00,25.8,87,0.9,19.5,214
2024-08-31T10:00,27.1,82,0.1,13.9,217
2024-08-31T11:00,27.0,83,1.0,12.2,225
2024-08-31T12:00,27.6,82,0.2,15.7,233
2024-08-31T13:00,27.7,81,0.3,20.2,235
2024-08-31T14:00,26.7,84,2.7,18.7,230
2024-08-31T15:00,27.1,82,0.2,18.8,234
2024-08-31T16:00,26.5,86,1.7,16.2,233
2024-08-31T17:00,26.1,87,1.0,16.0,239
2024-08-31T18:00,25.5,90,0.5,10.3,234
2024-08-31T19:00,26.0,89,0.4,10.9,207
2024-08-31T20:00,25.5,91,0.1,10.1,215
2024-08-31T21:00,24.6,93,1.7,9.9,226
2024-08-31T22:00,25.2,91,0.5,11.8,211
2024-08-31T23:00,24.6,93,2.2,9.2,211
2024-09-01T00:00,24.8,92,0.9,11.8,203
2024-09-01T01:00,24.7,93,0.4,11.4,215
2024-09-01T02:00,24.9,94,1.6,11.8,230
2024-09-01T03:00,24.4,96,1.1,8.7,222
2024-09-01T04:00,24.8,92,0.7,11.0,212
2024-09-01T05:00,24.6,92,1.2,12.8,220
2024-09-01T06:00,25.1,92,2.5,8.2,229
2024-09-01T07:00,25.3,92,0.7,13.6,212
2024-09-01T08:00,26.7,84,0.3,12.0,219
2024-09-01T09:00,27.5,83,0.3,14.8,223
2024-09-01T10:00,26.8,87,1.1,16.3,223
2024-09-01T11:00,27.9,82,0.2,13.4,246
2024-09-01T12:00,27.4,83,2.4,10.3,241
2024-09-01T13:00,27.4,82,0.6,17.3,258
2024-09-01T14:00,27.0,85,0.6,15.5,239
2024-09-01T15:00,26.2,87,6.2,16.5,247
2024-09-01T16:00,25.7,89,1.5,13.0,242
2024-09-01T17:00,25.8,91,0.3,12.0,226
2024-09-01T18:00,25.8,90,0.2,8.5,216
2024-09-01T19:00,25.4,92,2.8,9.8,216
2024-09-01T20:00,25.5,93,0.6,10.2,231
2024-09-01T21:00,25.6,93,0.2,10.4,224
2024-09-01T22:00,25.7,93,0.2,10.7,228
2024-09-01T23:00,25.4,94,0.6,10.9,226
2024-09-02T00:00,25.0,96,0.7,11.7,252
2024-09-02T01:00,25.1,93,1.1,10.0,240
2024-09-02T02:00,24.9,93,4.6,8.9,227
2024-09-02T03:00,25.0,94,1.0,13.4,243
2024-09-02T04:00,24.9,93,5.9,6.9,264
2024-09-02T05:00,24.5,96,3.6,2.5,278
2024-09-02T06:00,26.9,86,0.4,18.1,265
2024-09-02T07:00,27.6,85,0.3,20.5,269
2024-09-02T08:00,28.4,81,0.3,19.9,266
2024-09-02T09:00,28.8,77,1.1,22.4,265
2024-09-02T10:00,29.2,76,1.4,23.4,267
2024-09-02T11:00,29.2,77,0.7,22.0,266
2024-09-02T12:00,28.6,80,0.5,22.0,266
2024-09-02T13:00,29.0,76,2.1,22.7,260
2024-09-02T14:00,28.9,76,0.2,21.4,253
2024-09-02T15:00,27.8,83,4.2,13.2,241
2024-09-02T16:00,26.8,89,0.2,13.7,235
2024-09-02T17:00,25.7,90,2.2,15.9,231
2024-09-02T18:00,25.4,92,5.8,13.4,207
2024-09-02T19:00,25.8,92,0.0,14.4,202
2024-09-02T20:00,25.9,90,0.5,17.7,231
2024-09-02T21:00,26.1,88,0.1,19.6,229
2024-09-02T22:00,26.3,86,0.1,17.1,231
2024-09-02T23:00,25.2,91,1.7,17.8,225
2024-09-03T00:00,25.3,90,7.9,13.0,226
2024-09-03T01:00,25.3,90,0.2,14.8,214
2024-09-03T02:00,24.8,93,2.5,19.0,217
2024-09-03T03:00,25.2,90,0.5,20.4,234
2024-09-03T04:00,25.3,91,0.5,17.9,220
2024-09-03T05:00,24.8,92,1.9,16.1,231
2024-09-03T06:00,25.3,91,1.9,11.8,239
2024-09-03T07:00,26.2,89,0.3,13.8,237
2024-09-03T08:00,27.5,82,0.3,15.0,240
2024-09-03T09:00,27.4,83,1.0,19.6,250
2024-09-03T10:00,26.7,85,4.9,19.9,257
2024-09-03T11:00,26.6,83,0.7,19.3,249
2024-09-03T12:00,27.2,84,0.4,12.7,241
2024-09-03T13:00,26.7,87,6.5,16.2,253
2024-09-03T14:00,26.3,87,0.5,14.8,266
2024-09-03T15:00,25.5,87,1.4,16.2,233
2024-09-03T16:00,25.6,91,1.4,14.9,250
2024-09-03T17:00,25.6,90,2.1,15.4,237
2024-09-03T18:00,26.1,86,0.1,12.1,233
2024-09-03T19:00,26.0,88,0.3,9.2,225
2024-09-03T20:00,26.0,89,0.7,10.7,230
2024-09-03T21:00,26.2,88,0.4,12.2,227
2024-09-03T22:00,26.1,88,0.1,12.2,223
2024-09-03T23:00,25.8,90,0.0,12.7,215
2024-09-04T00:00,25.7,91,0.4,10.5,221
2024-09-04T01:00,25.8,91,0.6,11.5,226
2024-09-04T02:00,25.8,92,0.2,12.7,227
2024-09-04T03:00,25.8,92,0.3,10.7,230
2024-09-04T04:00,25.8,92,0.1,9.8,242
2024-09-04T05:00,25.6,93,0.2,10.9,243
2024-09-04T06:00,25.2,91,2.8,9.8,264
2024-09-04T07:00,25.4,93,1.7,7.4,241
2024-09-04T08:00,26.0,93,0.4,7.8,248
2024-09-04T09:00,27.8,85,0.4,14.2,249
2024-09-04T10:00,28.2,80,0.4,16.9,258
2024-09-04T11:00,28.9,78,0.2,18.2,256
2024-09-04T12:00,28.0,83,1.7,20.2,259
2024-09-04T13:00,28.1,80,0.1,19.7,261
2024-09-04T14:00,28.0,80,0.2,16.7,251
2024-09-04T15:00,27.3,83,4.4,16.5,254
2024-09-04T16:00,27.1,85,0.1,17.2,244
2024-09-04T17:00,27.4,82,0.1,16.1,246
2024-09-04T18:00,26.8,84,0.0,12.6,243
2024-09-04T19:00,26.6,85,0.0,12.2,236
2024-09-04T20:00,26.6,84,0.0,12.0,226
2024-09-04T21:00,26.7,85,0.0,12.2,227
2024-09-04T22:00,26.6,85,0.1,11.2,230
2024-09-04T23:00,26.7,84,0.0,12.7,235
2024-09-05T00:00,26.8,83,0.0,12.5,231
2024-09-05T01:00,26.9,82,0.1,14.1,238
2024-09-05T02:00,27.1,80,0.1,15.1,245
2024-09-05T03:00,26.9,82,0.0,15.3,255
2024-09-05T04:00,26.7,84,0.1,14.7,239
2024-09-05T05:00,26.6,86,0.0,13.7,247
2024-09-05T06:00,27.2,83,0.0,13.9,249
2024-09-05T07:00,28.0,82,0.1,17.1,255
2024-09-05T08:00,28.5,79,0.1,20.6,258
2024-09-05T09:00,29.0,76,0.0,20.9,255
2024-09-05T10:00,29.3,76,0.3,21.3,254
2024-09-05T11:00,29.2,77,0.6,22.0,255
2024-09-05T12:00,29.2,78,0.6,23.7,256
2024-09-05T13:00,29.1,77,0.3,23.9,258
2024-09-05T14:00,29.1,77,0.4,22.4,259
2024-09-05T15:00,28.8,78,0.3,21.5,252
2024-09-05T16:00,28.4,79,0.3,20.1,249
2024-09-05T17:00,27.8,82,0.2,16.9,246
2024-09-05T18:00,27.4,81,0.0,10.7,228
2024-09-05T19:00,27.1,82,0.0,10.7,220
2024-09-05T20:00,27.3,81,0.0,13.0,224
2024-09-05T21:00,27.3,80,0.0,13.8,223
2024-09-05T22:00,27.4,79,0.0,15.3,221
2024-09-05T23:00,27.5,79,0.0,15.5,226
2024-09-06T00:00,27.3,80,0.0,16.3,235
2024-09-06T01:00,26.7,82,0.2,17.4,243
2024-09-06T02:00,26.7,86,0.1,13.1,254
2024-09-06T03:00,26.1,86,0.5,12.3,230
2024-09-06T04:00,26.3,89,0.3,14.8,236
2024-09-06T05:00,26.7,85,0.5,17.3,247
2024-09-06T06:00,27.2,84,0.1,17.5,238
2024-09-06T07:00,27.9,82,0.2,20.3,247
2024-09-06T08:00,28.4,79,0.5,22.7,250
2024-09-06T09:00,28.8,77,0.5,25.5,251
2024-09-06T10:00,29.0,75,0.9,25.6,253
2024-09-06T11:00,29.5,75,0.1,26.5,252
2024-09-06T12:00,29.6,75,0.1,25.3,253
2024-09-06T13:00,29.5,74,0.1,26.0,253
2024-09-06T14:00,29.1,75,0.1,25.1,258
2024-09-06T15:00,28.8,75,0.1,23.0,253
2024-09-06T16:00,28.5,76,0.0,22.0,249
2024-09-06T17:00,28.2,77,0.0,19.9,248
2024-09-06T18:00,27.7,78,0.0,15.6,244
2024-09-06T19:00,27.5,78,0.0,15.8,243
2024-09-06T20:00,27.6,77,0.0,15.8,243
2024-09-06T21:00,27.5,79,0.0,15.6,236
2024-09-06T22:00,27.4,81,0.0,15.2,234
2024-09-06T23:00,27.4,81,0.0,14.2,234
2024-09-07T00:00,27.2,81,0.0,14.4,238
2024-09-07T01:00,27.1,81,0.0,16.1,241
2024-09-07T02:00,27.0,81,0.0,15.9,242
2024-09-07T03:00,26.8,83,0.0,15.2,239
2024-09-07T04:00,26.8,83,0.0,16.1,241
2024-09-07T05:00,26.7,83,0.1,15.7,238
2024-09-07T06:00,27.3,81,0.0,15.9,245
2024-09-07T07:00,27.9,80,0.3,18.9,239
2024-09-07T08:00,28.4,79,0.1,20.4,238
2024-09-07T09:00,29.0,77,0.0,20.9,238
2024-09-07T10:00,29.2,75,0.0,22.3,239
2024-09-07T11:00,29.3,75,0.4,20.8,242
2024-09-07T12:00,29.2,76,0.1,21.3,242
2024-09-07T13:00,29.2,77,0.0,22.1,244
2024-09-07T14:00,29.1,75,0.4,23.8,241
2024-09-07T15:00,29.0,74,0.4,22.6,239
2024-09-07T16:00,28.6,76,0.2,20.5,236
2024-09-07T17:00,28.0,79,0.1,17.4,232
2024-09-07T18:00,27.3,84,0.0,13.7,240
2024-09-07T19:00,27.2,83,0.0,15.2,234
2024-09-07T20:00,27.3,83,0.0,15.9,232
2024-09-07T21:00,27.2,83,0.0,16.1,231
2024-09-07T22:00,27.0,82,0.0,16.5,234
2024-09-07T23:00,27.1,82,0.1,16.6,236
2024-09-08T00:00,26.5,83,0.1,17.4,232
2024-09-08T01:00,25.9,87,0.6,15.4,237
2024-09-08T02:00,25.5,91,0.1,11.6,216
2024-09-08T03:00,25.0,92,0.2,11.5,229
2024-09-08T04:00,25.0,93,0.2,8.7,222
2024-09-08T05:00,25.2,93,0.1,9.1,214
2024-09-08T06:00,25.4,93,0.4,9.4,220
2024-09-08T07:00,26.9,89,0.1,12.7,215
2024-09-08T08:00,27.9,82,0.1,15.0,228
2024-09-08T09:00,28.1,80,0.1,17.5,233
2024-09-08T10:00,28.4,79,0.2,18.9,235
2024-09-08T11:00,28.7,78,0.1,20.6,237
2024-09-08T12:00,28.2,79,0.3,21.1,243
2024-09-08T13:00,28.8,78,0.0,21.4,243
2024-09-08T14:00,28.6,79,0.3,21.6,244
2024-09-08T15:00,28.1,78,0.1,21.7,251
2024-09-08T16:00,28.2,77,0.2,20.9,246
2024-09-08T17:00,27.8,79,0.1,18.2,245
2024-09-08T18:00,27.4,80,0.0,12.6,239
2024-09-08T19:00,27.2,80,0.0,13.8,227
2024-09-08T20:00,27.2,81,0.0,13.0,224
2024-09-08T21:00,27.1,81,0.0,15.3,229
2024-09-08T22:00,27.1,80,0.0,15.8,225
2024-09-08T23:00,27.0,80,0.1,15.9,231
2024-09-09T00:00,26.2,82,0.8,10.6,235
2024-09-09T01:00,25.0,91,0.2,9.9,226
2024-09-09T02:00,25.1,90,0.5,11.2,220
2024-09-09T03:00,24.0,94,1.0,11.0,238
2024-09-09T04:00,24.9,89,0.2,11.7,223
2024-09-09T05:00,25.3,91,0.0,10.9,207
2024-09-09T06:00,25.6,91,0.2,9.9,237
2024-09-09T07:00,26.6,89,0.3,6.4,218
2024-09-09T08:00,27.9,83,0.2,11.5,221
2024-09-09T09:00,28.7,80,0.0,15.6,220
2024-09-09T10:00,29.1,77,0.1,17.9,232
2024-09-09T11:00,29.2,78,0.1,20.6,234
2024-09-09T12:00,28.9,79,0.0,21.8,231
2024-09-09T13:00,29.0,78,0.0,21.9,234
2024-09-09T14:00,28.7,77,0.1,21.4,229
2024-09-09T15:00,28.5,77,0.0,22.3,232
2024-09-09T16:00,28.0,79,0.0,20.8,233
2024-09-09T17:00,27.7,81,0.0,17.7,232
2024-09-09T18:00,27.4,78,0.1,14.9,238
2024-09-09T19:00,26.7,82,0.2,13.7,235
2024-09-09T20:00,26.6,84,0.5,10.7,228
2024-09-09T21:00,25.9,87,0.3,15.1,230
2024-09-09T22:00,25.2,92,0.5,15.3,231
2024-09-09T23:00,24.6,92,11.7,16.6,229
2024-09-10T00:00,25.0,91,4.0,14.8,225
2024-09-10T01:00,24.9,92,1.7,13.0,219
2024-09-10T02:00,24.7,91,3.4,16.7,233
2024-09-10T03:00,24.6,93,0.7,12.8,230
2024-09-10T04:00,25.0,92,1.2,11.2,225
2024-09-10T05:00,24.8,92,1.3,15.0,243
2024-09-10T06:00,25.5,90,0.4,13.2,225
2024-09-10T07:00,26.6,86,0.1,13.2,227
2024-09-10T08:00,26.1,85,0.2,17.9,232
2024-09-10T09:00,26.4,86,0.9,11.9,209
2024-09-10T10:00,27.5,84,0.1,13.3,218
2024-09-10T11:00,27.0,86,2.1,17.4,240
2024-09-10T12:00,27.2,83,0.3,18.9,228
2024-09-10T13:00,27.6,83,0.3,12.8,220
2024-09-10T14:00,27.9,82,0.2,15.0,226
2024-09-10T15:00,28.3,77,0.1,17.6,242
2024-09-10T16:00,27.9,78,0.0,17.4,240
2024-09-10T17:00,27.4,81,0.4,15.0,228
2024-09-10T18:00,26.6,85,0.0,8.9,227
2024-09-10T19:00,26.7,84,0.0,9.9,226
2024-09-10T20:00,26.7,84,0.0,11.7,225
2024-09-10T21:00,27.2,82,0.0,12.7,223
2024-09-10T22:00,27.2,81,0.0,12.3,218
2024-09-10T23:00,27.1,82,0.0,12.5,226
2024-09-11T00:00,27.0,82,0.1,13.5,226
2024-09-11T01:00,26.9,83,0.0,13.0,219
2024-09-11T02:00,26.8,83,0.0,11.7,214
2024-09-11T03:00,25.6,88,0.7,12.7,235
2024-09-11T04:00,24.3,92,3.5,11.3,243
2024-09-11T05:00,24.8,92,0.1,8.6,237
2024-09-11T06:00,24.8,92,3.4,7.1,240
2024-09-11T07:00,25.5,91,0.1,9.2,225
2024-09-11T08:00,26.7,86,0.1,11.5,229
2024-09-11T09:00,27.1,84,0.2,12.1,217
2024-09-11T10:00,27.5,80,0.8,15.9,231
2024-09-11T11:00,27.8,82,0.2,13.0,224
2024-09-11T12:00,28.0,80,1.2,14.1,230
2024-09-11T13:00,27.8,84,1.2,13.6,233
2024-09-11T14:00,27.5,84,1.1,13.5,226
2024-09-11T15:00,27.4,83,0.4,14.1,232
2024-09-11T16:00,25.6,88,4.2,18.2,240
2024-09-11T17:00,26.2,88,0.8,14.0,224
2024-09-11T18:00,25.7,90,0.6,9.6,236
2024-09-11T19:00,25.5,91,0.7,10.5,221
2024-09-11T20:00,25.1,93,1.5,9.0,196
2024-09-11T21:00,25.5,94,0.3,4.7,203
2024-09-11T22:00,25.3,94,0.2,4.3,180
2024-09-11T23:00,24.9,97,0.1,4.7,176
2024-09-12T00:00,24.9,96,0.2,6.7,196
2024-09-12T01:00,24.7,92,0.4,14.8,225
2024-09-12T02:00,24.2,93,0.5,8.7,210
2024-09-12T03:00,24.1,94,0.3,8.7,218
2024-09-12T04:00,24.6,93,0.1,4.0,185
2024-09-12T05:00,24.7,95,0.1,5.3,208
2024-09-12T06:00,25.1,94,0.1,2.4,207
2024-09-12T07:00,25.9,93,0.0,3.2,207
2024-09-12T08:00,27.5,84,0.1,6.1,242
2024-09-12T09:00,28.9,77,0.1,11.8,247
2024-09-12T10:00,29.1,76,0.0,14.7,248
2024-09-12T11:00,29.3,75,0.0,15.6,247
2024-09-12T12:00,29.4,75,0.1,18.1,249
2024-09-12T13:00,29.2,77,0.1,17.9,245
2024-09-12T14:00,29.2,77,0.1,16.5,247
2024-09-12T15:00,28.6,79,0.1,17.1,248
2024-09-12T16:00,28.0,81,0.0,16.0,247
2024-09-12T17:00,27.7,82,0.0,13.2,248
2024-09-12T18:00,27.2,82,0.0,7.4,247
2024-09-12T19:00,26.9,83,0.0,8.4,227
2024-09-12T20:00,26.7,85,0.0,8.0,207
2024-09-12T21:00,26.6,87,0.0,9.3,193
2024-09-12T22:00,26.4,88,0.0,10.5,202
2024-09-12T23:00,26.6,87,0.0,11.6,210
2024-09-13T00:00,26.3,88,0.0,11.3,211
2024-09-13T01:00,26.0,90,0.1,12.2,214
2024-09-13T02:00,26.0,89,0.1,10.7,213
2024-09-13T03:00,25.7,90,0.0,10.4,214
2024-09-13T04:00,25.9,90,0.1,8.4,205
2024-09-13T05:00,25.1,94,0.1,7.2,207
2024-09-13T06:00,24.2,94,0.5,8.3,162
2024-09-13T07:00,25.4,92,1.4,13.4,211
2024-09-13T08:00,26.6,86,0.5,12.3,218
2024-09-13T09:00,27.7,84,0.3,12.5,219
2024-09-13T10:00,28.7,79,0.3,14.3,229
2024-09-13T11:00,29.0,78,0.4,16.7,233
2024-09-13T12:00,28.8,80,0.9,19.2,236
2024-09-13T13:00,28.9,80,0.2,19.3,243
2024-09-13T14:00,28.9,81,0.1,19.2,244
2024-09-13T15:00,28.4,82,0.1,20.6,245
2024-09-13T16:00,27.8,82,0.1,19.7,239
2024-09-13T17:00,27.3,85,0.1,17.0,234
2024-09-13T18:00,27.3,83,0.0,13.4,234
2024-09-13T19:00,27.1,83,0.0,12.3,232
2024-09-13T20:00,27.1,84,0.0,12.8,230
2024-09-13T21:00,27.0,84,0.0,12.5,226
2024-09-13T22:00,27.0,84,0.0,12.5,219
2024-09-13T23:00,26.8,84,0.0,11.2,213
2024-09-14T00:00,26.2,87,0.4,12.7,227
2024-09-14T01:00,26.1,87,0.6,12.2,227
2024-09-14T02:00,26.2,90,0.1,8.7,228
2024-09-14T03:00,26.1,91,0.0,9.8,234
2024-09-14T04:00,25.8,89,0.1,10.4,214
2024-09-14T05:00,25.2,93,0.5,9.4,227
2024-09-14T06:00,26.2,87,0.5,11.9,235
2024-09-14T07:00,26.5,88,0.8,14.5,251
2024-09-14T08:00,27.0,85,0.7,13.7,247
2024-09-14T09:00,27.6,84,0.3,14.7,245
2024-09-14T10:00,27.5,84,0.3,13.7,243
2024-09-14T11:00,27.0,86,0.9,13.2,241
2024-09-14T12:00,28.1,80,0.1,17.2,237
2024-09-14T13:00,28.6,81,0.0,16.2,253
2024-09-14T14:00,27.9,82,0.4,17.3,247
2024-09-14T15:00,28.7,78,0.1,19.4,252
2024-09-14T16:00,28.1,79,0.2,18.3,250
2024-09-14T17:00,27.7,81,0.2,15.7,250
2024-09-14T18:00,27.6,81,0.0,10.9,243
2024-09-14T19:00,27.1,85,0.0,10.1,235
2024-09-14T20:00,26.9,87,0.0,10.0,232
2024-09-14T21:00,27.0,87,0.0,10.7,230
2024-09-14T22:00,26.7,89,0.0,9.6,236
2024-09-14T23:00,26.7,88,0.0,11.0,238
2024-09-15T00:00,26.7,88,0.0,12.6,239
2024-09-15T01:00,26.7,87,0.0,11.8,239
2024-09-15T02:00,26.6,88,0.0,12.9,240
2024-09-15T03:00,26.6,88,0.0,12.9,240
2024-09-15T04:00,26.6,87,0.2,12.5,237
2024-09-15T05:00,26.2,89,0.5,11.2,230
2024-09-15T06:00,27.4,83,0.0,14.6,254
2024-09-15T07:00,28.2,81,0.1,17.4,252
2024-09-15T08:00,28.5,80,0.1,17.1,248
2024-09-15T09:00,29.1,78,0.2,17.3,247
2024-09-15T10:00,29.5,78,0.0,17.9,251
2024-09-15T11:00,29.5,78,0.0,19.5,258
2024-09-15T12:00,29.5,78,0.0,20.4,262
2024-09-15T13:00,29.5,78,0.1,19.7,261
2024-09-15T14:00,29.4,78,0.1,19.6,256
2024-09-15T15:00,29.0,78,0.1,19.5,254
2024-09-15T16:00,28.5,79,0.1,19.5,254
2024-09-15T17:00,28.1,80,0.1,16.7,251
2024-09-15T18:00,27.7,79,0.0,12.7,245
2024-09-15T19:00,27.6,79,0.0,13.4,239
2024-09-15T20:00,27.6,80,0.0,14.0,244
2024-09-15T21:00,27.6,80,0.0,15.0,243
2024-09-15T22:00,27.4,80,0.0,14.7,242
2024-09-15T23:00,27.3,81,0.0,14.8,241
2024-09-16T00:00,26.7,83,0.8,15.8,240
2024-09-16T01:00,25.7,90,2.6,12.0,226
2024-09-16T02:00,24.4,96,4.8,5.5,259
2024-09-16T03:00,24.9,94,0.3,4.0,280
2024-09-16T04:00,25.2,93,0.2,2.3,231
2024-09-16T05:00,25.2,93,0.2,5.5,238
2024-09-16T06:00,26.6,86,0.8,13.9,249
2024-09-16T07:00,27.8,85,0.1,16.4,261
2024-09-16T08:00,28.5,78,0.1,20.4,256
2024-09-16T09:00,28.7,79,0.6,18.1,253
2024-09-16T10:00,28.9,79,0.2,20.3,250
2024-09-16T11:00,28.3,83,1.1,20.4,253
2024-09-16T12:00,28.3,79,1.6,20.3,257
2024-09-16T13:00,29.1,78,0.1,20.9,251
2024-09-16T14:00,28.7,80,0.0,21.8,254
2024-09-16T15:00,28.7,76,0.2,21.0,257
2024-09-16T16:00,27.9,83,1.2,16.5,247
2024-09-16T17:00,27.8,82,0.3,16.3,245
2024-09-16T18:00,27.5,81,0.0,13.9,239
2024-09-16T19:00,27.5,81,0.0,13.8,242
2024-09-16T20:00,27.2,81,0.0,14.2,234
2024-09-16T21:00,26.2,86,2.3,10.0,232
2024-09-16T22:00,25.5,92,1.1,4.4,171
2024-09-16T23:00,25.0,96,0.6,1.8,191
2024-09-17T00:00,25.4,91,0.3,6.4,218
2024-09-17T01:00,25.3,93,0.4,5.2,245
2024-09-17T02:00,25.4,94,0.1,8.1,249
2024-09-17T03:00,25.6,91,0.1,11.4,259
2024-09-17T04:00,26.0,89,0.1,12.3,249
2024-09-17T05:00,25.4,93,0.0,12.6,265
2024-09-17T06:00,26.6,87,0.4,14.2,263
2024-09-17T07:00,27.6,84,0.1,18.9,262
2024-09-17T08:00,28.1,82,0.4,18.5,263
2024-09-17T09:00,28.6,81,0.0,19.8,267
2024-09-17T10:00,28.9,79,0.1,20.2,268
2024-09-17T11:00,29.1,79,0.3,20.6,264
2024-09-17T12:00,29.0,79,0.6,21.7,264
2024-09-17T13:00,29.1,78,0.4,21.6,269
2024-09-17T14:00,29.3,78,0.2,21.6,267
2024-09-17T15:00,28.8,80,0.2,22.1,258
2024-09-17T16:00,28.4,76,0.2,21.9,245
2024-09-17T17:00,28.0,82,0.0,12.8,254
2024-09-17T18:00,27.6,80,0.0,12.1,240
2024-09-17T19:00,27.2,83,0.0,12.5,231
2024-09-17T20:00,27.1,84,0.0,14.1,230
2024-09-17T21:00,27.1,84,0.0,14.6,230
2024-09-17T22:00,27.1,83,0.0,15.3,229
2024-09-17T23:00,27.0,84,0.0,15.4,233
2024-09-18T00:00,26.9,84,0.1,16.2,238
2024-09-18T01:00,26.6,87,0.2,13.8,242
2024-09-18T02:00,26.3,88,0.2,12.6,243
2024-09-18T03:00,26.2,89,0.0,10.8,240
2024-09-18T04:00,25.8,89,0.0,9.2,259
2024-09-18T05:00,25.4,92,0.0,6.3,246
2024-09-18T06:00,26.9,85,0.0,13.0,251
2024-09-18T07:00,28.0,80,0.1,15.3,251
2024-09-18T08:00,28.5,77,0.0,17.0,257
2024-09-18T09:00,29.0,75,0.1,19.1,248
2024-09-18T10:00,29.2,75,0.2,21.1,245
2024-09-18T11:00,29.3,74,0.3,22.6,245
2024-09-18T12:00,29.5,74,0.0,21.3,251
2024-09-18T13:00,29.5,75,0.1,19.8,245
2024-09-18T14:00,29.1,76,0.1,20.9,234
2024-09-18T15:00,28.7,76,0.0,21.2,235
2024-09-18T16:00,28.3,77,0.0,18.4,235
2024-09-18T17:00,27.8,79,0.0,17.0,234
2024-09-18T18:00,26.6,86,0.0,12.5,198
2024-09-18T19:00,26.2,89,0.1,14.8,198
2024-09-18T20:00,26.3,89,0.0,12.9,198
2024-09-18T21:00,26.2,89,0.0,12.0,196
2024-09-18T22:00,25.9,91,0.0,10.4,194
2024-09-18T23:00,25.7,91,0.2,11.3,207
2024-09-19T00:00,25.8,90,0.0,11.1,209
2024-09-19T01:00,25.5,88,0.1,10.3,216
2024-09-19T02:00,25.2,89,0.3,10.2,222
2024-09-19T03:00,24.7,93,0.5,7.8,214
2024-09-19T04:00,24.9,93,0.2,6.1,208
2024-09-19T05:00,24.5,94,0.1,5.9,218
2024-09-19T06:00,24.6,97,0.3,4.1,195
2024-09-19T07:00,25.4,93,0.5,5.8,187
2024-09-19T08:00,26.1,94,0.4,4.9,253
2024-09-19T09:00,27.6,85,0.2,10.3,241
2024-09-19T10:00,28.9,76,0.1,16.1,250
2024-09-19T11:00,29.4,75,0.1,19.4,252
2024-09-19T12:00,29.4,74,0.0,19.1,254
2024-09-19T13:00,29.4,74,0.1,19.8,254
2024-09-19T14:00,29.1,74,0.0,21.1,250
2024-09-19T15:00,28.8,74,0.0,20.9,251
2024-09-19T16:00,28.5,76,0.0,19.4,248
2024-09-19T17:00,27.7,79,0.0,17.1,242
2024-09-19T18:00,27.2,77,0.0,12.9,243
2024-09-19T19:00,27.1,78,0.0,11.7,236
2024-09-19T20:00,26.9,79,0.0,11.2,237
2024-09-19T21:00,26.9,80,0.0,11.0,232
2024-09-19T22:00,26.7,81,0.0,11.8,230
2024-09-19T23:00,26.8,81,0.0,13.2,235
2024-09-20T00:00,27.0,80,0.0,13.8,242
2024-09-20T01:00,26.9,81,0.0,14.0,247
2024-09-20T02:00,26.8,80,0.1,14.7,245
2024-09-20T03:00,26.5,82,0.0,14.0,244
2024-09-20T04:00,26.7,81,0.2,15.5,245
2024-09-20T05:00,26.7,80,0.1,13.1,249
2024-09-20T06:00,26.8,82,0.1,11.1,245
2024-09-20T07:00,27.8,80,0.3,12.6,250
2024-09-20T08:00,28.6,75,0.2,17.4,252
2024-09-20T09:00,28.9,74,0.2,18.4,253
2024-09-20T10:00,29.2,73,0.2,19.7,252
2024-09-20T11:00,29.3,73,0.3,19.9,250
2024-09-20T12:00,29.4,73,0.2,20.5,248
2024-09-20T13:00,29.5,72,0.0,20.4,253
2024-09-20T14:00,29.2,73,0.0,19.5,254
2024-09-20T15:00,29.0,72,0.1,18.7,254
2024-09-20T16:00,28.5,74,0.0,17.2,250
2024-09-20T17:00,28.0,75,0.0,15.7,250
2024-09-20T18:00,27.2,77,0.0,11.9,245
2024-09-20T19:00,26.9,79,0.0,10.7,237
2024-09-20T20:00,26.7,82,0.0,9.7,231
2024-09-20T21:00,26.7,81,0.0,11.8,232
2024-09-20T22:00,26.8,80,0.0,12.8,232
2024-09-20T23:00,26.7,81,0.0,13.5,236
2024-09-21T00:00,26.7,81,0.0,13.3,237
2024-09-21T01:00,26.6,80,0.0,15.0,243
2024-09-21T02:00,26.8,79,0.0,14.0,244
2024-09-21T03:00,25.7,83,1.0,9.4,252
2024-09-21T04:00,24.9,90,0.7,7.9,240
2024-09-21T05:00,24.8,93,0.7,4.5,256
2024-09-21T06:00,25.6,91,0.0,8.2,221
2024-09-21T07:00,27.1,84,0.9,8.4,239
2024-09-21T08:00,27.7,80,0.1,13.1,238
2024-09-21T09:00,28.8,74,0.0,17.1,252
2024-09-21T10:00,29.1,75,0.0,19.1,258
2024-09-21T11:00,29.2,75,0.3,21.9,261
2024-09-21T12:00,29.4,73,0.1,22.9,263
2024-09-21T13:00,29.5,72,0.1,23.1,259
2024-09-21T14:00,29.1,73,0.1,22.5,257
2024-09-21T15:00,28.7,74,0.5,22.0,255
2024-09-21T16:00,28.2,79,1.0,21.9,253
2024-09-21T17:00,27.7,80,0.1,17.7,250
2024-09-21T18:00,27.4,81,0.0,11.8,239
2024-09-21T19:00,27.1,82,0.0,11.3,233
2024-09-21T20:00,27.0,83,0.0,10.1,235
2024-09-21T21:00,27.2,78,0.0,12.7,241
2024-09-21T22:00,27.3,79,0.0,14.1,238
2024-09-21T23:00,27.2,77,0.0,15.8,243
2024-09-22T00:00,26.9,80,0.2,15.8,246
2024-09-22T01:00,25.9,84,0.4,15.3,243
2024-09-22T02:00,24.7,92,1.8,12.7,255
2024-09-22T03:00,24.4,95,0.7,11.1,245
2024-09-22T04:00,24.1,94,1.3,9.1,252
2024-09-22T05:00,23.9,95,2.1,8.6,255
2024-09-22T06:00,24.7,96,0.8,7.9,246
2024-09-22T07:00,26.2,87,0.5,9.4,238
2024-09-22T08:00,28.0,82,0.0,13.7,252
2024-09-22T09:00,28.6,79,0.0,17.8,256
2024-09-22T10:00,29.1,77,0.0,18.8,253
2024-09-22T11:00,29.4,76,0.1,21.0,254
2024-09-22T12:00,29.2,76,0.1,21.0,257
2024-09-22T13:00,29.3,74,0.0,21.7,258
2024-09-22T14:00,29.1,75,0.0,22.1,258
2024-09-22T15:00,28.7,76,0.0,23.3,253
2024-09-22T16:00,28.2,77,0.1,23.2,254
2024-09-22T17:00,27.8,78,0.0,20.2,251
2024-09-22T18:00,27.2,77,0.0,14.8,241
2024-09-22T19:00,27.3,77,0.0,17.4,240
2024-09-22T20:00,27.2,78,0.0,18.6,238
2024-09-22T21:00,27.3,79,0.0,20.5,236
2024-09-22T22:00,27.1,78,0.0,18.3,238
2024-09-22T23:00,27.1,76,0.0,16.8,242
2024-09-23T00:00,27.0,76,0.1,18.5,243
2024-09-23T01:00,26.9,76,0.0,17.6,244
2024-09-23T02:00,26.8,76,0.1,17.4,246
2024-09-23T03:00,26.9,76,0.2,17.6,244
2024-09-23T04:00,26.7,76,0.3,19.2,244
2024-09-23T05:00,26.9,73,0.4,18.4,247
2024-09-23T06:00,27.2,78,0.0,16.4,244
2024-09-23T07:00,27.7,78,0.0,19.2,253
2024-09-23T08:00,28.2,76,0.2,21.0,257
2024-09-23T09:00,28.9,75,0.1,21.9,256
2024-09-23T10:00,29.3,74,0.1,21.7,255
2024-09-23T11:00,29.5,72,0.0,21.9,256
2024-09-23T12:00,29.6,72,0.0,21.7,259
2024-09-23T13:00,29.4,72,0.1,23.4,259
2024-09-23T14:00,29.2,74,0.0,21.7,255
2024-09-23T15:00,29.1,73,0.1,21.4,253
2024-09-23T16:00,28.5,75,0.1,21.3,251
2024-09-23T17:00,28.2,77,0.0,17.9,248
2024-09-23T18:00,27.5,78,0.0,14.3,242
2024-09-23T19:00,27.4,79,0.0,13.1,238
2024-09-23T20:00,27.4,80,0.0,12.6,239
2024-09-23T21:00,27.3,80,0.0,15.3,243
2024-09-23T22:00,27.3,79,0.0,16.3,248
2024-09-23T23:00,27.4,79,0.0,16.4,251
2024-09-24T00:00,27.1,81,0.0,16.3,256
2024-09-24T01:00,27.0,80,0.0,14.6,250
2024-09-24T02:00,26.4,84,0.1,12.1,253
2024-09-24T03:00,26.2,83,0.1,12.6,246
2024-09-24T04:00,26.6,81,0.3,13.4,256
2024-09-24T05:00,26.8,80,0.6,14.1,257
2024-09-24T06:00,26.8,83,0.0,13.5,241
2024-09-24T07:00,27.6,82,0.1,15.5,245
2024-09-24T08:00,27.9,80,0.0,17.9,242
2024-09-24T09:00,28.4,79,0.5,17.1,231
2024-09-24T10:00,28.3,80,0.5,17.1,229
2024-09-24T11:00,29.3,75,0.0,21.3,240
2024-09-24T12:00,28.6,79,0.7,21.4,241
2024-09-24T13:00,28.0,80,0.1,21.7,243
2024-09-24T14:00,26.2,86,1.0,21.1,256
2024-09-24T15:00,26.9,84,0.2,16.7,237
2024-09-24T16:00,27.4,82,0.2,16.7,237
2024-09-24T17:00,26.4,85,0.2,15.5,242
2024-09-24T18:00,27.1,81,0.0,15.3,243
2024-09-24T19:00,26.3,83,1.0,14.0,244
2024-09-24T20:00,25.8,87,1.8,12.0,224
2024-09-24T21:00,25.5,91,0.3,11.0,218
2024-09-24T22:00,24.9,94,0.8,13.3,237
2024-09-24T23:00,26.2,88,1.0,8.9,220
2024-09-25T00:00,26.0,90,0.0,9.2,222
2024-09-25T01:00,25.6,91,0.3,8.5,234
2024-09-25T02:00,25.4,92,0.0,10.5,232
2024-09-25T03:00,24.8,94,0.3,10.6,246
2024-09-25T04:00,25.4,91,0.2,11.7,236
2024-09-25T05:00,25.0,92,0.2,12.0,237
2024-09-25T06:00,26.0,90,0.1,11.2,233
2024-09-25T07:00,26.9,86,1.2,9.4,230
2024-09-25T08:00,27.1,85,0.2,12.9,238
2024-09-25T09:00,28.2,80,0.1,15.8,233
2024-09-25T10:00,28.2,84,0.4,15.2,237
2024-09-25T11:00,29.4,77,0.1,18.8,245
2024-09-25T12:00,28.8,81,0.3,21.1,248
2024-09-25T13:00,28.9,76,0.3,21.3,250
2024-09-25T14:00,28.9,77,0.1,20.6,250
2024-09-25T15:00,28.9,77,0.1,20.7,249
2024-09-25T16:00,28.3,80,0.2,19.4,247
2024-09-25T17:00,27.7,82,0.0,14.2,248
2024-09-25T18:00,27.1,81,0.1,10.4,244
2024-09-25T19:00,27.0,82,0.1,11.2,237
2024-09-25T20:00,26.8,84,0.0,7.7,239
2024-09-25T21:00,26.3,87,0.0,5.5,232
2024-09-25T22:00,26.1,89,0.1,6.2,224
2024-09-25T23:00,26.1,89,0.1,6.5,219
2024-09-26T00:00,25.5,92,0.1,4.6,216
2024-09-26T01:00,25.0,94,0.0,6.0,196
2024-09-26T02:00,24.9,94,0.0,4.4,218
2024-09-26T03:00,25.4,93,0.0,8.8,223
2024-09-26T04:00,25.5,93,0.0,7.7,217
2024-09-26T05:00,25.3,93,0.1,4.7,212
2024-09-26T06:00,26.0,90,0.1,7.1,240
2024-09-26T07:00,27.4,84,0.0,8.5,241
2024-09-26T08:00,28.1,81,0.1,11.8,263
2024-09-26T09:00,28.7,77,0.2,11.6,258
2024-09-26T10:00,28.9,77,0.3,13.2,253
2024-09-26T11:00,29.6,75,0.1,13.9,249
2024-09-26T12:00,29.5,78,0.1,13.8,253
2024-09-26T13:00,29.5,79,0.0,15.3,254
2024-09-26T14:00,29.2,77,0.2,18.4,256
2024-09-26T15:00,28.6,80,0.2,15.9,254
2024-09-26T16:00,28.5,79,0.1,15.6,247
2024-09-26T17:00,27.3,86,0.3,17.1,238
2024-09-26T18:00,27.2,84,0.0,7.9,240
2024-09-26T19:00,26.9,85,0.0,12.7,230
2024-09-26T20:00,26.9,85,0.0,10.5,229
2024-09-26T21:00,26.6,87,0.0,10.4,226
2024-09-26T22:00,26.3,89,0.1,8.9,230
2024-09-26T23:00,25.7,91,0.1,9.9,232
2024-09-27T00:00,25.6,91,0.4,11.0,245
2024-09-27T01:00,25.5,91,1.0,12.0,230
2024-09-27T02:00,24.6,95,0.4,10.1,221
2024-09-27T03:00,24.3,94,2.0,3.8,239
2024-09-27T04:00,24.3,94,0.5,3.8,135
2024-09-27T05:00,24.7,94,0.5,1.0,135
2024-09-27T06:00,24.9,89,2.4,4.0,98
2024-09-27T07:00,24.1,94,2.3,10.2,77
2024-09-27T08:00,24.5,93,1.4,10.6,105
2024-09-27T09:00,24.7,93,4.0,7.3,97
2024-09-27T10:00,27.5,84,0.2,1.5,36
2024-09-27T11:00,28.9,82,0.2,7.4,247
2024-09-27T12:00,27.6,87,3.8,5.6,249
2024-09-27T13:00,28.8,81,0.0,11.5,261
2024-09-27T14:00,28.8,80,0.0,11.4,258
2024-09-27T15:00,28.8,79,0.0,13.8,257
2024-09-27T16:00,28.2,82,0.0,14.0,258
2024-09-27T17:00,27.7,85,0.0,9.5,259
2024-09-27T18:00,26.7,89,0.0,3.8,225
2024-09-27T19:00,26.4,90,0.0,4.2,223
2024-09-27T20:00,26.1,91,0.0,4.3,202
2024-09-27T21:00,25.5,94,0.0,6.2,201
2024-09-27T22:00,25.4,95,0.0,5.8,196
2024-09-27T23:00,25.5,95,0.0,4.3,202
2024-09-28T00:00,25.1,96,0.0,5.2,205
2024-09-28T01:00,24.8,98,0.0,6.0,197
2024-09-28T02:00,24.8,98,0.0,5.7,204
2024-09-28T03:00,24.9,97,0.1,5.4,228
2024-09-28T04:00,25.6,93,0.1,1.6,276
2024-09-28T05:00,25.0,96,0.0,4.3,105
2024-09-28T06:00,25.4,94,0.0,6.0,117
2024-09-28T07:00,26.8,91,0.0,7.8,124
2024-09-28T08:00,27.9,86,0.0,5.9,157
2024-09-28T09:00,28.8,82,0.2,4.9,213
2024-09-28T10:00,29.5,80,0.1,6.0,243
2024-09-28T11:00,29.9,79,0.1,8.1,245
2024-09-28T12:00,30.1,79,0.1,9.7,254
2024-09-28T13:00,29.3,77,1.2,9.4,268
2024-09-28T14:00,28.7,82,0.1,6.5,270
2024-09-28T15:00,28.5,83,0.2,4.9,186
2024-09-28T16:00,27.7,83,2.0,5.0,142
2024-09-28T17:00,26.3,90,0.6,10.3,75
2024-09-28T18:00,25.9,90,0.3,8.0,74
2024-09-28T19:00,25.9,91,0.3,3.4,84
2024-09-28T20:00,25.6,92,0.0,4.0,100
2024-09-28T21:00,25.0,95,0.0,4.3,105
2024-09-28T22:00,25.0,95,0.0,3.9,106
2024-09-28T23:00,24.4,97,0.0,4.5,95
2024-09-29T00:00,25.0,93,0.0,1.5,353
2024-09-29T01:00,24.0,97,0.0,4.8,169
2024-09-29T02:00,24.2,97,0.0,3.5,145
2024-09-29T03:00,23.7,98,0.0,5.0,131
2024-09-29T04:00,23.5,97,0.0,4.2,108
2024-09-29T05:00,23.6,97,0.0,4.2,102
2024-09-29T06:00,24.1,95,0.0,4.0,87
2024-09-29T07:00,25.8,92,0.0,2.9,94
2024-09-29T08:00,27.5,84,0.0,3.6,221
2024-09-29T09:00,28.4,81,0.3,8.9,249
2024-09-29T10:00,29.0,79,0.2,7.4,248
2024-09-29T11:00,29.7,76,0.1,1.0,248
2024-09-29T12:00,30.1,74,0.1,4.8,250
2024-09-29T13:00,27.4,84,3.0,13.2,225
2024-09-29T14:00,28.4,80,1.6,3.3,221
2024-09-29T15:00,27.3,85,0.3,7.0,220
2024-09-29T16:00,27.2,88,0.8,6.3,167
2024-09-29T17:00,26.3,91,1.0,5.0,109
2024-09-29T18:00,25.9,92,1.3,5.6,211
2024-09-29T19:00,25.8,94,0.8,5.9,178
2024-09-29T20:00,25.8,95,0.4,7.2,177
2024-09-29T21:00,25.5,94,0.0,7.0,170
2024-09-29T22:00,25.2,95,0.0,6.5,166
2024-09-29T23:00,24.7,96,0.0,4.0,159
2024-09-30T00:00,24.4,97,0.0,3.6,147
2024-09-30T01:00,24.4,97,0.0,4.4,128
2024-09-30T02:00,24.3,96,0.2,4.8,103
2024-09-30T03:00,24.1,96,0.0,3.6,127
2024-09-30T04:00,23.8,97,0.0,4.0,95
2024-09-30T05:00,23.8,97,0.0,5.5,46
2024-09-30T06:00,24.5,94,0.0,8.8,59
2024-09-30T07:00,25.8,91,0.1,5.7,32
2024-09-30T08:00,26.8,86,0.0,5.4,20
2024-09-30T09:00,27.7,84,0.2,4.2,329
2024-09-30T10:00,28.2,82,0.2,4.8,345
2024-09-30T11:00,29.0,81,0.2,4.3,265
2024-09-30T12:00,29.1,81,1.5,8.5,271
2024-09-30T13:00,27.3,85,8.2,7.7,246
2024-09-30T14:00,26.4,88,0.5,3.4,115
2024-09-30T15:00,26.3,88,2.0,7.5,172
2024-09-30T16:00,26.5,88,0.1,8.4,173
2024-09-30T17:00,26.3,90,0.0,5.7,191
2024-09-30T18:00,25.5,94,0.0,5.0,167
2024-09-30T19:00,25.3,94,0.0,5.0,161
2024-09-30T20:00,25.2,94,0.0,5.5,161
2024-09-30T21:00,25.4,94,0.0,7.0,167
2024-09-30T22:00,25.4,93,0.0,7.7,177
2024-09-30T23:00,25.1,94,0.0,7.5,169
2024-10-01T00:00,24.8,94,0.0,8.5,163
2024-10-01T01:00,24.5,94,0.0,8.5,145
2024-10-01T02:00,24.0,94,0.0,6.9,133
2024-10-01T03:00,23.7,95,0.0,6.0,123
2024-10-01T04:00,23.6,95,0.0,5.9,117
2024-10-01T05:00,23.4,96,0.0,5.4,94
2024-10-01T06:00,23.8,96,0.0,8.1,94
2024-10-01T07:00,25.1,96,0.0,5.7,79
2024-10-01T08:00,26.9,90,0.0,4.4,111
2024-10-01T09:00,28.7,79,0.0,6.4,151
2024-10-01T10:00,30.0,71,0.0,11.7,169
2024-10-01T11:00,30.9,69,0.0,11.8,187
2024-10-01T12:00,30.4,72,0.2,17.3,203
2024-10-01T13:00,29.2,79,2.8,17.8,206
2024-10-01T14:00,28.5,84,0.4,18.6,200
2024-10-01T15:00,29.1,81,0.0,19.5,199
2024-10-01T16:00,28.4,83,0.0,19.0,198
2024-10-01T17:00,27.9,84,0.0,18.6,196
2024-10-01T18:00,27.7,80,0.0,18.2,185
2024-10-01T19:00,27.4,81,0.0,17.9,175
2024-10-01T20:00,26.9,82,0.0,16.8,167
2024-10-01T21:00,26.6,83,0.0,15.5,160
2024-10-01T22:00,26.5,84,0.0,16.9,159
2024-10-01T23:00,26.3,85,0.0,15.9,160
2024-10-02T00:00,26.1,86,0.0,17.3,161
2024-10-02T01:00,25.8,87,0.0,16.8,161
2024-10-02T02:00,25.6,88,0.0,15.9,155
2024-10-02T03:00,25.3,88,0.0,16.0,156
2024-10-02T04:00,25.0,89,0.0,15.2,161
2024-10-02T05:00,24.8,90,0.0,10.7,163
2024-10-02T06:00,25.6,86,0.0,14.6,153
2024-10-02T07:00,26.6,85,0.0,13.0,160
2024-10-02T08:00,28.1,81,0.0,17.5,165
2024-10-02T09:00,29.0,76,0.1,19.4,179
2024-10-02T10:00,29.3,75,0.1,20.9,191
2024-10-02T11:00,29.7,73,0.0,21.8,200
2024-10-02T12:00,29.8,74,0.1,22.6,205
2024-10-02T13:00,29.7,74,0.0,23.5,208
2024-10-02T14:00,29.2,76,0.0,22.9,206
2024-10-02T15:00,29.2,71,0.4,21.0,203
2024-10-02T16:00,28.3,78,0.1,18.6,192
2024-10-02T17:00,27.7,80,0.1,16.9,180
2024-10-02T18:00,27.4,80,0.0,12.6,199
2024-10-02T19:00,26.8,83,0.1,12.4,204
2024-10-02T20:00,26.7,86,0.1,12.0,192
2024-10-02T21:00,26.2,88,0.0,11.3,182
2024-10-02T22:00,26.0,89,0.0,11.0,177
2024-10-02T23:00,25.9,90,0.0,10.1,174
2024-10-03T00:00,25.7,92,0.1,10.5,173
2024-10-03T01:00,25.5,93,0.1,9.0,179
2024-10-03T02:00,25.4,94,0.2,9.6,174
2024-10-03T03:00,25.3,94,0.2,10.8,165
2024-10-03T04:00,25.2,94,0.1,9.3,170
2024-10-03T05:00,25.1,95,0.1,8.3,166
2024-10-03T06:00,25.7,91,0.0,10.6,162
2024-10-03T07:00,26.4,89,0.0,10.7,155
2024-10-03T08:00,27.5,86,0.0,11.0,176
2024-10-03T09:00,28.8,77,0.2,14.3,208
2024-10-03T10:00,29.5,74,0.1,17.4,220
2024-10-03T11:00,29.5,75,0.1,17.8,223
2024-10-03T12:00,29.5,75,0.0,17.8,226
2024-10-03T13:00,29.5,75,0.0,18.0,227
2024-10-03T14:00,29.3,76,0.0,16.8,223
2024-10-03T15:00,28.9,77,0.0,15.5,226
2024-10-03T16:00,28.4,79,0.0,13.7,214
2024-10-03T17:00,27.9,81,0.0,10.5,211
2024-10-03T18:00,26.9,85,0.0,6.4,205
2024-10-03T19:00,26.7,86,0.0,7.4,193
2024-10-03T20:00,26.6,87,0.0,7.4,183
2024-10-03T21:00,26.4,89,0.0,7.1,187
2024-10-03T22:00,26.5,88,0.0,7.6,207
2024-10-03T23:00,26.6,87,0.0,7.9,204
2024-10-04T00:00,26.2,89,0.0,5.8,196
2024-10-04T01:00,25.9,91,0.0,5.3,198
2024-10-04T02:00,26.0,90,0.1,6.1,210
2024-10-04T03:00,26.0,89,0.0,6.9,203
2024-10-04T04:00,25.9,90,0.0,6.4,198
2024-10-04T05:00,25.8,90,0.0,6.4,196
2024-10-04T06:00,25.8,93,0.0,7.7,177
2024-10-04T07:00,27.3,90,0.0,9.4,181
2024-10-04T08:00,28.7,79,0.2,14.6,199
2024-10-04T09:00,29.4,75,0.0,16.4,206
2024-10-04T10:00,29.7,74,0.0,17.3,211
2024-10-04T11:00,29.9,73,0.0,17.8,215
2024-10-04T12:00,29.8,74,0.0,17.1,219
2024-10-04T13:00,29.6,74,0.0,17.0,219
2024-10-04T14:00,29.4,75,0.0,17.3,218
2024-10-04T15:00,28.9,76,0.0,16.1,216
2024-10-04T16:00,28.5,77,0.0,16.0,215
2024-10-04T17:00,28.0,80,0.0,13.5,211
2024-10-04T18:00,27.7,78,0.0,9.2,208
2024-10-04T19:00,27.2,82,0.0,7.4,194
2024-10-04T20:00,26.8,84,0.0,7.0,190
2024-10-04T21:00,27.0,83,0.0,8.0,194
2024-10-04T22:00,26.8,84,0.0,7.2,194
2024-10-04T23:00,26.6,85,0.0,7.4,198
2024-10-05T00:00,26.7,85,0.0,7.4,206
2024-10-05T01:00,26.4,86,0.1,6.5,203
2024-10-05T02:00,26.0,88,0.0,5.6,205
2024-10-05T03:00,25.8,89,0.0,5.7,204
2024-10-05T04:00,25.6,90,0.0,5.3,208
2024-10-05T05:00,25.2,92,0.1,4.8,193
2024-10-05T06:00,25.9,92,0.0,6.7,153
2024-10-05T07:00,27.0,89,0.0,6.2,159
2024-10-05T08:00,28.3,83,0.1,7.1,204
2024-10-05T09:00,29.1,77,0.0,10.5,243
2024-10-05T10:00,29.2,75,0.1,14.3,253
2024-10-05T11:00,29.0,74,0.6,17.8,252
2024-10-05T12:00,28.5,80,0.5,15.2,247
2024-10-05T13:00,28.3,80,0.4,14.1,232
2024-10-05T14:00,28.4,80,0.3,11.7,225
2024-10-05T15:00,26.6,87,2.7,12.6,241
2024-10-05T16:00,27.2,83,0.1,10.3,218
2024-10-05T17:00,26.9,87,0.0,9.2,215
2024-10-05T18:00,26.9,85,0.0,4.9,216
2024-10-05T19:00,26.8,85,0.0,5.3,208
2024-10-05T20:00,26.8,85,0.0,6.9,208
2024-10-05T21:00,26.6,86,0.0,6.9,208
2024-10-05T22:00,26.3,88,0.0,5.4,195
2024-10-05T23:00,26.1,89,0.0,5.4,194
2024-10-06T00:00,25.7,91,0.1,4.5,180
2024-10-06T01:00,25.1,95,0.1,5.5,216
2024-10-06T02:00,25.3,90,0.4,6.3,207
2024-10-06T03:00,25.2,91,0.1,5.9,200
2024-10-06T04:00,25.3,91,0.0,6.8,209
2024-10-06T05:00,25.0,93,0.1,3.8,205
2024-10-06T06:00,25.4,93,0.0,5.0,134
2024-10-06T07:00,26.3,89,0.0,5.8,129
2024-10-06T08:00,27.5,83,0.1,3.6,177
2024-10-06T09:00,28.4,79,0.2,7.9,237
2024-10-06T10:00,29.2,79,0.1,8.5,243
2024-10-06T11:00,29.5,77,0.0,10.6,247
2024-10-06T12:00,29.5,76,0.2,11.7,250
2024-10-06T13:00,29.4,76,0.2,14.8,248
2024-10-06T14:00,28.3,78,0.3,11.4,247
2024-10-06T15:00,28.2,79,0.1,10.2,240
2024-10-06T16:00,28.3,79,0.1,7.3,228
2024-10-06T17:00,27.8,82,0.0,7.4,221
2024-10-06T18:00,27.7,79,0.0,10.0,247
2024-10-06T19:00,27.4,80,0.0,8.7,236
2024-10-06T20:00,27.2,81,0.0,8.7,236
2024-10-06T21:00,26.9,83,0.1,7.9,229
2024-10-06T22:00,26.3,86,0.1,8.9,214
2024-10-06T23:00,25.6,89,0.2,12.3,205
2024-10-07T00:00,25.2,91,0.8,10.1,202
2024-10-07T01:00,24.6,94,1.9,8.0,203
2024-10-07T02:00,24.3,94,0.8,8.3,179
2024-10-07T03:00,24.1,95,2.0,7.3,189
2024-10-07T04:00,23.6,96,6.9,3.6,139
2024-10-07T05:00,23.4,96,1.2,9.3,118
2024-10-07T06:00,23.8,95,0.7,9.3,126
2024-10-07T07:00,24.2,94,2.1,11.3,138
2024-10-07T08:00,24.4,92,0.9,10.0,147
2024-10-07T09:00,24.6,93,6.0,10.0,154
2024-10-07T10:00,25.3,90,3.0,6.1,192
2024-10-07T11:00,27.1,85,0.6,10.8,210
2024-10-07T12:00,26.3,83,2.1,14.8,239
2024-10-07T13:00,26.0,86,1.8,13.3,240
2024-10-07T14:00,26.7,83,0.3,13.8,248
2024-10-07T15:00,27.1,79,0.2,13.3,237
2024-10-07T16:00,27.0,79,0.0,12.0,249
2024-10-07T17:00,26.6,82,0.0,8.1,267
2024-10-07T18:00,24.6,94,1.0,11.5,220
2024-10-07T19:00,24.8,93,1.2,6.2,195
2024-10-07T20:00,24.7,95,2.0,4.8,169
2024-10-07T21:00,24.5,92,1.5,5.5,157
2024-10-07T22:00,24.2,95,1.7,5.1,190
2024-10-07T23:00,24.3,93,1.0,4.9,242
2024-10-08T00:00,24.4,94,0.9,2.3,176
2024-10-08T01:00,24.3,95,0.8,4.0,172
2024-10-08T02:00,24.3,95,0.3,4.6,198
2024-10-08T03:00,24.4,96,0.1,3.1,187
2024-10-08T04:00,24.3,95,0.2,3.5,204
2024-10-08T05:00,24.4,95,0.1,4.1,165
2024-10-08T06:00,24.4,92,0.0,3.3,202
2024-10-08T07:00,25.3,90,0.1,5.6,173
2024-10-08T08:00,26.2,86,0.1,6.4,190
2024-10-08T09:00,26.8,82,0.1,2.6,214
2024-10-08T10:00,27.9,77,0.1,4.0,280
2024-10-08T11:00,28.1,78,0.1,9.1,284
2024-10-08T12:00,28.3,77,0.1,11.8,289
2024-10-08T13:00,28.6,74,0.5,12.3,284
2024-10-08T14:00,27.9,80,0.0,9.8,277
2024-10-08T15:00,28.1,80,0.0,7.4,266
2024-10-08T16:00,27.4,82,0.0,7.1,261
2024-10-08T17:00,27.0,85,0.0,4.4,238
2024-10-08T18:00,26.6,88,0.1,3.3,202
2024-10-08T19:00,26.2,90,0.2,4.8,200
2024-10-08T20:00,26.1,92,0.2,3.9,196
2024-10-08T21:00,26.0,93,0.3,3.4,177
2024-10-08T22:00,25.8,93,0.5,7.3,205
2024-10-08T23:00,24.3,95,6.9,12.3,236
2024-10-09T00:00,24.6,94,1.4,2.4,167
2024-10-09T01:00,24.4,96,2.6,2.7,143
2024-10-09T02:00,24.3,96,2.2,2.7,122
2024-10-09T03:00,24.2,97,0.3,3.0,128
2024-10-09T04:00,24.2,97,0.3,4.2,83
2024-10-09T05:00,24.1,97,0.1,6.1,109
2024-10-09T06:00,25.6,93,0.0,2.7,176
2024-10-09T07:00,26.9,90,0.1,4.3,163
2024-10-09T08:00,28.0,83,0.1,7.7,221
2024-10-09T09:00,28.7,78,0.1,12.2,234
2024-10-09T10:00,29.3,75,0.0,12.5,230
2024-10-09T11:00,29.4,76,0.0,12.1,228
2024-10-09T12:00,29.3,73,0.1,15.8,235
2024-10-09T13:00,29.1,73,0.0,16.1,236
2024-10-09T14:00,28.2,76,0.1,18.4,239
2024-10-09T15:00,27.0,83,0.0,13.0,231
2024-10-09T16:00,27.0,84,0.1,11.5,220
2024-10-09T17:00,26.0,88,2.0,12.7,238
2024-10-09T18:00,26.9,81,0.0,6.9,240
2024-10-09T19:00,26.3,85,0.1,12.4,230
2024-10-09T20:00,26.2,86,0.1,8.1,223
2024-10-09T21:00,25.8,88,0.1,8.0,207
2024-10-09T22:00,25.1,93,1.4,10.2,234
2024-10-09T23:00,25.2,93,1.5,3.0,245
2024-10-10T00:00,25.0,94,0.2,2.6,141
2024-10-10T01:00,24.5,94,1.3,7.4,241
2024-10-10T02:00,24.7,94,0.5,3.4,3
2024-10-10T03:00,24.4,96,0.2,4.4,60
2024-10-10T04:00,24.1,96,0.4,5.4,94
2024-10-10T05:00,23.8,97,0.3,6.7,96
2024-10-10T06:00,25.0,94,0.5,3.8,301
2024-10-10T07:00,25.7,91,0.2,1.2,321
2024-10-10T08:00,26.4,87,0.5,7.0,244
2024-10-10T09:00,26.7,86,0.3,6.2,262
2024-10-10T10:00,27.2,84,0.2,8.1,267
2024-10-10T11:00,27.8,83,0.1,9.1,261
2024-10-10T12:00,26.4,84,2.7,20.0,263
2024-10-10T13:00,26.3,86,0.2,11.8,251
2024-10-10T14:00,26.5,82,0.9,19.5,256
2024-10-10T15:00,26.1,87,0.7,11.2,275
2024-10-10T16:00,25.9,88,0.5,10.9,263
2024-10-10T17:00,25.4,91,2.9,5.4,285
2024-10-10T18:00,24.9,93,4.0,9.9,251
2024-10-10T19:00,25.0,92,4.6,9.4,244
2024-10-10T20:00,25.1,91,1.1,4.6,244
2024-10-10T21:00,24.8,94,0.9,10.0,236
2024-10-10T22:00,24.9,92,0.7,8.6,255
2024-10-10T23:00,24.4,93,3.0,8.9,243
2024-10-11T00:00,24.8,93,1.2,5.5,247
2024-10-11T01:00,24.5,93,1.6,8.8,244
2024-10-11T02:00,24.5,94,1.1,9.5,238
2024-10-11T03:00,24.5,92,1.5,14.7,251
2024-10-11T04:00,24.6,93,2.6,11.5,239
2024-10-11T05:00,24.9,91,5.4,16.1,246
2024-10-11T06:00,25.3,91,5.0,17.4,240
2024-10-11T07:00,25.2,90,11.1,19.0,243
2024-10-11T08:00,25.2,92,1.5,18.2,243
2024-10-11T09:00,25.5,92,1.5,17.1,243
2024-10-11T10:00,26.0,89,1.1,20.9,242
2024-10-11T11:00,26.4,85,0.9,21.9,249
2024-10-11T12:00,26.8,85,1.5,20.1,249
2024-10-11T13:00,26.1,88,3.1,20.1,255
2024-10-11T14:00,25.3,90,1.7,21.7,252
2024-10-11T15:00,26.0,89,1.1,19.4,257
2024-10-11T16:00,25.3,90,1.8,19.6,248
2024-10-11T17:00,25.2,90,2.3,14.1,249
2024-10-11T18:00,25.1,91,1.4,15.1,229
2024-10-11T19:00,24.8,92,0.6,9.6,229
2024-10-11T20:00,24.6,93,1.9,12.7,226
2024-10-11T21:00,25.3,91,0.5,8.0,216
2024-10-11T22:00,24.5,92,1.2,13.4,226
2024-10-11T23:00,24.9,91,1.3,13.9,223
2024-10-12T00:00,24.5,94,0.3,14.3,233
2024-10-12T01:00,24.6,92,1.6,11.3,236
2024-10-12T02:00,24.6,94,2.2,9.3,248
2024-10-12T03:00,24.4,96,5.1,5.8,236
2024-10-12T04:00,24.6,94,1.6,10.2,249
2024-10-12T05:00,24.3,92,4.5,12.0,257
2024-10-12T06:00,24.8,90,2.3,16.9,261
2024-10-12T07:00,24.1,93,4.8,14.3,263
2024-10-12T08:00,25.2,91,2.5,8.0,242
2024-10-12T09:00,26.4,86,1.9,10.2,262
2024-10-12T10:00,27.4,83,1.2,12.1,273
2024-10-12T11:00,27.2,83,0.6,11.7,274
2024-10-12T12:00,26.9,83,0.3,13.5,270
2024-10-12T13:00,27.0,83,0.4,15.7,274
2024-10-12T14:00,26.5,86,0.2,15.8,268
2024-10-12T15:00,26.2,87,0.2,12.5,249
2024-10-12T16:00,26.4,85,0.1,8.0,245
2024-10-12T17:00,25.7,89,1.1,6.3,233
2024-10-12T18:00,26.0,88,0.1,2.9,191
2024-10-12T19:00,25.0,94,0.2,4.6,167
2024-10-12T20:00,25.1,91,1.1,11.0,203
2024-10-12T21:00,25.1,93,0.4,5.6,207
2024-10-12T22:00,25.1,94,1.9,7.1,187
2024-10-12T23:00,25.1,94,1.2,5.2,182
2024-10-13T00:00,24.8,95,0.3,9.1,195
2024-10-13T01:00,25.0,93,0.1,9.0,200
2024-10-13T02:00,24.5,94,0.7,5.7,204
2024-10-13T03:00,24.6,93,1.0,8.5,245
2024-10-13T04:00,24.5,93,2.0,8.1,252
2024-10-13T05:00,24.7,92,1.0,5.3,215
2024-10-13T06:00,25.4,91,0.2,8.4,200
2024-10-13T07:00,25.6,90,1.6,7.8,220
2024-10-13T08:00,26.0,87,0.8,11.1,211
2024-10-13T09:00,26.7,86,0.1,10.6,223
2024-10-13T10:00,27.4,84,0.3,9.9,228
2024-10-13T11:00,28.2,81,0.1,11.0,240
2024-10-13T12:00,27.2,82,2.2,14.6,254
2024-10-13T13:00,26.8,84,2.9,17.4,233
2024-10-13T14:00,25.8,88,3.5,10.0,231
2024-10-13T15:00,25.8,88,0.5,11.0,229
2024-10-13T16:00,26.2,86,0.9,9.5,248
2024-10-13T17:00,25.4,93,0.8,7.7,237
2024-10-13T18:00,24.6,95,1.8,7.0,257
2024-10-13T19:00,24.6,96,1.4,1.3,270
2024-10-13T20:00,24.2,94,1.5,6.0,253
2024-10-13T21:00,24.5,94,2.6,1.1,171
2024-10-13T22:00,24.3,95,2.3,3.4,133
2024-10-13T23:00,24.1,96,2.3,7.2,217
2024-10-14T00:00,24.4,95,1.0,8.1,219
2024-10-14T01:00,24.4,94,1.0,9.4,240
2024-10-14T02:00,24.6,93,0.7,7.6,236
2024-10-14T03:00,24.4,95,0.5,11.2,226
2024-10-14T04:00,24.4,93,1.7,16.6,246
2024-10-14T05:00,24.8,92,1.6,8.1,238
2024-10-14T06:00,24.1,95,1.8,6.4,278
2024-10-14T07:00,24.4,93,2.3,5.4,174
2024-10-14T08:00,24.1,96,2.0,7.0,157
2024-10-14T09:00,24.4,93,3.3,7.0,183
2024-10-14T10:00,25.1,91,1.6,11.6,234
2024-10-14T11:00,24.7,91,2.1,18.8,247
2024-10-14T12:00,25.1,90,5.6,11.6,251
2024-10-14T13:00,25.2,91,3.9,20.2,256
2024-10-14T14:00,25.4,92,2.6,11.8,263
2024-10-14T15:00,25.6,90,1.7,11.6,246
2024-10-14T16:00,25.4,91,1.3,6.2,255
2024-10-14T17:00,24.3,93,3.4,13.2,260
2024-10-14T18:00,24.6,92,0.7,4.2,252
2024-10-14T19:00,24.4,94,0.1,4.7,227
2024-10-14T20:00,24.4,95,0.2,3.7,215
2024-10-14T21:00,24.7,93,0.5,3.6,213
2024-10-14T22:00,24.4,95,1.3,3.8,225
2024-10-14T23:00,24.5,94,0.8,3.1,211
2024-10-15T00:00,24.4,95,1.6,3.6,221
2024-10-15T01:00,24.4,95,2.2,4.0,212
2024-10-15T02:00,24.4,96,1.7,5.2,194
2024-10-15T03:00,24.6,94,1.4,6.9,229
2024-10-15T04:00,24.8,92,0.5,10.6,230
2024-10-15T05:00,25.0,93,0.8,8.8,224
2024-10-15T06:00,24.7,94,0.3,4.3,237
2024-10-15T07:00,25.6,90,0.3,5.1,302
2024-10-15T08:00,26.9,86,0.0,7.8,266
2024-10-15T09:00,27.4,81,0.0,10.6,259
2024-10-15T10:00,28.0,80,0.0,15.2,253
2024-10-15T11:00,28.6,77,0.1,18.2,247
2024-10-15T12:00,28.4,74,0.1,20.0,248
2024-10-15T13:00,28.5,76,0.1,18.1,248
2024-10-15T14:00,27.1,82,0.3,17.7,280
2024-10-15T15:00,26.7,83,0.1,16.2,282
2024-10-15T16:00,25.7,87,1.0,8.6,269
2024-10-15T17:00,25.0,93,0.2,10.6,261
2024-10-15T18:00,26.6,83,0.0,8.5,241
2024-10-15T19:00,27.0,80,0.0,13.2,242
2024-10-15T20:00,26.9,80,0.0,12.5,245
2024-10-15T21:00,26.6,83,0.1,11.0,232
2024-10-15T22:00,25.2,88,1.5,8.9,230
2024-10-15T23:00,25.0,89,1.1,5.1,219
2024-10-16T00:00,25.3,92,0.0,4.4,238
2024-10-16T01:00,24.8,94,0.3,9.0,241
2024-10-16T02:00,24.8,95,0.1,9.4,234
2024-10-16T03:00,25.0,92,0.1,7.8,247
2024-10-16T04:00,24.8,94,0.1,9.2,230
2024-10-16T05:00,24.4,95,0.4,7.8,251
2024-10-16T06:00,25.7,91,1.2,11.1,233
2024-10-16T07:00,26.6,89,0.7,12.2,245
2024-10-16T08:00,27.6,85,0.0,11.7,247
2024-10-16T09:00,27.8,81,0.1,14.3,245
2024-10-16T10:00,28.3,81,0.0,11.6,254
2024-10-16T11:00,29.3,79,0.0,15.6,258
2024-10-16T12:00,28.3,83,0.4,15.4,256
2024-10-16T13:00,28.6,81,0.1,18.1,257
2024-10-16T14:00,28.0,83,0.4,17.6,257
2024-10-16T15:00,27.6,82,0.1,16.9,254
2024-10-16T16:00,27.8,80,0.1,15.0,251
2024-10-16T17:00,26.8,86,0.2,13.5,245
2024-10-16T18:00,27.0,82,0.0,13.4,253
2024-10-16T19:00,26.7,84,0.1,12.5,254
2024-10-16T20:00,27.0,81,0.0,12.6,253
2024-10-16T21:00,27.2,80,0.0,11.6,249
2024-10-16T22:00,26.9,82,0.0,9.4,247
2024-10-16T23:00,26.6,83,0.1,8.9,246
2024-10-17T00:00,26.4,84,0.1,10.0,249
2024-10-17T01:00,26.5,83,0.2,11.5,247
2024-10-17T02:00,26.6,83,0.2,12.2,244
2024-10-17T03:00,26.6,83,0.0,13.2,246
2024-10-17T04:00,26.5,85,0.0,13.7,252
2024-10-17T05:00,26.5,85,0.0,12.7,252
2024-10-17T06:00,26.8,83,0.0,9.7,248
2024-10-17T07:00,27.9,80,0.1,12.6,253
2024-10-17T08:00,28.5,77,0.2,16.2,255
2024-10-17T09:00,28.9,76,0.3,17.2,256
2024-10-17T10:00,29.4,74,0.2,17.2,256
2024-10-17T11:00,29.8,73,0.1,18.5,257
2024-10-17T12:00,29.7,73,0.1,18.1,257
2024-10-17T13:00,29.3,75,0.1,19.3,254
2024-10-17T14:00,29.2,75,0.0,17.9,253
2024-10-17T15:00,28.9,76,0.1,17.8,250
2024-10-17T16:00,28.5,77,0.0,16.1,245
2024-10-17T17:00,27.8,81,0.0,13.1,240
2024-10-17T18:00,27.3,81,0.0,8.5,235
2024-10-17T19:00,27.0,83,0.0,8.3,231
2024-10-17T20:00,26.8,84,0.0,8.0,226
2024-10-17T21:00,26.4,86,0.0,6.8,215
2024-10-17T22:00,25.9,90,0.0,5.9,207
2024-10-17T23:00,25.4,93,0.0,5.2,202
2024-10-18T00:00,25.3,94,0.0,5.4,201
2024-10-18T01:00,25.3,94,0.1,5.4,201
2024-10-18T02:00,25.1,94,0.1,5.4,206
2024-10-18T03:00,25.2,92,0.1,6.8,215
2024-10-18T04:00,25.6,90,0.0,6.4,216
2024-10-18T05:00,25.0,93,0.0,4.9,213
2024-10-18T06:00,25.9,92,0.0,3.9,204
2024-10-18T07:00,27.4,88,0.1,5.0,195
2024-10-18T08:00,28.4,81,0.1,9.4,227
2024-10-18T09:00,29.2,77,0.1,13.4,235
2024-10-18T10:00,29.4,76,0.1,15.2,239
2024-10-18T11:00,29.7,75,0.0,15.4,240
2024-10-18T12:00,29.8,74,0.0,15.6,241
2024-10-18T13:00,29.6,74,0.0,16.1,240
2024-10-18T14:00,29.5,74,0.0,16.0,239
2024-10-18T15:00,29.1,75,0.0,15.3,234
2024-10-18T16:00,28.5,77,0.0,13.8,230
2024-10-18T17:00,27.8,81,0.0,11.3,224
2024-10-18T18:00,27.1,81,0.0,7.5,230
2024-10-18T19:00,26.7,83,0.0,6.1,220
2024-10-18T20:00,26.3,85,0.0,6.1,212
2024-10-18T21:00,26.2,86,0.0,6.4,205
2024-10-18T22:00,25.9,88,0.0,6.7,204
2024-10-18T23:00,25.7,89,0.0,6.8,205
2024-10-19T00:00,25.6,90,0.0,6.8,205
2024-10-19T01:00,25.5,90,0.0,6.8,198
2024-10-19T02:00,25.3,91,0.1,7.0,198
2024-10-19T03:00,25.0,93,0.0,6.8,202
2024-10-19T04:00,25.1,93,0.0,5.6,201
2024-10-19T05:00,24.6,94,0.0,4.2,187
2024-10-19T06:00,25.1,92,0.2,3.5,129
2024-10-19T07:00,26.0,90,0.1,5.9,135
2024-10-19T08:00,27.1,85,0.1,5.9,180
2024-10-19T09:00,27.9,79,0.1,11.1,216
2024-10-19T10:00,28.7,76,0.1,11.9,232
2024-10-19T11:00,28.9,74,0.0,12.0,240
2024-10-19T12:00,29.0,72,0.1,12.9,249
2024-10-19T13:00,28.3,74,1.0,13.6,255
2024-10-19T14:00,28.2,76,0.6,12.1,268
2024-10-19T15:00,28.0,76,0.0,11.9,265
2024-10-19T16:00,27.8,77,0.0,12.3,258
2024-10-19T17:00,26.9,82,0.0,9.8,252
2024-10-19T18:00,27.1,79,0.0,7.2,242
2024-10-19T19:00,26.7,82,0.0,7.7,229
2024-10-19T20:00,26.2,85,0.0,5.6,205
2024-10-19T21:00,25.9,88,0.0,5.8,180
2024-10-19T22:00,25.6,90,0.0,5.1,184
2024-10-19T23:00,25.2,93,0.0,6.0,196
2024-10-20T00:00,24.8,93,0.3,5.0,159
2024-10-20T01:00,24.9,93,0.1,4.0,219
2024-10-20T02:00,25.2,91,0.1,5.0,199
2024-10-20T03:00,24.9,93,0.0,4.2,198
2024-10-20T04:00,24.8,94,0.0,5.4,178
2024-10-20T05:00,24.7,95,0.0,6.0,173
2024-10-20T06:00,25.1,95,0.3,5.8,185
2024-10-20T07:00,26.0,89,0.1,7.7,196
2024-10-20T08:00,27.1,84,0.1,9.9,209
2024-10-20T09:00,27.7,82,0.1,11.9,221
2024-10-20T10:00,28.2,81,0.1,11.1,228
2024-10-20T11:00,27.7,81,0.8,10.7,226
2024-10-20T12:00,27.5,80,0.4,11.9,239
2024-10-20T13:00,27.7,85,0.6,10.0,253
2024-10-20T14:00,27.8,82,0.0,11.4,237
2024-10-20T15:00,27.5,80,0.0,10.7,240
2024-10-20T16:00,27.1,81,0.0,9.3,230
2024-10-20T17:00,26.6,84,0.1,8.4,203
2024-10-20T18:00,26.2,91,0.0,2.4,193
2024-10-20T19:00,26.1,90,0.0,6.7,175
2024-10-20T20:00,25.6,93,0.0,6.8,162
2024-10-20T21:00,25.2,94,0.0,6.2,136
2024-10-20T22:00,24.9,95,0.0,6.5,134
2024-10-20T23:00,24.7,96,0.0,8.0,144
2024-10-21T00:00,24.7,94,0.0,7.7,143
2024-10-21T01:00,24.6,95,0.1,6.3,162
2024-10-21T02:00,24.8,95,0.0,6.7,156
2024-10-21T03:00,24.9,95,0.1,6.1,183
2024-10-21T04:00,24.4,96,0.9,3.2,128
2024-10-21T05:00,24.5,96,0.8,2.0,175
2024-10-21T06:00,25.1,95,0.0,7.8,132
2024-10-21T07:00,25.6,89,0.5,7.0,168
2024-10-21T08:00,26.7,88,0.1,7.0,159
2024-10-21T09:00,27.5,87,0.2,8.8,163
2024-10-21T10:00,28.4,83,0.2,8.5,192
2024-10-21T11:00,28.9,80,0.2,10.2,216
2024-10-21T12:00,28.2,81,1.0,13.3,220
2024-10-21T13:00,27.0,83,1.2,11.8,219
2024-10-21T14:00,27.5,83,0.9,11.1,217
2024-10-21T15:00,26.9,85,0.2,10.5,231
2024-10-21T16:00,25.8,88,2.1,8.4,261
2024-10-21T17:00,26.1,88,0.2,5.7,193
2024-10-21T18:00,25.6,92,0.2,6.5,177
2024-10-21T19:00,25.3,93,0.0,5.5,139
2024-10-21T20:00,24.9,95,0.0,5.5,131
2024-10-21T21:00,24.7,95,0.0,4.2,133
2024-10-21T22:00,24.4,96,0.3,4.9,118
2024-10-21T23:00,24.6,95,0.1,3.6,123
2024-10-22T00:00,24.5,96,0.2,2.9,169
2024-10-22T01:00,24.7,96,0.6,2.2,145
2024-10-22T02:00,24.4,97,0.5,6.1,133
2024-10-22T03:00,24.2,98,0.1,6.3,162
2024-10-22T04:00,24.1,98,0.1,9.4,183
2024-10-22T05:00,24.2,98,0.1,8.3,174
2024-10-22T06:00,24.5,94,0.0,8.7,124
2024-10-22T07:00,24.7,96,0.1,2.8,165
2024-10-22T08:00,25.9,88,0.1,2.0,180
2024-10-22T09:00,26.5,87,0.1,5.7,208
2024-10-22T10:00,27.2,86,0.1,8.0,236
2024-10-22T11:00,27.2,84,0.1,8.3,250
2024-10-22T12:00,27.6,84,0.0,11.3,233
2024-10-22T13:00,27.4,85,0.1,10.5,239
2024-10-22T14:00,27.2,82,0.1,9.7,223
2024-10-22T15:00,26.5,85,0.5,12.0,238
2024-10-22T16:00,26.8,84,0.1,6.7,180
2024-10-22T17:00,26.3,88,0.0,6.3,198
2024-10-22T18:00,25.9,88,0.1,6.5,204
2024-10-22T19:00,26.0,90,0.1,6.5,210
2024-10-22T20:00,25.8,91,0.0,6.1,203
2024-10-22T21:00,25.7,91,0.1,6.1,185
2024-10-22T22:00,25.3,94,0.1,4.5,173
2024-10-22T23:00,25.3,94,0.2,5.9,200
2024-10-23T00:00,24.7,95,0.9,2.8,252
2024-10-23T01:00,24.6,95,2.3,3.7,235
2024-10-23T02:00,24.8,95,0.1,3.0,232
2024-10-23T03:00,24.8,95,0.0,6.2,210
2024-10-23T04:00,24.9,93,0.0,6.6,213
2024-10-23T05:00,24.6,95,0.2,5.6,201
2024-10-23T06:00,24.4,96,1.8,3.4,254
2024-10-23T07:00,24.6,94,2.5,4.3,222
2024-10-23T08:00,25.0,93,3.9,8.3,139
2024-10-23T09:00,24.8,94,4.9,7.4,77
2024-10-23T10:00,24.6,96,1.3,3.8,188
2024-10-23T11:00,26.1,89,0.9,9.2,181
2024-10-23T12:00,25.9,87,0.9,13.9,191
2024-10-23T13:00,25.5,91,0.2,11.4,193
2024-10-23T14:00,26.0,89,0.1,10.7,217
2024-10-23T15:00,26.6,85,0.0,11.9,221
2024-10-23T16:00,26.5,83,0.4,12.5,227
2024-10-23T17:00,25.7,89,1.3,9.9,215
2024-10-23T18:00,25.2,93,2.9,1.4,180
2024-10-23T19:00,25.0,95,0.3,7.7,234
2024-10-23T20:00,24.7,92,0.3,5.9,203
2024-10-23T21:00,24.8,92,0.1,4.9,188
2024-10-23T22:00,24.7,93,0.6,6.2,190
2024-10-23T23:00,24.9,94,0.3,6.5,178
2024-10-24T00:00,24.6,94,0.7,7.1,164
2024-10-24T01:00,24.3,94,3.9,4.7,162
2024-10-24T02:00,24.1,97,4.8,8.5,167
2024-10-24T03:00,24.0,96,0.3,7.6,172
2024-10-24T04:00,24.3,94,0.3,11.2,186
2024-10-24T05:00,23.7,95,0.2,8.9,122
2024-10-24T06:00,23.9,94,0.3,8.7,128
2024-10-24T07:00,24.9,93,0.1,8.8,125
2024-10-24T08:00,25.5,90,0.0,6.6,127
2024-10-24T09:00,26.7,84,0.5,10.5,172
2024-10-24T10:00,28.0,80,0.1,12.8,202
2024-10-24T11:00,28.5,77,0.2,16.4,205
2024-10-24T12:00,29.1,75,0.6,18.7,225
2024-10-24T13:00,29.1,74,0.2,20.0,225
2024-10-24T14:00,28.9,74,0.1,18.7,222
2024-10-24T15:00,28.5,76,0.2,18.6,221
2024-10-24T16:00,27.9,77,0.1,16.9,223
2024-10-24T17:00,27.2,80,0.1,13.2,217
2024-10-24T18:00,26.7,80,0.1,11.6,217
2024-10-24T19:00,26.4,83,0.4,10.1,209
2024-10-24T20:00,26.3,84,0.4,5.9,227
2024-10-24T21:00,26.0,87,0.1,10.5,187
2024-10-24T22:00,25.7,87,0.1,7.6,168
2024-10-24T23:00,25.0,91,0.4,7.0,203
2024-10-25T00:00,25.5,89,0.4,4.3,195
2024-10-25T01:00,25.2,91,0.5,5.6,174
2024-10-25T02:00,25.0,92,0.3,7.1,171
2024-10-25T03:00,24.8,92,0.5,6.7,214
2024-10-25T04:00,25.0,91,0.2,6.3,195
2024-10-25T05:00,25.0,93,0.1,6.9,185
2024-10-25T06:00,25.0,93,0.1,8.1,180
2024-10-25T07:00,26.4,88,0.1,10.8,176
2024-10-25T08:00,27.5,85,0.1,11.8,191
2024-10-25T09:00,28.2,78,0.1,14.7,211
2024-10-25T10:00,28.6,79,0.1,15.5,220
2024-10-25T11:00,28.7,79,0.0,15.7,225
2024-10-25T12:00,28.9,76,0.0,15.7,222
2024-10-25T13:00,29.0,77,0.1,16.3,229
2024-10-25T14:00,28.7,78,0.1,17.1,232
2024-10-25T15:00,28.5,76,0.1,16.6,236
2024-10-25T16:00,28.0,79,0.1,15.3,238
2024-10-25T17:00,27.4,80,0.5,10.9,237
2024-10-25T18:00,25.0,93,0.5,7.5,235
2024-10-25T19:00,25.2,92,1.0,8.8,261
2024-10-25T20:00,25.2,92,0.6,4.8,239
2024-10-25T21:00,24.7,94,2.1,6.6,235
2024-10-25T22:00,24.6,95,0.4,4.6,191
2024-10-25T23:00,24.5,94,2.8,4.5,209
2024-10-26T00:00,24.1,97,0.8,7.4,173
2024-10-26T01:00,24.0,97,1.1,7.8,185
2024-10-26T02:00,24.0,96,0.4,6.6,163
2024-10-26T03:00,24.0,96,0.1,6.3,160
2024-10-26T04:00,24.0,96,0.2,3.2,180
2024-10-26T05:00,23.9,97,1.0,7.0,145
2024-10-26T06:00,24.3,95,0.0,9.6,123
2024-10-26T07:00,25.3,91,0.0,6.9,137
2024-10-26T08:00,26.8,84,0.0,8.1,181
2024-10-26T09:00,27.9,80,0.3,11.8,226
2024-10-26T10:00,28.5,77,0.3,12.7,240
2024-10-26T11:00,27.9,81,0.8,13.8,244
2024-10-26T12:00,28.3,79,0.0,13.5,249
2024-10-26T13:00,27.9,78,0.9,13.1,243
2024-10-26T14:00,27.3,80,0.9,16.1,254
2024-10-26T15:00,26.4,85,1.9,10.2,257
2024-10-26T16:00,26.7,83,0.1,11.8,223
2024-10-26T17:00,25.6,88,1.3,10.9,230
2024-10-26T18:00,24.9,92,7.9,5.6,266
2024-10-26T19:00,24.9,95,0.2,3.1,220
2024-10-26T20:00,24.9,95,0.2,3.6,200
2024-10-26T21:00,24.6,95,0.2,5.2,78
2024-10-26T22:00,23.9,97,0.7,7.0,122
2024-10-26T23:00,23.6,97,0.2,8.4,106
2024-10-27T00:00,23.7,97,0.3,3.6,135
2024-10-27T01:00,24.0,96,0.2,1.7,221
2024-10-27T02:00,24.0,96,0.4,2.4,144
2024-10-27T03:00,24.2,96,0.2,3.1,170
2024-10-27T04:00,24.2,97,0.1,4.2,155
2024-10-27T05:00,24.3,96,0.1,3.5,152
2024-10-27T06:00,25.1,93,0.2,5.1,207
2024-10-27T07:00,26.1,89,0.1,6.1,208
2024-10-27T08:00,27.1,84,0.1,6.9,217
2024-10-27T09:00,27.6,82,0.1,8.5,234
2024-10-27T10:00,28.0,82,0.1,10.7,234
2024-10-27T11:00,27.2,85,1.7,13.3,251
2024-10-27T12:00,28.1,82,0.1,14.7,251
2024-10-27T13:00,28.2,81,0.0,13.8,259
2024-10-27T14:00,27.9,79,0.4,18.0,258
2024-10-27T15:00,27.4,81,0.4,17.3,255
2024-10-27T16:00,26.9,83,0.2,15.3,252
2024-10-27T17:00,26.3,83,0.8,17.3,258
2024-10-27T18:00,25.6,91,0.6,8.9,295
2024-10-27T19:00,25.1,94,0.0,5.3,215
2024-10-27T20:00,25.3,95,0.1,4.6,219
2024-10-27T21:00,25.5,92,0.4,4.6,216
2024-10-27T22:00,25.5,93,0.2,4.8,200
2024-10-27T23:00,25.4,93,0.5,7.8,222
2024-10-28T00:00,24.9,93,1.1,11.4,213
2024-10-28T01:00,24.5,92,4.5,8.6,219
2024-10-28T02:00,24.3,94,1.7,6.9,231
2024-10-28T03:00,24.2,95,0.8,4.6,189
2024-10-28T04:00,23.8,95,1.2,3.0,128
2024-10-28T05:00,23.9,96,0.9,5.4,138
2024-10-28T06:00,24.1,93,0.7,5.6,147
2024-10-28T07:00,25.1,90,0.4,5.6,187
2024-10-28T08:00,26.4,85,0.2,7.8,218
2024-10-28T09:00,26.7,85,0.1,12.1,228
2024-10-28T10:00,27.4,84,0.1,10.6,236
2024-10-28T11:00,27.5,80,0.3,16.3,235
2024-10-28T12:00,26.4,86,0.3,13.8,223
2024-10-28T13:00,27.7,83,0.1,15.7,231
2024-10-28T14:00,27.0,85,0.1,16.2,231
2024-10-28T15:00,27.5,82,0.1,16.1,233
2024-10-28T16:00,26.6,82,0.6,17.6,234
2024-10-28T17:00,26.3,85,0.4,14.3,233
2024-10-28T18:00,25.8,87,0.2,12.2,233
2024-10-28T19:00,26.1,87,0.5,12.3,217
2024-10-28T20:00,26.0,87,0.3,6.5,222
2024-10-28T21:00,25.8,90,0.2,7.1,221
2024-10-28T22:00,25.6,91,0.3,8.6,233
2024-10-28T23:00,25.0,93,0.8,9.9,235
2024-10-29T00:00,25.0,93,1.1,3.7,241
2024-10-29T01:00,24.9,94,0.1,4.2,250
2024-10-29T02:00,24.7,97,0.2,2.3,180
2024-10-29T03:00,24.7,94,0.4,4.5,265
2024-10-29T04:00,24.8,96,0.4,1.9,253
2024-10-29T05:00,24.5,96,0.3,4.7,189
2024-10-29T06:00,25.1,94,0.1,6.0,106
2024-10-29T07:00,25.8,95,0.1,6.1,120
2024-10-29T08:00,27.1,88,0.1,4.7,108
2024-10-29T09:00,28.3,85,0.1,3.1,208
2024-10-29T10:00,29.1,79,0.1,10.2,246
2024-10-29T11:00,29.3,77,0.1,12.9,257
2024-10-29T12:00,29.4,76,0.1,14.3,255
2024-10-29T13:00,29.5,77,0.1,14.7,258
2024-10-29T14:00,29.2,77,0.1,14.9,259
2024-10-29T15:00,28.9,76,0.1,14.5,258
2024-10-29T16:00,28.6,78,0.1,12.6,256
2024-10-29T17:00,27.7,81,0.2,8.6,262
2024-10-29T18:00,26.7,87,0.0,5.7,235
2024-10-29T19:00,26.3,89,0.0,6.1,203
2024-10-29T20:00,26.0,90,0.0,5.7,198
2024-10-29T21:00,25.7,91,0.0,6.7,199
2024-10-29T22:00,25.9,91,0.0,5.2,200
2024-10-29T23:00,26.0,90,0.0,4.6,206
2024-10-30T00:00,26.1,90,0.1,7.2,208
2024-10-30T01:00,25.7,93,0.1,5.6,202
2024-10-30T02:00,25.2,95,0.1,4.1,193
2024-10-30T03:00,25.1,96,0.1,3.8,169
2024-10-30T04:00,24.9,96,0.1,4.5,157
2024-10-30T05:00,25.0,95,0.1,5.6,147
2024-10-30T06:00,25.7,94,0.1,6.8,163
2024-10-30T07:00,26.8,91,0.1,5.4,180
2024-10-30T08:00,27.9,85,0.1,5.5,216
2024-10-30T09:00,28.5,81,0.0,8.8,247
2024-10-30T10:00,29.0,78,0.2,10.2,257
2024-10-30T11:00,29.4,76,0.2,11.6,263
2024-10-30T12:00,29.5,76,0.2,13.8,263
2024-10-30T13:00,29.4,76,0.1,13.9,264
2024-10-30T14:00,29.2,76,0.1,15.5,260
2024-10-30T15:00,29.1,75,0.0,16.2,266
2024-10-30T16:00,28.6,77,0.0,11.4,265
2024-10-30T17:00,27.9,81,0.0,7.3,253
2024-10-30T18:00,26.7,84,0.0,4.9,204
2024-10-30T19:00,26.2,87,0.0,5.3,190
2024-10-30T20:00,25.8,90,0.0,5.2,168
2024-10-30T21:00,25.2,93,0.0,5.8,141
2024-10-30T22:00,24.8,93,0.0,4.9,118
2024-10-30T23:00,24.5,93,0.0,4.7,113
2024-10-31T00:00,24.0,94,0.0,4.6,116
2024-10-31T01:00,23.6,95,0.0,5.2,121
2024-10-31T02:00,23.6,94,0.0,4.9,123
2024-10-31T03:00,24.0,93,0.0,4.7,137
2024-10-31T04:00,24.1,92,0.0,4.7,133
2024-10-31T05:00,24.1,93,0.0,5.2,115
2024-10-31T06:00,24.8,90,0.0,5.7,122
2024-10-31T07:00,26.5,86,0.0,7.3,140
2024-10-31T08:00,27.6,82,0.3,7.5,188
2024-10-31T09:00,28.2,82,0.1,7.1,210
2024-10-31T10:00,29.1,79,0.1,9.1,232
2024-10-31T11:00,29.0,80,3.0,10.3,247
2024-10-31T12:00,28.7,74,1.0,12.7,237
2024-10-31T13:00,27.9,83,0.3,12.9,226
2024-10-31T14:00,28.0,83,0.1,10.5,215
2024-10-31T15:00,27.3,84,0.1,8.3,219
2024-10-31T16:00,27.4,82,0.1,9.3,223
2024-10-31T17:00,26.3,88,1.1,6.9,205
2024-10-31T18:00,26.9,84,0.3,4.6,211
2024-10-31T19:00,26.0,90,0.2,7.6,158
2024-10-31T20:00,25.7,92,0.1,7.7,152
2024-10-31T21:00,25.4,92,0.0,5.5,157
2024-10-31T22:00,25.0,93,0.0,5.2,153
2024-10-31T23:00,24.6,95,0.0,4.7,148
2024-11-01T00:00,24.4,96,0.0,5.8,124
2024-11-01T01:00,24.2,96,0.1,4.4,111
2024-11-01T02:00,24.2,95,0.1,5.1,141
2024-11-01T03:00,24.0,96,0.0,4.0,100
2024-11-01T04:00,23.9,96,0.0,4.2,162
2024-11-01T05:00,23.7,96,0.0,5.2,149
2024-11-01T06:00,24.7,94,0.5,5.2,112
2024-11-01T07:00,25.0,93,3.4,5.6,84
2024-11-01T08:00,25.2,91,4.6,3.6,45
2024-11-01T09:00,26.4,87,0.2,3.9,208
2024-11-01T10:00,26.8,88,0.1,4.3,246
2024-11-01T11:00,27.7,86,0.2,6.0,243
2024-11-01T12:00,27.9,85,0.2,7.2,231
2024-11-01T13:00,27.7,84,0.1,5.8,231
2024-11-01T14:00,27.2,84,1.7,9.1,234
2024-11-01T15:00,26.7,85,0.6,6.5,224
2024-11-01T16:00,26.7,85,0.1,6.0,213
2024-11-01T17:00,26.5,87,0.1,4.8,209
2024-11-01T18:00,26.1,93,0.0,3.5,159
2024-11-01T19:00,25.8,92,0.0,3.4,87
2024-11-01T20:00,25.5,94,0.0,4.5,74
2024-11-01T21:00,25.0,96,0.0,3.3,103
2024-11-01T22:00,24.7,96,0.0,3.9,112
2024-11-01T23:00,24.5,97,0.0,2.9,86
2024-11-02T00:00,24.4,96,0.0,3.5,99
2024-11-02T01:00,24.3,96,0.0,4.9,98
2024-11-02T02:00,24.1,97,0.0,2.8,101
2024-11-02T03:00,24.0,97,0.0,3.3,119
2024-11-02T04:00,24.2,96,0.0,4.3,112
2024-11-02T05:00,23.8,97,0.0,3.5,111
2024-11-02T06:00,24.4,97,0.0,4.5,37
2024-11-02T07:00,25.6,92,0.0,4.2,25
2024-11-02T08:00,26.8,87,0.0,2.3,61
2024-11-02T09:00,27.9,84,0.1,4.7,242
2024-11-02T10:00,28.5,81,0.2,7.1,249
2024-11-02T11:00,28.5,78,2.6,12.1,253
2024-11-02T12:00,27.5,83,3.8,8.6,239
2024-11-02T13:00,26.2,87,0.7,9.8,234
2024-11-02T14:00,26.6,83,1.0,7.8,232
2024-11-02T15:00,26.4,87,0.7,5.5,243
2024-11-02T16:00,25.6,87,2.8,3.8,197
2024-11-02T17:00,25.6,88,0.4,0.5,90
2024-11-02T18:00,26.4,84,0.1,1.4,113
2024-11-02T19:00,25.0,94,0.0,3.6,72
2024-11-02T20:00,24.9,95,0.0,5.5,58
2024-11-02T21:00,24.6,96,0.0,5.9,52
2024-11-02T22:00,24.5,96,0.0,4.0,39
2024-11-02T23:00,24.5,96,0.0,5.6,61
2024-11-03T00:00,24.4,96,0.0,5.6,65
2024-11-03T01:00,24.3,96,0.0,5.4,64
2024-11-03T02:00,23.8,97,0.0,3.8,71
2024-11-03T03:00,23.5,98,0.0,3.7,51
2024-11-03T04:00,23.3,98,0.0,4.3,68
2024-11-03T05:00,23.2,98,0.0,3.8,73
2024-11-03T06:00,24.1,96,0.0,6.2,111
2024-11-03T07:00,25.5,91,0.0,5.3,128
2024-11-03T08:00,26.9,85,0.0,4.0,144
2024-11-03T09:00,28.2,77,0.0,6.6,197
2024-11-03T10:00,28.7,75,0.0,10.2,214
2024-11-03T11:00,28.6,75,0.2,12.3,226
2024-11-03T12:00,27.9,82,0.5,12.3,236
2024-11-03T13:00,27.7,84,0.1,11.7,232
2024-11-03T14:00,28.1,81,0.2,10.8,244
2024-11-03T15:00,26.8,85,2.3,8.7,227
2024-11-03T16:00,27.1,81,0.3,7.3,224
2024-11-03T17:00,25.7,89,0.5,2.4,243
2024-11-03T18:00,25.5,92,0.1,7.6,181
2024-11-03T19:00,25.3,90,0.1,5.6,186
2024-11-03T20:00,24.9,92,0.0,5.2,186
2024-11-03T21:00,24.8,93,0.0,3.3,158
2024-11-03T22:00,24.1,96,0.0,3.5,141
2024-11-03T23:00,24.2,95,0.1,5.8,154
2024-11-04T00:00,23.5,97,4.7,5.5,122
2024-11-04T01:00,23.9,95,1.3,6.7,160
2024-11-04T02:00,23.8,96,0.1,6.8,155
2024-11-04T03:00,23.5,97,0.2,5.9,137
2024-11-04T04:00,23.3,97,0.1,7.5,120
2024-11-04T05:00,23.2,95,0.1,7.3,140
2024-11-04T06:00,23.5,94,0.0,6.6,133
2024-11-04T07:00,25.1,92,0.0,5.1,132
2024-11-04T08:00,26.6,86,0.0,4.6,132
2024-11-04T09:00,27.5,83,0.1,3.5,195
2024-11-04T10:00,28.3,81,0.2,7.3,220
2024-11-04T11:00,27.5,80,4.8,12.9,223
2024-11-04T12:00,26.5,85,2.8,12.1,224
2024-11-04T13:00,26.8,84,0.5,13.2,232
2024-11-04T14:00,26.8,83,0.2,11.0,236
2024-11-04T15:00,26.7,83,0.2,7.4,236
2024-11-04T16:00,26.4,84,0.2,5.0,218
2024-11-04T17:00,25.9,88,0.5,2.3,266
2024-11-04T18:00,25.4,91,0.7,2.3,86
2024-11-04T19:00,25.0,95,0.6,2.3,67
2024-11-04T20:00,24.7,96,0.4,4.7,72
2024-11-04T21:00,24.6,96,0.5,4.2,78
2024-11-04T22:00,24.3,96,0.2,4.8,75
2024-11-04T23:00,24.0,96,0.0,5.2,70
2024-11-05T00:00,23.4,98,0.0,3.8,59
2024-11-05T01:00,23.4,97,0.0,4.5,61
2024-11-05T02:00,23.1,97,0.0,3.7,79
2024-11-05T03:00,23.0,98,0.0,4.3,152
2024-11-05T04:00,23.3,97,0.1,3.6,135
2024-11-05T05:00,23.2,97,0.0,3.6,160
2024-11-05T06:00,23.8,96,0.0,4.9,82
2024-11-05T07:00,24.9,92,0.0,3.4,58
2024-11-05T08:00,26.5,83,0.0,1.1,9
2024-11-05T09:00,27.4,79,0.0,6.2,353
2024-11-05T10:00,28.2,77,0.1,6.8,310
2024-11-05T11:00,28.2,77,0.2,8.3,286
2024-11-05T12:00,28.1,79,0.2,9.6,267
2024-11-05T13:00,26.8,84,6.3,8.8,289
2024-11-05T14:00,27.0,83,0.1,2.9,274
2024-11-05T15:00,26.7,84,1.0,1.2,153
2024-11-05T16:00,26.3,85,0.9,0.6,198
2024-11-05T17:00,26.0,90,0.2,2.5,159
2024-11-05T18:00,24.6,95,0.3,3.9,127
2024-11-05T19:00,24.3,96,0.1,4.0,95
2024-11-05T20:00,24.2,95,0.0,5.5,99
2024-11-05T21:00,24.0,95,0.0,3.6,84
2024-11-05T22:00,23.9,96,0.0,3.2,71
2024-11-05T23:00,23.7,97,0.0,3.8,90
2024-11-06T00:00,23.9,96,0.0,3.6,120
2024-11-06T01:00,23.9,97,0.0,4.3,123
2024-11-06T02:00,23.1,98,0.0,3.9,124
2024-11-06T03:00,23.0,98,0.0,3.9,118
2024-11-06T04:00,23.1,96,0.0,4.0,122
2024-11-06T05:00,22.7,96,0.0,4.4,117
2024-11-06T06:00,23.7,96,0.0,3.3,61
2024-11-06T07:00,25.0,94,0.0,3.9,56
2024-11-06T08:00,26.6,86,0.0,5.6,29
2024-11-06T09:00,28.2,79,0.0,6.8,22
2024-11-06T10:00,29.6,69,0.0,8.3,4
2024-11-06T11:00,30.3,63,0.0,10.9,341
2024-11-06T12:00,30.3,63,0.0,13.5,326
2024-11-06T13:00,29.9,67,0.1,16.1,318
2024-11-06T14:00,28.9,74,0.1,19.6,317
2024-11-06T15:00,28.5,75,0.1,16.8,327
2024-11-06T16:00,28.4,77,0.0,15.3,322
2024-11-06T17:00,27.4,81,0.0,13.2,321
2024-11-06T18:00,27.2,77,0.0,13.2,323
2024-11-06T19:00,26.8,81,0.0,10.9,331
2024-11-06T20:00,26.8,80,0.0,11.3,335
2024-11-06T21:00,26.2,83,0.0,9.7,3
2024-11-06T22:00,25.2,87,0.0,7.6,38
2024-11-06T23:00,24.5,88,0.0,7.9,49
2024-11-07T00:00,24.0,91,0.0,6.5,44
2024-11-07T01:00,23.3,94,0.0,5.2,22
2024-11-07T02:00,23.0,95,0.0,6.1,23
2024-11-07T03:00,23.1,94,0.0,5.2,29
2024-11-07T04:00,23.0,95,0.0,4.6,21
2024-11-07T05:00,22.3,96,0.0,3.1,93
2024-11-07T06:00,23.7,93,0.0,4.6,99
2024-11-07T07:00,25.8,87,0.0,1.3,106
2024-11-07T08:00,27.5,82,0.0,4.7,344
2024-11-07T09:00,28.5,75,0.1,11.1,321
2024-11-07T10:00,28.7,76,0.3,13.0,311
2024-11-07T11:00,28.8,75,0.6,14.7,312
2024-11-07T12:00,28.6,74,1.1,18.3,313
2024-11-07T13:00,28.4,80,0.2,17.1,314
2024-11-07T14:00,28.4,80,0.1,15.1,315
2024-11-07T15:00,28.2,80,0.0,14.8,318
2024-11-07T16:00,28.0,80,0.0,13.4,320
2024-11-07T17:00,27.2,84,0.0,10.2,319
2024-11-07T18:00,26.9,84,0.1,8.7,342
2024-11-07T19:00,26.5,88,0.0,5.8,353
2024-11-07T20:00,26.0,92,0.0,6.1,357
2024-11-07T21:00,25.8,93,0.1,6.8,338
2024-11-07T22:00,25.3,96,0.0,5.6,6
2024-11-07T23:00,25.0,94,0.0,7.3,48
2024-11-08T00:00,24.4,94,0.0,5.3,52
2024-11-08T01:00,23.9,94,0.0,5.2,25
2024-11-08T02:00,23.5,95,0.0,7.8,351
2024-11-08T03:00,23.5,94,0.5,1.9,34
2024-11-08T04:00,23.2,95,0.1,5.2,34
2024-11-08T05:00,23.4,94,0.1,3.4,47
2024-11-08T06:00,24.9,95,0.0,5.3,33
2024-11-08T07:00,25.7,92,0.0,3.0,52
2024-11-08T08:00,26.8,87,0.0,3.2,357
2024-11-08T09:00,27.8,85,0.0,6.9,340
2024-11-08T10:00,26.2,85,6.8,13.8,311
2024-11-08T11:00,26.9,84,2.5,12.1,314
2024-11-08T12:00,26.6,87,0.7,12.2,296
2024-11-08T13:00,26.5,84,0.7,15.5,298
2024-11-08T14:00,26.2,86,0.1,15.0,294
2024-11-08T15:00,26.3,86,0.0,15.1,306
2024-11-08T16:00,25.9,86,0.3,15.1,310
2024-11-08T17:00,25.2,89,1.5,14.5,308
2024-11-08T18:00,24.3,94,3.3,6.0,297
2024-11-08T19:00,24.2,96,1.0,10.1,57
2024-11-08T20:00,23.9,96,0.8,3.5,62
2024-11-08T21:00,23.9,95,3.0,7.8,351
2024-11-08T22:00,24.1,95,3.0,6.5,2
2024-11-08T23:00,24.2,94,0.8,8.3,356
2024-11-09T00:00,24.0,95,0.1,8.8,4
2024-11-09T01:00,23.8,95,0.0,9.7,12
2024-11-09T02:00,23.7,95,0.0,12.0,17
2024-11-09T03:00,23.8,94,0.0,13.8,13
2024-11-09T04:00,23.7,95,0.0,9.8,24
2024-11-09T05:00,23.7,95,0.0,7.5,20
2024-11-09T06:00,24.1,93,0.0,13.2,5
2024-11-09T07:00,25.2,92,0.0,12.1,360
2024-11-09T08:00,26.7,89,0.0,13.9,1
2024-11-09T09:00,28.3,82,0.0,16.3,6
2024-11-09T10:00,29.3,74,0.0,17.4,11
2024-11-09T11:00,30.1,69,0.0,16.3,7
2024-11-09T12:00,30.8,66,0.0,15.3,357
2024-11-09T13:00,30.9,66,0.0,15.3,341
2024-11-09T14:00,29.8,71,0.5,17.0,323
2024-11-09T15:00,27.5,80,0.8,14.9,338
2024-11-09T16:00,26.0,84,0.2,14.7,307
2024-11-09T17:00,26.2,86,0.1,4.4,78
2024-11-09T18:00,26.8,86,0.0,6.0,10
2024-11-09T19:00,26.1,88,0.0,6.5,30
2024-11-09T20:00,25.7,87,0.0,6.9,23
2024-11-09T21:00,25.5,87,0.0,8.8,11
2024-11-09T22:00,25.1,86,0.0,10.9,9
2024-11-09T23:00,24.9,85,0.0,13.5,10
2024-11-10T00:00,24.7,85,0.0,13.7,13
2024-11-10T01:00,24.4,86,0.0,13.4,12
2024-11-10T02:00,24.0,89,0.0,13.2,12
2024-11-10T03:00,23.7,90,0.0,13.2,11
2024-11-10T04:00,23.3,92,0.0,12.0,13
2024-11-10T05:00,23.0,93,0.0,11.2,18
2024-11-10T06:00,23.3,90,0.0,9.9,19
2024-11-10T07:00,24.9,88,0.0,9.0,10
2024-11-10T08:00,26.6,83,0.0,9.2,3
2024-11-10T09:00,28.3,75,0.1,12.5,7
2024-11-10T10:00,29.2,68,0.1,14.6,360
2024-11-10T11:00,29.9,65,0.1,14.3,353
2024-11-10T12:00,30.2,63,0.1,12.9,340
2024-11-10T13:00,29.8,66,0.1,15.8,326
2024-11-10T14:00,29.1,71,0.1,17.9,324
2024-11-10T15:00,28.5,77,0.1,18.9,328
2024-11-10T16:00,28.1,78,0.3,13.7,349
2024-11-10T17:00,27.5,81,0.0,12.5,5
2024-11-10T18:00,27.2,79,0.0,10.3,358
2024-11-10T19:00,26.5,81,0.0,8.7,5
2024-11-10T20:00,25.9,83,0.0,7.2,13
2024-11-10T21:00,25.6,84,0.0,9.4,11
2024-11-10T22:00,25.4,84,0.0,10.9,12
2024-11-10T23:00,25.0,84,0.0,10.4,23
2024-11-11T00:00,24.6,85,0.0,9.4,30
2024-11-11T01:00,24.4,86,0.0,8.2,33
2024-11-11T02:00,24.3,86,0.0,7.4,22
2024-11-11T03:00,24.0,87,0.0,7.5,11
2024-11-11T04:00,23.8,89,0.0,8.3,11
2024-11-11T05:00,23.7,89,0.0,8.9,19
2024-11-11T06:00,23.9,89,0.0,9.7,24
2024-11-11T07:00,25.3,87,0.0,9.5,19
2024-11-11T08:00,27.1,83,0.0,11.1,14
2024-11-11T09:00,28.5,76,0.0,12.4,9
2024-11-11T10:00,29.3,71,0.0,11.8,353
2024-11-11T11:00,29.7,70,0.1,12.2,333
2024-11-11T12:00,29.1,74,0.1,14.3,321
2024-11-11T13:00,28.9,75,0.4,16.0,315
2024-11-11T14:00,28.2,78,0.5,16.8,331
2024-11-11T15:00,28.2,81,0.1,15.9,332
2024-11-11T16:00,28.0,80,0.0,14.9,326
2024-11-11T17:00,27.6,82,0.0,12.8,332
2024-11-11T18:00,27.3,82,0.0,14.7,335
2024-11-11T19:00,27.2,84,0.0,13.1,342
2024-11-11T20:00,26.9,85,0.0,10.9,354
2024-11-11T21:00,26.3,86,0.0,8.1,12
2024-11-11T22:00,25.7,88,0.0,7.6,28
2024-11-11T23:00,25.2,90,0.0,5.2,49
2024-11-12T00:00,24.5,94,0.0,3.1,114
2024-11-12T01:00,24.4,94,0.0,3.3,174
2024-11-12T02:00,24.9,93,0.0,0.7,76
2024-11-12T03:00,23.8,97,0.0,2.9,60
2024-11-12T04:00,23.5,98,0.0,3.8,59
2024-11-12T05:00,23.4,97,0.0,3.5,55
2024-11-12T06:00,24.6,92,0.0,6.6,26
2024-11-12T07:00,26.0,86,0.0,7.1,16
2024-11-12T08:00,27.3,82,0.0,8.1,360
2024-11-12T09:00,28.4,78,0.2,8.5,335
2024-11-12T10:00,28.8,77,0.3,11.4,308
2024-11-12T11:00,29.0,79,0.1,15.1,309
2024-11-12T12:00,29.0,79,0.0,15.4,312
2024-11-12T13:00,28.2,80,0.5,17.1,300
2024-11-12T14:00,28.2,80,0.2,17.5,318
2024-11-12T15:00,28.1,79,0.1,15.9,318
2024-11-12T16:00,27.6,78,0.1,10.8,312
2024-11-12T17:00,27.1,84,0.1,7.6,301
2024-11-12T18:00,27.1,89,0.0,1.3,172
2024-11-12T19:00,26.8,91,0.0,3.8,107
2024-11-12T20:00,26.2,93,0.0,6.0,111
2024-11-12T21:00,25.7,93,0.0,6.0,129
2024-11-12T22:00,25.5,92,0.0,6.1,140
2024-11-12T23:00,25.5,91,0.0,6.8,158
2024-11-13T00:00,25.3,92,0.0,5.9,149
2024-11-13T01:00,25.0,94,0.0,5.6,140
2024-11-13T02:00,24.7,94,0.0,6.8,138
2024-11-13T03:00,24.5,95,0.0,7.3,136
2024-11-13T04:00,24.2,96,0.1,5.1,132
2024-11-13T05:00,24.3,95,0.0,3.9,114
2024-11-13T06:00,24.9,93,0.0,5.6,86
2024-11-13T07:00,26.6,89,0.0,3.5,81
2024-11-13T08:00,28.7,78,0.0,2.4,347
2024-11-13T09:00,29.8,70,0.0,5.6,312
2024-11-13T10:00,30.4,67,0.0,7.8,308
2024-11-13T11:00,30.6,66,0.1,8.7,304
2024-11-13T12:00,30.9,64,0.2,9.3,298
2024-11-13T13:00,30.8,66,0.1,7.8,299
2024-11-13T14:00,28.6,74,2.4,5.9,256
2024-11-13T15:00,28.1,78,1.2,3.9,156
2024-11-13T16:00,27.1,83,0.1,4.5,50
2024-11-13T17:00,26.3,85,0.2,6.2,64
2024-11-13T18:00,26.4,89,0.4,6.9,84
2024-11-13T19:00,26.2,89,0.1,5.0,60
2024-11-13T20:00,26.1,90,0.0,4.1,61
2024-11-13T21:00,25.7,93,0.0,2.7,110
2024-11-13T22:00,25.4,95,0.0,1.5,144
2024-11-13T23:00,25.0,96,0.0,3.9,137
2024-11-14T00:00,24.6,96,0.0,5.1,129
2024-11-14T01:00,24.4,94,0.0,6.3,141
2024-11-14T02:00,24.3,92,0.0,6.6,158
2024-11-14T03:00,24.3,91,0.0,5.5,161
2024-11-14T04:00,24.1,92,0.0,5.4,154
2024-11-14T05:00,24.0,93,0.0,5.9,145
2024-11-14T06:00,24.3,93,0.0,5.5,103
2024-11-14T07:00,25.7,88,0.0,4.8,112
2024-11-14T08:00,27.8,80,0.0,4.0,126
2024-11-14T09:00,28.9,77,0.0,2.9,187
2024-11-14T10:00,29.7,74,0.0,6.8,245
2024-11-14T11:00,28.6,76,0.3,9.1,256
2024-11-14T12:00,28.7,76,0.2,12.8,222
2024-11-14T13:00,28.4,76,0.2,12.9,219
2024-11-14T14:00,27.6,79,0.7,10.3,216
2024-11-14T15:00,26.3,87,1.1,6.0,207
2024-11-14T16:00,26.4,86,0.1,4.0,177
2024-11-14T17:00,25.9,89,0.1,6.3,121
2024-11-14T18:00,26.4,91,0.1,4.8,121
2024-11-14T19:00,26.1,94,0.1,3.9,112
2024-11-14T20:00,25.7,96,0.1,1.5,144
2024-11-14T21:00,25.3,97,0.0,4.7,122
2024-11-14T22:00,25.0,96,0.0,5.3,123
2024-11-14T23:00,24.8,94,0.0,4.7,118
2024-11-15T00:00,24.4,95,0.0,5.2,110
2024-11-15T01:00,24.0,96,0.0,2.3,113
2024-11-15T02:00,23.9,96,0.0,5.2,96
2024-11-15T03:00,23.8,96,0.0,2.7,62
2024-11-15T04:00,24.0,95,0.0,5.6,40
2024-11-15T05:00,23.9,95,0.0,1.3,8
2024-11-15T06:00,24.4,94,0.0,4.9,54
2024-11-15T07:00,25.5,90,0.0,3.0,38
2024-11-15T08:00,27.2,85,0.0,5.2,29
2024-11-15T09:00,28.8,75,0.0,4.2,5
2024-11-15T10:00,29.5,72,0.1,4.1,304
2024-11-15T11:00,28.8,74,4.3,9.9,275
2024-11-15T12:00,28.6,77,0.8,6.7,246
2024-11-15T13:00,27.0,81,2.3,8.4,281
2024-11-15T14:00,26.6,85,5.5,2.7,266
2024-11-15T15:00,26.5,86,0.5,3.0,52
2024-11-15T16:00,26.1,85,1.0,3.1,83
2024-11-15T17:00,25.7,88,0.4,4.1,92
2024-11-15T18:00,25.2,94,0.2,4.3,66
2024-11-15T19:00,25.0,96,1.5,2.9,22
2024-11-15T20:00,24.9,96,0.1,4.2,65
2024-11-15T21:00,24.5,97,0.0,4.9,100
2024-11-15T22:00,24.2,98,0.0,4.4,109
2024-11-15T23:00,24.1,96,0.0,6.7,134
2024-11-16T00:00,23.7,96,0.0,3.1,118
2024-11-16T01:00,23.3,96,0.0,0.9,53
2024-11-16T02:00,23.2,97,0.0,1.8,114
2024-11-16T03:00,23.3,96,0.0,3.6,93
2024-11-16T04:00,23.3,95,0.0,5.8,88
2024-11-16T05:00,23.0,96,0.0,4.5,88
2024-11-16T06:00,23.5,96,0.0,5.9,92
2024-11-16T07:00,25.1,93,0.0,4.2,83
2024-11-16T08:00,26.9,84,0.0,2.6,106
2024-11-16T09:00,28.1,78,0.0,1.5,210
2024-11-16T10:00,29.0,73,0.0,3.7,223
2024-11-16T11:00,29.5,71,0.1,3.9,227
2024-11-16T12:00,29.4,73,0.1,6.3,252
2024-11-16T13:00,29.1,72,1.4,7.1,236
2024-11-16T14:00,27.1,81,1.7,3.6,213
2024-11-16T15:00,26.9,78,1.5,1.7,288
2024-11-16T16:00,27.0,82,0.1,2.8,79
2024-11-16T17:00,26.6,85,0.1,1.1,81
2024-11-16T18:00,26.7,89,0.1,2.6,129
2024-11-16T19:00,26.1,93,0.0,2.9,79
2024-11-16T20:00,25.7,96,0.0,3.5,75
2024-11-16T21:00,25.3,98,0.0,3.7,55
2024-11-16T22:00,25.0,98,0.0,4.5,67
2024-11-16T23:00,24.8,96,0.0,4.7,58
2024-11-17T00:00,24.5,95,0.0,4.1,77
2024-11-17T01:00,24.2,96,0.0,3.7,79
2024-11-17T02:00,23.9,96,0.0,4.5,56
2024-11-17T03:00,23.6,97,0.0,5.1,67
2024-11-17T04:00,23.4,97,0.0,5.0,71
2024-11-17T05:00,23.2,97,0.0,3.1,77
2024-11-17T06:00,24.0,96,0.0,5.5,63
2024-11-17T07:00,25.5,92,0.0,3.7,76
2024-11-17T08:00,27.4,85,0.0,2.4,81
2024-11-17T09:00,28.9,77,0.0,1.4,337
2024-11-17T10:00,29.7,71,0.0,5.0,300
2024-11-17T11:00,30.2,68,0.0,8.0,295
2024-11-17T12:00,30.1,70,0.0,9.6,279
2024-11-17T13:00,29.3,73,0.5,8.9,279
2024-11-17T14:00,29.4,71,0.1,6.5,275
2024-11-17T15:00,28.7,72,1.1,4.0,288
2024-11-17T16:00,28.1,77,0.1,3.1,320
2024-11-17T17:00,25.5,90,3.4,7.8,67
2024-11-17T18:00,27.2,89,0.0,2.7,118
2024-11-17T19:00,25.8,94,0.5,7.8,5
2024-11-17T20:00,25.3,94,0.1,3.9,24
2024-11-17T21:00,25.3,94,0.0,1.4,337
2024-11-17T22:00,25.0,95,0.0,1.9,151
2024-11-17T23:00,24.9,97,0.0,2.2,132
2024-11-18T00:00,24.7,98,0.0,1.8,84
2024-11-18T01:00,24.5,98,0.0,3.4,87
2024-11-18T02:00,24.3,98,0.0,3.8,71
2024-11-18T03:00,24.2,97,0.0,4.6,64
2024-11-18T04:00,24.0,96,0.0,5.1,51
2024-11-18T05:00,23.8,96,0.0,4.2,47
2024-11-18T06:00,24.6,96,0.2,5.6,88
2024-11-18T07:00,25.1,98,0.3,6.1,114
2024-11-18T08:00,26.1,89,0.1,4.8,117
2024-11-18T09:00,28.0,81,0.0,3.7,141
2024-11-18T10:00,29.1,79,0.0,3.2,183
2024-11-18T11:00,29.8,75,0.1,5.4,228
2024-11-18T12:00,29.7,73,0.0,9.2,223
2024-11-18T13:00,27.8,79,1.0,5.3,190
2024-11-18T14:00,27.8,79,0.4,6.7,234
2024-11-18T15:00,27.2,83,0.2,0.9,233
2024-11-18T16:00,26.2,87,3.5,4.3,22
2024-11-18T17:00,25.6,91,0.3,3.2,90
2024-11-18T18:00,25.1,93,0.1,6.8,130
2024-11-18T19:00,25.0,95,0.0,5.7,127
2024-11-18T20:00,24.3,98,0.3,10.2,114
2024-11-18T21:00,24.0,96,1.1,5.0,128
2024-11-18T22:00,23.7,97,0.6,6.8,122
2024-11-18T23:00,23.7,96,0.2,2.6,56
2024-11-19T00:00,23.6,97,0.0,4.4,21
2024-11-19T01:00,23.4,97,0.0,2.7,58
2024-11-19T02:00,23.3,97,0.0,2.9,43
2024-11-19T03:00,23.3,96,0.0,5.2,63
2024-11-19T04:00,23.0,96,0.0,6.1,56
2024-11-19T05:00,22.9,96,0.0,4.8,37
2024-11-19T06:00,23.9,95,0.0,6.4,40
2024-11-19T07:00,24.9,94,0.0,6.4,50
2024-11-19T08:00,26.5,89,0.0,7.5,24
2024-11-19T09:00,28.1,79,0.0,6.8,3
2024-11-19T10:00,29.2,76,0.0,5.9,348
2024-11-19T11:00,29.9,75,0.0,4.7,328
2024-11-19T12:00,30.1,74,0.0,7.5,280
2024-11-19T13:00,28.8,78,2.6,11.7,279
2024-11-19T14:00,26.2,89,4.8,8.9,320
2024-11-19T15:00,26.0,88,0.2,9.0,43
2024-11-19T16:00,25.0,89,1.3,5.3,28
2024-11-19T17:00,24.8,92,0.7,6.0,107
2024-11-19T18:00,24.7,93,3.0,6.1,78
2024-11-19T19:00,24.0,97,3.4,8.5,122
2024-11-19T20:00,24.5,94,1.7,6.4,148
2024-11-19T21:00,24.7,95,0.2,7.8,158
2024-11-19T22:00,24.6,94,1.5,7.2,176
2024-11-19T23:00,24.5,95,0.4,9.3,134
2024-11-20T00:00,23.8,97,0.1,9.3,112
2024-11-20T01:00,23.4,97,1.7,6.5,90
2024-11-20T02:00,23.5,96,0.3,6.7,92
2024-11-20T03:00,23.2,97,0.1,7.6,68
2024-11-20T04:00,23.1,97,0.0,4.2,80
2024-11-20T05:00,23.0,96,0.0,5.9,50
2024-11-20T06:00,23.4,96,0.0,7.7,57
2024-11-20T07:00,24.5,95,0.0,5.7,62
2024-11-20T08:00,26.5,88,0.0,1.4,90
2024-11-20T09:00,27.8,81,0.1,1.7,311
2024-11-20T10:00,28.6,78,0.1,2.6,236
2024-11-20T11:00,28.9,76,0.2,4.1,272
2024-11-20T12:00,28.6,78,0.3,6.6,279
2024-11-20T13:00,27.8,79,2.0,8.4,254
2024-11-20T14:00,25.5,89,6.6,4.8,250
2024-11-20T15:00,25.0,91,0.9,5.0,255
2024-11-20T16:00,24.0,93,5.2,2.4,343
2024-11-20T17:00,23.9,93,1.7,1.4,140
2024-11-20T18:00,25.4,95,0.1,7.7,90
2024-11-20T19:00,25.0,96,0.0,5.6,130
2024-11-20T20:00,24.7,96,0.0,5.1,117
2024-11-20T21:00,24.6,96,0.0,4.5,137
2024-11-20T22:00,24.3,96,0.0,3.2,137
2024-11-20T23:00,24.1,96,0.0,6.2,120
2024-11-21T00:00,24.0,94,0.0,5.5,113
2024-11-21T01:00,23.6,96,2.1,11.6,255
2024-11-21T02:00,23.5,97,1.7,6.4,79
2024-11-21T03:00,23.3,96,0.0,0.3,45
2024-11-21T04:00,23.1,98,0.0,3.9,43
2024-11-21T05:00,22.8,97,0.0,1.1,99
2024-11-21T06:00,24.0,94,0.0,4.5,130
2024-11-21T07:00,24.7,91,0.1,5.9,117
2024-11-21T08:00,26.4,85,0.0,6.4,112
2024-11-21T09:00,27.8,77,0.0,8.0,70
2024-11-21T10:00,28.2,76,0.0,9.9,33
2024-11-21T11:00,28.3,76,0.0,8.9,9
2024-11-21T12:00,29.0,74,0.0,9.0,344
2024-11-21T13:00,29.1,73,0.1,9.1,321
2024-11-21T14:00,27.0,83,7.5,8.7,333
2024-11-21T15:00,26.8,85,0.2,7.5,24
2024-11-21T16:00,26.0,90,0.7,9.3,34
2024-11-21T17:00,25.7,91,0.5,8.0,27
2024-11-21T18:00,26.1,90,0.1,8.2,351
2024-11-21T19:00,26.0,90,0.0,11.7,3
2024-11-21T20:00,25.7,91,0.1,12.8,16
2024-11-21T21:00,25.4,91,0.0,10.8,11
2024-11-21T22:00,25.0,91,0.0,10.9,24
2024-11-21T23:00,24.5,93,0.0,9.9,48
2024-11-22T00:00,24.2,94,0.0,7.0,44
2024-11-22T01:00,24.1,94,0.0,9.2,50
2024-11-22T02:00,23.9,95,0.0,8.4,47
2024-11-22T03:00,23.7,95,0.0,6.9,45
2024-11-22T04:00,23.7,94,0.0,5.2,14
2024-11-22T05:00,23.6,94,0.0,2.7,23
2024-11-22T06:00,23.9,94,0.0,10.7,36
2024-11-22T07:00,25.0,92,0.0,9.1,39
2024-11-22T08:00,26.6,86,0.0,9.7,39
2024-11-22T09:00,28.2,78,0.0,10.1,49
2024-11-22T10:00,29.4,72,0.0,9.0,38
2024-11-22T11:00,29.9,73,0.0,6.0,37
2024-11-22T12:00,30.1,72,0.1,3.1,347
2024-11-22T13:00,26.7,83,5.5,12.1,317
2024-11-22T14:00,26.3,87,6.0,5.6,343
2024-11-22T15:00,25.6,89,2.1,1.3,262
2024-11-22T16:00,25.6,89,1.4,5.7,13
2024-11-22T17:00,25.2,94,2.0,3.3,68
2024-11-22T18:00,24.9,95,0.6,7.8,119
2024-11-22T19:00,24.5,96,0.3,5.2,119
2024-11-22T20:00,24.4,96,0.5,6.4,117
2024-11-22T21:00,24.0,96,0.1,2.7,127
2024-11-22T22:00,24.0,96,0.8,7.1,126
2024-11-22T23:00,23.8,96,0.1,5.4,94
2024-11-23T00:00,23.6,97,0.0,8.2,98
2024-11-23T01:00,23.5,96,0.0,7.3,73
2024-11-23T02:00,23.2,98,0.0,6.1,88
2024-11-23T03:00,23.2,97,0.0,5.5,52
2024-11-23T04:00,23.2,97,0.0,6.6,47
2024-11-23T05:00,23.2,96,0.0,4.3,33
2024-11-23T06:00,23.8,96,0.1,6.9,39
2024-11-23T07:00,24.4,94,0.0,6.4,29
2024-11-23T08:00,25.4,91,0.0,7.3,10
2024-11-23T09:00,26.2,88,0.0,6.9,5
2024-11-23T10:00,27.7,81,0.0,8.3,354
2024-11-23T11:00,28.2,79,0.0,9.4,343
2024-11-23T12:00,28.1,77,0.0,13.0,3
2024-11-23T13:00,28.0,77,0.0,10.3,1
2024-11-23T14:00,28.5,76,0.0,7.9,359
2024-11-23T15:00,29.3,74,0.0,10.7,8
2024-11-23T16:00,27.6,79,1.0,8.5,55
2024-11-23T17:00,26.8,86,0.0,2.7,58
2024-11-23T18:00,26.3,93,0.0,5.3,156
2024-11-23T19:00,25.8,93,0.0,8.6,170
2024-11-23T20:00,25.5,93,0.0,8.9,166
2024-11-23T21:00,25.4,94,0.0,7.2,145
2024-11-23T22:00,25.0,96,0.0,4.9,114
2024-11-23T23:00,24.6,97,0.0,4.1,103
2024-11-24T00:00,24.3,98,0.0,5.4,88
2024-11-24T01:00,24.0,98,0.4,3.0,107
2024-11-24T02:00,23.9,97,0.1,0.4,63
2024-11-24T03:00,24.0,96,0.0,1.5,36
2024-11-24T04:00,24.2,95,0.0,6.2,17
2024-11-24T05:00,23.9,95,0.1,9.1,25
2024-11-24T06:00,24.1,95,0.4,8.2,33
2024-11-24T07:00,24.3,93,0.5,7.7,18
2024-11-24T08:00,24.4,93,0.3,9.1,21
2024-11-24T09:00,25.2,91,0.5,11.5,11
2024-11-24T10:00,27.2,82,0.1,16.6,19
2024-11-24T11:00,27.5,82,0.0,12.2,19
2024-11-24T12:00,28.7,74,0.1,16.4,17
2024-11-24T13:00,28.6,76,0.0,15.2,5
2024-11-24T14:00,28.1,76,0.8,12.9,8
2024-11-24T15:00,27.1,82,0.1,15.4,11
2024-11-24T16:00,26.4,87,0.4,12.0,9
2024-11-24T17:00,25.8,90,1.2,15.2,5
2024-11-24T18:00,24.7,92,1.7,19.6,18
2024-11-24T19:00,24.3,94,2.3,17.6,18
2024-11-24T20:00,24.5,91,0.9,18.4,21
2024-11-24T21:00,24.5,90,0.1,17.4,11
2024-11-24T22:00,24.4,89,0.0,17.3,11
2024-11-24T23:00,24.3,89,0.0,16.9,14
2024-11-25T00:00,24.2,90,0.0,15.3,15
2024-11-25T01:00,24.3,90,0.0,15.1,20
2024-11-25T02:00,24.3,90,0.1,14.7,14
2024-11-25T03:00,24.1,91,0.4,14.9,11
2024-11-25T04:00,23.8,92,0.5,14.3,7
2024-11-25T05:00,23.8,92,0.2,17.2,11
2024-11-25T06:00,23.7,93,1.1,9.5,36
2024-11-25T07:00,23.7,95,1.8,8.8,19
2024-11-25T08:00,23.9,95,0.9,11.1,9
2024-11-25T09:00,24.4,93,0.9,13.9,17
2024-11-25T10:00,24.6,94,1.2,14.7,14
2024-11-25T11:00,25.1,93,1.2,16.1,11
2024-11-25T12:00,25.2,93,1.0,16.9,11
2024-11-25T13:00,25.4,92,1.3,19.7,8
2024-11-25T14:00,25.1,94,1.4,18.2,9
2024-11-25T15:00,25.0,94,1.6,18.7,11
2024-11-25T16:00,24.5,95,1.2,18.0,16
2024-11-25T17:00,24.2,96,1.8,18.3,14
2024-11-25T18:00,24.4,93,0.6,18.4,17
2024-11-25T19:00,24.3,93,1.1,18.6,6
2024-11-25T20:00,24.1,94,1.4,20.8,6
2024-11-25T21:00,24.0,94,2.5,22.0,4
2024-11-25T22:00,23.9,95,2.7,21.0,5
2024-11-25T23:00,23.9,95,1.1,19.2,5
2024-11-26T00:00,23.8,95,1.5,18.7,359
2024-11-26T01:00,23.7,95,1.2,17.3,2
2024-11-26T02:00,23.7,95,1.5,16.9,358
2024-11-26T03:00,23.6,96,1.5,19.3,1
2024-11-26T04:00,23.7,94,1.4,18.7,2
2024-11-26T05:00,23.7,94,0.9,16.6,13
2024-11-26T06:00,24.2,94,0.7,16.2,357
2024-11-26T07:00,24.6,94,0.5,16.0,348
2024-11-26T08:00,25.0,92,0.5,17.6,338
2024-11-26T09:00,25.4,88,0.1,15.4,336
2024-11-26T10:00,25.4,88,0.3,15.9,345
2024-11-26T11:00,25.3,87,1.5,17.3,352
2024-11-26T12:00,25.3,87,1.5,17.6,349
2024-11-26T13:00,25.3,89,1.1,16.6,351
2024-11-26T14:00,25.5,89,0.6,19.3,336
2024-11-26T15:00,25.4,90,0.7,21.5,332
2024-11-26T16:00,25.4,88,0.9,20.7,325
2024-11-26T17:00,25.3,88,2.0,22.7,328
2024-11-26T18:00,25.1,94,4.2,26.1,336
2024-11-26T19:00,25.2,93,3.3,22.1,325
2024-11-26T20:00,24.7,93,2.6,21.3,326
2024-11-26T21:00,25.3,91,2.1,22.1,315
2024-11-26T22:00,25.6,90,3.2,23.0,314
2024-11-26T23:00,25.5,89,6.5,23.1,312
2024-11-27T00:00,24.8,92,6.4,22.9,310
2024-11-27T01:00,24.8,93,9.9,23.3,322
2024-11-27T02:00,24.8,94,9.2,22.4,332
2024-11-27T03:00,24.6,94,5.8,20.4,335
2024-11-27T04:00,24.8,93,4.1,21.2,332
2024-11-27T05:00,24.6,94,2.1,20.0,333
2024-11-27T06:00,25.1,91,1.8,20.5,328
2024-11-27T07:00,25.5,88,1.3,16.7,335
2024-11-27T08:00,26.0,88,0.5,16.7,342
2024-11-27T09:00,26.6,83,0.6,20.1,336
2024-11-27T10:00,27.3,79,0.4,21.8,333
2024-11-27T11:00,26.6,82,0.8,23.5,330
2024-11-27T12:00,27.6,76,0.3,26.0,319
2024-11-27T13:00,26.4,82,1.5,29.4,325
2024-11-27T14:00,26.0,84,3.2,28.5,328
2024-11-27T15:00,26.7,81,0.2,30.2,323
2024-11-27T16:00,25.6,85,0.9,26.4,330
2024-11-27T17:00,25.1,90,5.6,29.3,323
2024-11-27T18:00,25.3,88,0.5,23.1,338
2024-11-27T19:00,25.1,89,0.6,21.5,344
2024-11-27T20:00,25.2,88,0.1,20.8,345
2024-11-27T21:00,25.1,87,0.7,17.0,350
2024-11-27T22:00,25.1,88,0.2,21.5,341
2024-11-27T23:00,25.5,84,0.3,22.7,342
2024-11-28T00:00,25.7,82,0.0,23.4,335
2024-11-28T01:00,25.1,83,0.2,22.9,338
2024-11-28T02:00,25.3,79,0.3,22.6,322
2024-11-28T03:00,25.9,79,0.6,20.7,321
2024-11-28T04:00,26.0,79,0.5,22.3,324
2024-11-28T05:00,25.0,87,0.8,21.4,318
2024-11-28T06:00,24.5,88,0.6,10.8,345
2024-11-28T07:00,24.8,89,1.2,13.4,353
2024-11-28T08:00,25.4,88,0.2,13.3,357
2024-11-28T09:00,26.3,84,0.0,11.0,359
2024-11-28T10:00,27.9,73,0.1,15.3,348
2024-11-28T11:00,28.7,62,0.0,16.3,339
2024-11-28T12:00,28.5,65,0.0,15.0,341
2024-11-28T13:00,28.2,69,0.0,16.2,333
2024-11-28T14:00,27.7,72,0.1,16.8,333
2024-11-28T15:00,27.8,72,0.0,18.0,333
2024-11-28T16:00,27.1,76,0.0,18.6,337
2024-11-28T17:00,25.5,81,0.0,16.8,356
2024-11-28T18:00,25.1,79,0.0,14.7,7
2024-11-28T19:00,24.5,82,0.0,14.6,9
2024-11-28T20:00,24.4,86,0.0,13.9,360
2024-11-28T21:00,24.3,88,0.0,13.3,3
2024-11-28T22:00,24.2,91,0.3,12.3,348
2024-11-28T23:00,24.2,93,0.7,8.6,345
2024-11-29T00:00,24.4,93,0.4,8.6,352
2024-11-29T01:00,24.2,95,0.1,10.0,13
2024-11-29T02:00,23.8,94,0.0,9.9,32
2024-11-29T03:00,23.8,92,0.0,12.0,36
2024-11-29T04:00,23.5,93,0.1,11.9,39
2024-11-29T05:00,23.7,91,0.4,8.5,38
2024-11-29T06:00,24.2,86,0.0,1.7,122
2024-11-29T07:00,24.5,86,0.0,5.2,90
2024-11-29T08:00,25.0,86,0.4,3.6,127
2024-11-29T09:00,26.4,82,0.2,4.1,180
2024-11-29T10:00,27.5,80,0.2,10.5,245
2024-11-29T11:00,28.2,77,0.1,12.6,260
2024-11-29T12:00,27.5,82,0.5,13.9,273
2024-11-29T13:00,27.2,79,0.6,16.4,270
2024-11-29T14:00,27.9,80,0.2,14.8,266
2024-11-29T15:00,27.6,80,0.1,15.4,281
2024-11-29T16:00,27.0,84,0.6,13.0,294
2024-11-29T17:00,27.0,84,0.1,9.8,308
2024-11-29T18:00,25.8,89,0.2,7.1,322
2024-11-29T19:00,25.3,91,0.4,2.8,333
2024-11-29T20:00,25.3,92,0.1,0.9,101
2024-11-29T21:00,24.9,94,0.2,3.2,117
2024-11-29T22:00,24.5,96,0.1,6.3,110
2024-11-29T23:00,24.5,95,0.0,7.0,136
2024-11-30T00:00,24.5,94,0.1,5.5,113
2024-11-30T01:00,24.1,95,0.1,0.9,37
2024-11-30T02:00,24.8,93,0.2,7.4,266
2024-11-30T03:00,25.2,91,0.1,5.5,281
2024-11-30T04:00,25.1,91,0.3,5.0,257
2024-11-30T05:00,25.5,90,0.1,6.5,270
2024-11-30T06:00,24.8,92,0.9,1.5,315
2024-11-30T07:00,25.7,90,0.5,2.5,278
2024-11-30T08:00,26.0,91,0.2,6.5,19
2024-11-30T09:00,26.9,82,0.4,9.8,337
2024-11-30T10:00,27.2,70,0.0,7.5,345
2024-11-30T11:00,28.0,69,0.0,1.4,40
2024-11-30T12:00,28.5,71,0.0,2.2,138
2024-11-30T13:00,29.4,66,0.0,13.0,270
2024-11-30T14:00,28.6,69,0.1,17.8,259
2024-11-30T15:00,28.0,76,0.2,15.8,253
2024-11-30T16:00,27.9,76,0.0,12.6,259
2024-11-30T17:00,27.7,77,0.0,12.1,260
2024-11-30T18:00,26.8,82,0.0,13.1,263
2024-11-30T19:00,26.9,82,0.0,13.2,253
2024-11-30T20:00,26.9,82,0.0,12.7,235
2024-11-30T21:00,26.8,82,0.0,13.0,232
2024-11-30T22:00,27.1,78,0.0,15.2,237
2024-11-30T23:00,27.0,80,0.0,15.7,248
2024-12-01T00:00,26.2,82,0.6,14.2,258
2024-12-01T01:00,26.0,87,0.2,11.6,244
2024-12-01T02:00,26.1,85,0.1,10.9,243
2024-12-01T03:00,26.2,82,0.4,13.5,245
2024-12-01T04:00,26.5,82,0.2,11.9,250
2024-12-01T05:00,26.3,84,0.0,11.0,260
2024-12-01T06:00,26.4,83,0.0,12.0,256
2024-12-01T07:00,27.8,77,0.0,13.5,251
2024-12-01T08:00,29.0,69,0.0,17.0,250
2024-12-01T09:00,29.1,67,0.0,18.9,246
2024-12-01T10:00,29.3,65,0.0,21.3,245
2024-12-01T11:00,29.5,65,0.0,21.4,247
2024-12-01T12:00,29.6,64,0.0,20.1,250
2024-12-01T13:00,29.5,64,0.0,19.9,252
2024-12-01T14:00,29.4,62,0.0,19.0,247
2024-12-01T15:00,29.1,63,0.0,18.3,241
2024-12-01T16:00,28.5,67,0.0,16.2,234
2024-12-01T17:00,27.9,68,0.0,15.1,230
2024-12-01T18:00,28.0,67,0.0,16.2,249
2024-12-01T19:00,27.9,68,0.0,15.9,243
2024-12-01T20:00,27.8,69,0.0,14.1,240
2024-12-01T21:00,27.6,70,0.0,14.8,236
2024-12-01T22:00,27.4,72,0.0,13.7,236
2024-12-01T23:00,27.5,72,0.0,12.4,230
2024-12-02T00:00,27.4,72,0.0,11.9,236
2024-12-02T01:00,27.2,73,0.0,10.5,245
2024-12-02T02:00,26.8,75,0.0,12.2,261
2024-12-02T03:00,27.0,76,0.0,12.7,252
2024-12-02T04:00,26.8,76,0.0,12.3,248
2024-12-02T05:00,26.9,76,0.0,11.7,245
2024-12-02T06:00,26.6,77,0.0,10.7,240
2024-12-02T07:00,27.6,76,0.0,11.4,249
2024-12-02T08:00,28.9,66,0.0,14.7,246
2024-12-02T09:00,29.1,63,0.0,17.1,251
2024-12-02T10:00,29.7,57,0.0,16.0,246
2024-12-02T11:00,29.7,58,0.0,17.0,248
2024-12-02T12:00,29.8,58,0.0,18.4,249
2024-12-02T13:00,29.6,57,0.0,15.7,251
2024-12-02T14:00,29.7,58,0.0,14.2,255
2024-12-02T15:00,29.3,60,0.0,12.6,256
2024-12-02T16:00,29.0,62,0.0,10.2,262
2024-12-02T17:00,28.1,67,0.0,8.8,259
2024-12-02T18:00,27.5,75,0.0,6.5,231
2024-12-02T19:00,27.4,75,0.0,6.9,227
2024-12-02T20:00,27.1,75,0.0,7.3,232
2024-12-02T21:00,27.0,74,0.0,7.9,229
2024-12-02T22:00,27.1,74,0.0,8.1,241
2024-12-02T23:00,26.9,76,0.0,6.9,245
2024-12-03T00:00,26.4,79,0.0,6.7,256
2024-12-03T01:00,26.0,82,0.0,5.3,260
2024-12-03T02:00,25.4,87,0.0,2.9,266
2024-12-03T03:00,24.8,88,0.0,2.0,275
2024-12-03T04:00,24.6,88,0.0,0.3,315
2024-12-03T05:00,23.8,90,0.0,4.7,97
2024-12-03T06:00,25.5,84,0.0,3.2,232
2024-12-03T07:00,26.8,81,0.0,2.8,255
2024-12-03T08:00,28.3,75,0.0,5.5,261
2024-12-03T09:00,29.5,64,0.0,9.0,267
2024-12-03T10:00,29.9,62,0.0,9.6,266
2024-12-03T11:00,30.1,62,0.0,10.3,266
2024-12-03T12:00,30.1,61,0.0,10.8,271
2024-12-03T13:00,30.0,62,0.0,10.1,268
2024-12-03T14:00,29.8,62,0.0,11.3,263
2024-12-03T15:00,29.3,64,0.0,11.3,253
2024-12-03T16:00,28.6,67,0.0,10.0,253
2024-12-03T17:00,27.8,73,0.0,7.3,254
2024-12-03T18:00,27.3,78,0.0,4.0,273
2024-12-03T19:00,27.2,78,0.0,3.9,286
2024-12-03T20:00,27.3,79,0.0,2.8,297
2024-12-03T21:00,27.0,79,0.0,2.4,306
2024-12-03T22:00,26.9,80,0.0,0.6,72
2024-12-03T23:00,25.9,85,0.0,3.1,77
2024-12-04T00:00,25.3,87,0.0,6.0,93
2024-12-04T01:00,24.6,87,0.0,7.0,102
2024-12-04T02:00,24.3,88,0.0,6.2,111
2024-12-04T03:00,24.3,88,0.0,3.6,108
2024-12-04T04:00,24.4,88,0.0,4.0,82
2024-12-04T05:00,24.1,89,0.0,5.8,83
2024-12-04T06:00,23.8,90,0.0,5.5,103
2024-12-04T07:00,25.1,88,0.0,5.5,107
2024-12-04T08:00,27.2,81,0.0,3.1,111
2024-12-04T09:00,28.8,69,0.0,1.9,131
2024-12-04T10:00,29.7,62,0.0,2.5,210
2024-12-04T11:00,30.2,60,0.0,5.7,233
2024-12-04T12:00,29.7,63,0.0,8.2,247
2024-12-04T13:00,29.0,66,0.0,11.5,253
2024-12-04T14:00,29.2,64,0.0,9.4,250
2024-12-04T15:00,28.6,68,0.0,9.7,248
2024-12-04T16:00,28.0,74,0.0,7.0,252
2024-12-04T17:00,27.6,78,0.0,5.0,229
2024-12-04T18:00,27.3,83,0.0,7.6,181
2024-12-04T19:00,26.9,86,0.0,6.4,172
2024-12-04T20:00,26.6,89,0.0,4.4,153
2024-12-04T21:00,26.2,90,0.0,5.0,150
2024-12-04T22:00,25.9,91,0.0,4.6,135
2024-12-04T23:00,25.5,93,0.0,3.5,125
2024-12-05T00:00,25.4,93,0.0,4.2,78
2024-12-05T01:00,25.1,93,0.0,5.7,72
2024-12-05T02:00,24.8,92,0.0,7.9,55
2024-12-05T03:00,24.0,92,0.0,5.9,72
2024-12-05T04:00,23.7,92,0.0,5.5,79
2024-12-05T05:00,23.6,90,0.0,3.9,53
2024-12-05T06:00,24.6,92,0.0,2.2,145
2024-12-05T07:00,26.2,88,0.0,2.7,217
2024-12-05T08:00,27.8,77,0.0,5.0,232
2024-12-05T09:00,28.6,72,0.0,5.4,240
2024-12-05T10:00,28.9,69,0.0,6.0,253
2024-12-05T11:00,29.2,68,0.1,6.8,270
2024-12-05T12:00,29.2,68,0.1,7.9,267
2024-12-05T13:00,29.3,67,0.0,6.2,287
2024-12-05T14:00,29.6,66,0.0,7.2,282
2024-12-05T15:00,28.7,70,0.4,9.1,287
2024-12-05T16:00,27.6,76,0.8,3.0,303
2024-12-05T17:00,27.3,77,0.3,3.1,208
2024-12-05T18:00,26.9,84,0.0,8.9,66
2024-12-05T19:00,24.8,91,0.5,6.3,37
2024-12-05T20:00,24.6,92,0.0,7.4,23
2024-12-05T21:00,24.5,91,0.0,6.8,40
2024-12-05T22:00,24.1,91,0.0,7.7,37
2024-12-05T23:00,23.8,91,0.0,7.9,33
2024-12-06T00:00,23.6,93,0.0,5.7,35
2024-12-06T01:00,23.4,94,0.0,3.9,37
2024-12-06T02:00,23.4,95,0.0,4.9,51
2024-12-06T03:00,23.3,95,0.0,5.4,53
2024-12-06T04:00,23.1,96,0.0,4.9,54
2024-12-06T05:00,22.7,97,0.0,2.7,58
2024-12-06T06:00,23.5,98,0.0,2.3,32
2024-12-06T07:00,24.6,92,0.0,2.8,15
2024-12-06T08:00,26.2,85,0.0,3.0,14
2024-12-06T09:00,27.8,79,0.0,4.6,36
2024-12-06T10:00,28.9,74,0.0,4.5,29
2024-12-06T11:00,29.9,67,0.0,4.9,10
2024-12-06T12:00,30.9,62,0.0,5.6,7
2024-12-06T13:00,31.5,60,0.0,5.7,13
2024-12-06T14:00,31.5,60,0.0,5.8,20
2024-12-06T15:00,31.2,63,0.2,6.6,17
2024-12-06T16:00,31.0,58,0.0,9.7,25
2024-12-06T17:00,30.0,64,0.0,9.0,23
2024-12-06T18:00,28.9,69,0.0,10.6,26
2024-12-06T19:00,27.9,74,0.0,7.7,33
2024-12-06T20:00,27.1,78,0.0,5.9,59
2024-12-06T21:00,26.2,84,0.0,3.9,103
2024-12-06T22:00,25.5,91,0.0,1.5,120
2024-12-06T23:00,25.2,93,0.0,1.3,98
2024-12-07T00:00,24.6,95,0.0,0.6,56
2024-12-07T01:00,24.2,97,0.0,1.3,82
2024-12-07T02:00,24.0,98,0.0,1.8,84
2024-12-07T03:00,24.0,97,0.0,1.4,67
2024-12-07T04:00,24.0,97,0.0,2.6,78
2024-12-07T05:00,24.1,95,0.0,4.0,60
2024-12-07T06:00,23.7,92,0.0,5.5,41
2024-12-07T07:00,25.1,86,0.0,4.7,67
2024-12-07T08:00,27.3,81,0.0,2.7,127
2024-12-07T09:00,29.1,70,0.0,2.9,223
2024-12-07T10:00,30.2,62,0.0,4.2,258
2024-12-07T11:00,30.9,58,0.0,4.5,254
2024-12-07T12:00,30.8,61,0.0,6.7,239
2024-12-07T13:00,29.3,70,0.0,7.2,271
2024-12-07T14:00,28.6,70,0.2,7.3,239
2024-12-07T15:00,29.3,67,0.1,7.2,238
2024-12-07T16:00,28.6,70,0.3,9.7,207
2024-12-07T17:00,27.6,78,0.0,6.8,192
2024-12-07T18:00,25.4,88,1.0,7.7,101
2024-12-07T19:00,26.0,87,0.1,4.4,207
2024-12-07T20:00,25.9,91,0.0,3.7,141
2024-12-07T21:00,25.4,94,0.0,4.6,111
2024-12-07T22:00,24.9,97,0.0,5.2,94
2024-12-07T23:00,24.6,97,0.0,5.3,80
2024-12-08T00:00,24.4,96,0.0,5.7,81
2024-12-08T01:00,24.2,96,0.0,5.1,58
2024-12-08T02:00,24.1,95,0.0,6.0,39
2024-12-08T03:00,23.9,94,0.0,6.4,38
2024-12-08T04:00,23.8,94,0.0,6.4,40
2024-12-08T05:00,23.7,93,0.0,6.3,51
2024-12-08T06:00,24.1,96,0.0,4.6,72
2024-12-08T07:00,25.3,90,0.0,4.0,72
2024-12-08T08:00,27.1,82,0.0,3.0,65
2024-12-08T09:00,29.1,69,0.0,3.0,76
2024-12-08T10:00,30.5,60,0.0,2.5,21
2024-12-08T11:00,31.4,54,0.1,2.4,324
2024-12-08T12:00,31.0,55,0.2,7.0,280
2024-12-08T13:00,30.1,64,0.3,10.2,242
2024-12-08T14:00,27.7,75,2.8,5.1,262
2024-12-08T15:00,25.5,88,6.9,7.2,3
2024-12-08T16:00,26.0,86,1.1,1.0,239
2024-12-08T17:00,25.9,88,0.3,2.7,176
2024-12-08T18:00,26.8,80,0.3,5.9,67
2024-12-08T19:00,26.1,85,1.2,4.3,270
2024-12-08T20:00,26.0,87,0.0,3.3,257
2024-12-08T21:00,25.7,90,0.0,1.5,76
2024-12-08T22:00,25.2,95,0.0,4.9,90
2024-12-08T23:00,24.7,97,0.0,6.2,102
2024-12-09T00:00,24.4,95,0.0,5.3,82
2024-12-09T01:00,24.0,94,0.0,5.1,67
2024-12-09T02:00,23.6,95,0.0,5.5,73
2024-12-09T03:00,23.2,95,0.0,5.5,71
2024-12-09T04:00,23.1,95,0.0,6.5,46
2024-12-09T05:00,22.8,95,0.0,5.4,42
2024-12-09T06:00,23.4,91,0.0,8.8,26
2024-12-09T07:00,24.7,85,0.0,7.9,24
2024-12-09T08:00,26.7,77,0.0,8.8,31
2024-12-09T09:00,28.9,67,0.0,9.8,26
2024-12-09T10:00,30.5,58,0.0,11.2,21
2024-12-09T11:00,31.6,51,0.1,13.0,17
2024-12-09T12:00,32.0,49,0.1,12.6,1
2024-12-09T13:00,31.8,49,0.6,13.2,356
2024-12-09T14:00,31.0,53,0.6,13.0,350
2024-12-09T15:00,30.3,57,0.4,13.7,338
2024-12-09T16:00,29.4,64,0.1,15.2,336
2024-12-09T17:00,28.4,70,0.0,13.0,336
2024-12-09T18:00,28.1,71,0.0,12.2,346
2024-12-09T19:00,27.6,75,0.0,10.1,348
2024-12-09T20:00,27.2,78,0.0,10.2,351
2024-12-09T21:00,26.7,79,0.0,11.2,354
2024-12-09T22:00,26.1,79,0.0,11.3,358
2024-12-09T23:00,25.6,79,0.0,10.9,13
2024-12-10T00:00,25.2,77,0.0,9.8,31
2024-12-10T01:00,24.7,77,0.0,8.2,41
2024-12-10T02:00,24.2,78,0.0,7.7,41
2024-12-10T03:00,23.7,80,0.0,8.1,35
2024-12-10T04:00,23.5,81,0.0,8.2,32
2024-12-10T05:00,23.4,81,0.0,7.4,39
2024-12-10T06:00,23.8,83,0.0,7.9,17
2024-12-10T07:00,25.0,78,0.0,6.9,15
2024-12-10T08:00,27.2,71,0.0,7.9,11
2024-12-10T09:00,29.0,63,0.0,13.7,9
2024-12-10T10:00,30.3,55,0.0,13.8,6
2024-12-10T11:00,31.3,50,0.0,13.0,355
2024-12-10T12:00,31.9,48,0.0,13.7,347
2024-12-10T13:00,32.4,45,0.0,15.7,338
2024-12-10T14:00,31.6,47,0.0,16.5,331
2024-12-10T15:00,29.7,62,0.1,17.2,325
2024-12-10T16:00,29.1,65,0.1,18.9,332
2024-12-10T17:00,28.6,68,0.0,18.1,340
2024-12-10T18:00,28.2,72,0.0,16.0,351
2024-12-10T19:00,27.2,75,0.0,13.2,20
2024-12-10T20:00,26.4,78,0.0,11.8,19
2024-12-10T21:00,26.0,82,0.0,12.4,14
2024-12-10T22:00,25.7,84,0.0,12.9,13
2024-12-10T23:00,25.5,85,0.0,13.6,18
2024-12-11T00:00,25.3,87,0.0,11.7,21
2024-12-11T01:00,25.0,88,0.0,11.0,19
2024-12-11T02:00,24.8,89,0.0,10.5,24
2024-12-11T03:00,24.6,90,0.0,10.5,20
2024-12-11T04:00,24.4,91,0.0,10.0,18
2024-12-11T05:00,24.4,91,0.0,10.4,8
2024-12-11T06:00,24.7,90,0.0,9.2,3
2024-12-11T07:00,26.0,84,0.0,8.8,15
2024-12-11T08:00,27.8,73,0.0,13.7,360
2024-12-11T09:00,28.9,67,0.1,15.6,349
2024-12-11T10:00,29.8,63,0.3,15.0,343
2024-12-11T11:00,30.4,61,0.5,16.0,345
2024-12-11T12:00,30.4,65,0.8,16.1,329
2024-12-11T13:00,29.2,68,0.8,18.4,340
2024-12-11T14:00,29.2,71,0.3,19.9,334
2024-12-11T15:00,28.7,70,0.4,20.7,342
2024-12-11T16:00,28.2,74,0.3,18.6,337
2024-12-11T17:00,27.8,75,0.0,17.2,342
2024-12-11T18:00,27.2,80,0.0,14.1,350
2024-12-11T19:00,26.9,82,0.0,10.5,354
2024-12-11T20:00,26.7,83,0.1,6.9,20
2024-12-11T21:00,26.2,86,0.0,7.0,13
2024-12-11T22:00,26.0,87,0.0,7.7,349
2024-12-11T23:00,25.8,87,0.0,7.0,347
2024-12-12T00:00,25.7,88,0.0,6.0,339
2024-12-12T01:00,25.5,90,0.0,3.6,330
2024-12-12T02:00,25.5,91,0.0,4.0,306
2024-12-12T03:00,25.3,92,0.1,4.0,302
2024-12-12T04:00,24.9,94,2.0,6.5,278
2024-12-12T05:00,25.0,95,0.4,7.0,296
2024-12-12T06:00,25.1,93,0.6,9.2,268
2024-12-12T07:00,25.2,91,0.6,8.1,265
2024-12-12T08:00,26.0,86,0.3,11.3,252
2024-12-12T09:00,27.4,80,0.3,10.9,258
2024-12-12T10:00,28.5,75,0.4,14.3,276
2024-12-12T11:00,28.2,79,0.9,17.9,285
2024-12-12T12:00,28.5,76,0.1,18.9,280
2024-12-12T13:00,28.2,77,0.4,19.6,292
2024-12-12T14:00,27.9,73,0.2,22.7,288
2024-12-12T15:00,27.7,77,0.3,17.2,291
2024-12-12T16:00,27.2,78,0.1,15.5,278
2024-12-12T17:00,26.8,81,0.1,12.1,269
2024-12-12T18:00,25.8,88,0.5,12.1,267
2024-12-12T19:00,25.6,88,0.6,5.2,248
2024-12-12T20:00,25.0,93,0.6,4.7,182
2024-12-12T21:00,24.9,95,0.1,3.5,125
2024-12-12T22:00,25.0,94,0.0,6.2,120
2024-12-12T23:00,24.8,96,0.1,5.9,137
2024-12-13T00:00,24.9,94,0.2,6.3,129
2024-12-13T01:00,24.6,95,0.9,6.7,166
2024-12-13T02:00,24.2,96,0.9,4.8,167
2024-12-13T03:00,23.6,97,2.0,6.4,155
2024-12-13T04:00,23.4,97,1.0,5.7,136
2024-12-13T05:00,23.1,98,1.5,7.4,116
2024-12-13T06:00,24.4,94,2.8,4.6,101
2024-12-13T07:00,25.2,93,0.1,6.2,150
2024-12-13T08:00,26.5,86,0.0,6.8,163
2024-12-13T09:00,27.6,81,0.0,4.5,214
2024-12-13T10:00,28.5,80,0.0,4.5,241
2024-12-13T11:00,29.0,78,0.1,8.0,245
2024-12-13T12:00,28.9,71,3.1,8.1,252
2024-12-13T13:00,28.4,75,1.0,8.2,234
2024-12-13T14:00,28.6,78,0.1,6.7,236
2024-12-13T15:00,27.2,80,1.6,7.5,200
2024-12-13T16:00,26.7,85,0.1,3.5,111
2024-12-13T17:00,26.2,89,0.0,4.0,90
2024-12-13T18:00,25.7,91,0.6,3.4,183
2024-12-13T19:00,25.6,91,0.2,2.3,129
2024-12-13T20:00,25.1,95,0.1,3.1,97
2024-12-13T21:00,24.7,97,1.0,3.5,62
2024-12-13T22:00,24.4,97,0.4,3.5,78
2024-12-13T23:00,24.2,97,0.2,4.8,34
2024-12-14T00:00,24.1,96,0.1,3.4,32
2024-12-14T01:00,23.6,98,1.5,5.9,52
2024-12-14T02:00,23.8,97,0.4,5.2,86
2024-12-14T03:00,23.8,96,0.6,4.2,54
2024-12-14T04:00,23.5,98,0.0,4.3,92
2024-12-14T05:00,23.4,98,0.0,4.8,77
2024-12-14T06:00,23.7,95,2.9,2.4,297
2024-12-14T07:00,24.6,91,0.4,3.1,24
2024-12-14T08:00,25.7,86,0.0,2.3,360
2024-12-14T09:00,27.1,81,0.0,4.3,2
2024-12-14T10:00,28.4,76,0.0,6.5,341
2024-12-14T11:00,28.8,78,0.1,5.5,319
2024-12-14T12:00,29.0,78,0.1,6.8,302
2024-12-14T13:00,29.0,78,0.0,10.6,293
2024-12-14T14:00,26.2,90,2.8,8.8,309
2024-12-14T15:00,26.1,87,0.3,11.0,3
2024-12-14T16:00,25.4,88,0.5,5.4,48
2024-12-14T17:00,25.5,89,0.0,4.9,2
2024-12-14T18:00,25.9,91,0.0,5.8,20
2024-12-14T19:00,25.7,92,0.2,6.9,7
2024-12-14T20:00,25.6,93,0.0,7.8,352
2024-12-14T21:00,25.2,93,0.0,11.9,14
2024-12-14T22:00,24.6,94,0.1,8.9,18
2024-12-14T23:00,24.3,95,0.3,7.9,17
2024-12-15T00:00,24.3,95,0.0,9.7,27
2024-12-15T01:00,24.1,95,0.0,9.0,35
2024-12-15T02:00,23.9,95,0.0,9.5,32
2024-12-15T03:00,23.9,93,0.0,13.7,17
2024-12-15T04:00,23.7,93,0.0,15.8,17
2024-12-15T05:00,23.7,92,0.0,16.5,18
2024-12-15T06:00,24.2,91,0.0,13.6,15
2024-12-15T07:00,25.0,86,0.0,13.7,14
2024-12-15T08:00,26.4,81,0.0,14.2,15
2024-12-15T09:00,28.0,74,0.0,17.2,18
2024-12-15T10:00,28.9,69,0.0,18.9,19
2024-12-15T11:00,29.8,64,0.0,19.8,23
2024-12-15T12:00,30.3,61,0.0,19.5,18
2024-12-15T13:00,30.5,59,0.0,19.2,12
2024-12-15T14:00,30.4,59,0.0,18.5,10
2024-12-15T15:00,30.1,59,0.0,18.9,8
2024-12-15T16:00,29.0,67,0.0,18.9,3
2024-12-15T17:00,27.9,72,0.0,17.5,3
2024-12-15T18:00,27.2,71,0.0,15.1,359
2024-12-15T19:00,26.7,72,0.0,18.0,7
2024-12-15T20:00,26.3,73,0.0,18.3,11
2024-12-15T21:00,25.9,75,0.0,18.9,15
2024-12-15T22:00,25.5,78,0.0,17.9,17
2024-12-15T23:00,25.2,80,0.0,15.4,16
2024-12-16T00:00,24.8,83,0.0,14.3,18
2024-12-16T01:00,24.7,84,0.0,14.8,18
2024-12-16T02:00,24.5,85,0.0,13.4,20
2024-12-16T03:00,24.3,86,0.0,12.9,21
2024-12-16T04:00,24.1,86,0.0,13.2,22
2024-12-16T05:00,24.1,87,0.0,14.1,23
2024-12-16T06:00,24.3,89,0.0,12.0,26
2024-12-16T07:00,24.7,89,0.0,11.6,21
2024-12-16T08:00,25.9,86,0.0,12.7,13
2024-12-16T09:00,26.2,83,0.0,17.1,19
2024-12-16T10:00,27.1,79,0.0,16.1,16
2024-12-16T11:00,28.4,74,0.0,15.7,15
2024-12-16T12:00,27.3,77,0.3,16.8,12
2024-12-16T13:00,26.0,86,1.1,15.2,14
2024-12-16T14:00,25.7,88,1.4,13.9,10
2024-12-16T15:00,25.4,90,1.2,14.9,13
2024-12-16T16:00,25.5,89,0.1,13.3,13
2024-12-16T17:00,25.3,89,0.2,14.2,26
2024-12-16T18:00,25.8,86,0.0,13.4,20
2024-12-16T19:00,25.5,87,0.0,12.2,20
2024-12-16T20:00,25.2,88,0.0,11.5,14
2024-12-16T21:00,24.9,89,0.0,10.9,8
2024-12-16T22:00,24.6,91,0.0,10.8,5
2024-12-16T23:00,24.3,92,0.0,11.1,13
2024-12-17T00:00,24.3,92,0.0,10.8,21
2024-12-17T01:00,24.2,92,0.0,12.6,17
2024-12-17T02:00,23.9,92,0.0,12.6,26
2024-12-17T03:00,23.8,92,0.0,13.8,32
2024-12-17T04:00,23.7,92,0.0,12.1,23
2024-12-17T05:00,23.6,92,0.0,13.6,30
2024-12-17T06:00,24.1,95,0.0,8.8,26
2024-12-17T07:00,24.9,94,0.0,8.5,21
2024-12-17T08:00,26.2,88,0.0,8.8,23
2024-12-17T09:00,27.5,80,0.0,11.3,9
2024-12-17T10:00,28.5,74,0.1,12.3,355
2024-12-17T11:00,29.0,75,0.1,10.7,338
2024-12-17T12:00,27.1,81,0.9,16.4,331
2024-12-17T13:00,27.5,82,0.1,13.1,335
2024-12-17T14:00,28.2,76,0.1,15.0,333
2024-12-17T15:00,28.4,73,0.1,15.8,328
2024-12-17T16:00,26.7,85,0.6,10.5,352
2024-12-17T17:00,25.6,90,5.2,5.6,343
2024-12-17T18:00,26.4,89,0.1,8.6,2
2024-12-17T19:00,25.6,93,0.1,5.8,14
2024-12-17T20:00,25.3,94,0.0,5.9,23
2024-12-17T21:00,24.9,95,0.0,6.4,25
2024-12-17T22:00,24.7,96,0.0,7.4,26
2024-12-17T23:00,24.5,96,0.0,8.4,35
2024-12-18T00:00,24.0,96,0.0,8.0,40
2024-12-18T01:00,23.7,96,0.0,8.5,38
2024-12-18T02:00,23.7,95,0.0,7.5,30
2024-12-18T03:00,23.6,94,0.0,7.2,28
2024-12-18T04:00,23.6,94,0.0,7.0,32
2024-12-18T05:00,23.6,93,0.0,5.5,19
2024-12-18T06:00,24.2,91,0.0,6.8,37
2024-12-18T07:00,25.1,90,0.0,3.5,15
2024-12-18T08:00,26.5,85,0.0,4.5,29
2024-12-18T09:00,27.9,76,0.0,9.9,351
2024-12-18T10:00,28.4,74,0.2,11.5,331
2024-12-18T11:00,28.7,74,0.1,12.0,313
2024-12-18T12:00,28.5,74,0.2,13.1,308
2024-12-18T13:00,28.8,76,0.2,12.6,322
2024-12-18T14:00,28.5,74,0.0,12.3,330
2024-12-18T15:00,28.2,74,0.0,12.2,317
2024-12-18T16:00,28.0,77,0.1,12.1,314
2024-12-18T17:00,27.3,81,0.0,9.5,323
2024-12-18T18:00,27.1,83,0.0,7.9,344
2024-12-18T19:00,26.6,86,0.0,5.8,5
2024-12-18T20:00,26.0,91,0.0,3.1,40
2024-12-18T21:00,25.5,94,0.0,1.5,97
2024-12-18T22:00,25.3,96,0.0,1.5,159
2024-12-18T23:00,25.2,95,0.0,1.1,171
2024-12-19T00:00,24.9,95,0.0,1.3,225
2024-12-19T01:00,24.8,95,0.0,0.6,326
2024-12-19T02:00,24.6,96,0.2,5.4,360
2024-12-19T03:00,24.7,95,0.1,1.9,319
2024-12-19T04:00,24.6,93,0.4,5.8,250
2024-12-19T05:00,24.6,94,0.2,2.3,241
2024-12-19T06:00,24.8,95,0.1,4.1,221
2024-12-19T07:00,25.8,90,0.2,1.9,241
2024-12-19T08:00,26.6,87,0.1,3.5,279
2024-12-19T09:00,27.2,81,0.2,6.2,282
2024-12-19T10:00,27.6,80,0.0,7.3,287
2024-12-19T11:00,28.1,78,0.0,9.6,284
2024-12-19T12:00,27.2,81,0.2,8.8,293
2024-12-19T13:00,27.9,80,0.1,7.2,270
2024-12-19T14:00,27.7,79,0.0,7.0,267
2024-12-19T15:00,27.9,78,0.0,6.3,263
2024-12-19T16:00,27.2,81,0.0,7.5,250
2024-12-19T17:00,26.8,84,0.0,4.8,239
2024-12-19T18:00,27.6,82,0.0,8.4,254
2024-12-19T19:00,27.4,84,0.0,7.7,252
2024-12-19T20:00,27.3,85,0.0,8.1,246
2024-12-19T21:00,27.1,86,0.0,8.2,244
2024-12-19T22:00,27.1,85,0.0,7.2,243
2024-12-19T23:00,26.7,86,0.1,7.1,240
2024-12-20T00:00,26.1,84,0.7,6.9,231
2024-12-20T01:00,25.4,90,1.4,4.6,244
2024-12-20T02:00,25.3,88,1.1,2.9,180
2024-12-20T03:00,24.9,94,0.2,3.8,183
2024-12-20T04:00,24.6,97,0.2,3.6,117
2024-12-20T05:00,24.3,98,0.1,4.0,111
2024-12-20T06:00,24.4,98,0.2,4.8,138
2024-12-20T07:00,25.5,94,0.3,4.6,154
2024-12-20T08:00,26.4,90,0.2,6.0,189
2024-12-20T09:00,27.6,84,0.1,5.1,170
2024-12-20T10:00,28.0,81,0.2,7.4,223
2024-12-20T11:00,28.0,81,0.2,6.8,212
2024-12-20T12:00,28.4,80,0.1,5.1,228
2024-12-20T13:00,28.7,77,0.1,10.2,229
2024-12-20T14:00,26.2,85,1.0,14.7,228
2024-12-20T15:00,27.2,81,0.1,9.9,202
2024-12-20T16:00,27.2,81,0.0,6.8,192
2024-12-20T17:00,26.9,82,0.0,8.1,212
2024-12-20T18:00,27.0,83,0.8,11.2,210
2024-12-20T19:00,26.0,86,0.9,8.0,198
2024-12-20T20:00,25.8,90,0.7,8.8,185
2024-12-20T21:00,25.4,95,0.3,8.8,160
2024-12-20T22:00,25.0,96,0.1,7.6,172
2024-12-20T23:00,24.7,96,0.4,8.6,157
2024-12-21T00:00,24.2,96,0.1,7.9,133
2024-12-21T01:00,24.1,96,1.2,6.4,190
2024-12-21T02:00,24.5,95,0.1,5.6,163
2024-12-21T03:00,24.4,96,0.1,6.9,150
2024-12-21T04:00,24.2,97,0.2,7.0,122
2024-12-21T05:00,24.3,96,0.1,7.0,134
2024-12-21T06:00,24.6,95,0.0,6.8,130
2024-12-21T07:00,25.4,93,0.1,6.0,141
2024-12-21T08:00,26.6,86,0.1,7.0,167
2024-12-21T09:00,27.8,81,0.0,6.8,212
2024-12-21T10:00,28.7,79,0.0,6.5,240
2024-12-21T11:00,28.0,79,0.2,11.1,261
2024-12-21T12:00,27.8,84,0.4,6.6,286
2024-12-21T13:00,28.3,80,0.1,8.8,270
2024-12-21T14:00,26.4,84,1.6,12.1,250
2024-12-21T15:00,27.0,81,0.1,8.7,249
2024-12-21T16:00,27.2,81,0.1,8.7,249
2024-12-21T17:00,26.2,85,0.2,10.9,250
2024-12-21T18:00,26.4,90,0.1,2.9,259
2024-12-21T19:00,26.2,90,0.5,3.5,219
2024-12-21T20:00,26.2,92,0.5,5.4,300
2024-12-21T21:00,25.4,96,0.3,4.3,294
2024-12-21T22:00,25.2,99,0.3,4.3,315
2024-12-21T23:00,25.0,96,0.6,2.3,39
2024-12-22T00:00,24.6,99,0.1,1.9,29
2024-12-22T01:00,24.3,100,0.3,5.0,319
2024-12-22T02:00,24.5,98,0.2,6.0,286
2024-12-22T03:00,23.6,99,1.6,10.8,5
2024-12-22T04:00,23.8,95,1.0,5.5,9
2024-12-22T05:00,23.6,96,0.1,4.6,59
2024-12-22T06:00,25.6,94,0.0,3.7,79
2024-12-22T07:00,26.1,93,0.0,3.2,87
2024-12-22T08:00,27.6,86,0.0,2.5,45
2024-12-22T09:00,28.9,80,0.1,4.3,315
2024-12-22T10:00,29.8,74,0.1,7.2,283
2024-12-22T11:00,30.2,72,0.1,6.4,292
2024-12-22T12:00,30.7,70,0.1,6.4,278
2024-12-22T13:00,30.7,68,0.0,9.3,289
2024-12-22T14:00,29.6,73,0.3,8.3,327
2024-12-22T15:00,29.1,75,0.2,9.0,325
2024-12-22T16:00,28.9,78,0.0,7.0,312
2024-12-22T17:00,27.5,83,1.0,6.6,317
2024-12-22T18:00,27.8,83,0.0,10.6,341
2024-12-22T19:00,27.4,84,0.0,8.1,355
2024-12-22T20:00,26.8,86,0.0,7.0,1
2024-12-22T21:00,26.2,89,0.0,6.3,7
2024-12-22T22:00,25.7,91,0.0,4.3,17
2024-12-22T23:00,25.1,93,0.0,2.7,8
2024-12-23T00:00,24.8,94,0.0,3.4,354
2024-12-23T01:00,24.8,94,0.0,4.0,360
2024-12-23T02:00,24.7,94,0.0,4.4,7
2024-12-23T03:00,24.4,95,0.0,4.7,28
2024-12-23T04:00,23.9,95,0.0,6.1,45
2024-12-23T05:00,23.3,96,0.0,3.3,45
2024-12-23T06:00,23.6,95,0.0,4.6,48
2024-12-23T07:00,24.4,91,0.0,4.3,28
2024-12-23T08:00,26.1,86,0.0,5.0,15
2024-12-23T09:00,27.9,74,0.0,7.4,360
2024-12-23T10:00,29.3,63,0.0,8.8,340
2024-12-23T11:00,30.2,58,0.0,10.6,328
2024-12-23T12:00,30.5,58,0.0,12.0,324
2024-12-23T13:00,30.6,57,0.0,12.3,321
2024-12-23T14:00,30.4,58,0.0,13.4,319
2024-12-23T15:00,29.8,63,0.0,13.8,318
2024-12-23T16:00,28.8,69,0.0,13.1,319
2024-12-23T17:00,28.0,72,0.0,11.7,319
2024-12-23T18:00,27.3,79,0.0,11.0,325
2024-12-23T19:00,26.9,83,0.0,9.5,333
2024-12-23T20:00,26.6,86,0.0,7.8,334
2024-12-23T21:00,26.2,89,0.0,6.7,333
2024-12-23T22:00,25.7,91,0.0,5.6,4
2024-12-23T23:00,25.0,94,0.0,5.3,33
2024-12-24T00:00,24.3,95,0.0,6.6,53
2024-12-24T01:00,23.8,96,0.0,6.5,62
2024-12-24T02:00,23.6,96,0.0,5.2,59
2024-12-24T03:00,23.5,96,0.0,4.3,75
2024-12-24T04:00,23.1,96,0.0,3.5,55
2024-12-24T05:00,22.7,96,0.0,3.9,53
2024-12-24T06:00,22.2,97,0.0,4.1,75
2024-12-24T07:00,23.3,92,0.0,3.6,70
2024-12-24T08:00,25.6,83,0.0,2.5,45
2024-12-24T09:00,27.8,71,0.0,3.2,344
2024-12-24T10:00,29.3,61,0.0,5.5,297
2024-12-24T11:00,29.9,59,0.0,9.4,288
2024-12-24T12:00,29.9,60,0.0,11.1,293
2024-12-24T13:00,29.8,62,0.0,11.4,296
2024-12-24T14:00,29.7,61,0.0,11.5,295
2024-12-24T15:00,29.5,61,0.0,10.8,298
2024-12-24T16:00,29.0,63,0.0,9.7,299
2024-12-24T17:00,28.3,66,0.0,8.2,296
2024-12-24T18:00,28.3,66,0.0,6.3,283
2024-12-24T19:00,28.1,67,0.0,5.9,272
2024-12-24T20:00,27.8,68,0.0,6.4,262
2024-12-24T21:00,27.5,71,0.0,5.8,256
2024-12-24T22:00,26.7,75,0.0,2.6,214
2024-12-24T23:00,25.6,81,0.0,1.5,159
2024-12-25T00:00,24.9,84,0.0,2.4,107
2024-12-25T01:00,24.3,87,0.0,4.4,78
2024-12-25T02:00,23.9,89,0.0,4.7,72
2024-12-25T03:00,23.5,89,0.0,4.8,103
2024-12-25T04:00,23.4,89,0.0,6.1,114
2024-12-25T05:00,23.3,89,0.0,6.5,104
2024-12-25T06:00,22.7,88,0.0,5.1,96
2024-12-25T07:00,24.1,81,0.0,5.0,88
2024-12-25T08:00,27.1,69,0.0,4.5,61
2024-12-25T09:00,28.9,61,0.0,3.9,347
2024-12-25T10:00,30.1,55,0.0,6.0,303
2024-12-25T11:00,30.8,51,0.0,7.9,291
2024-12-25T12:00,31.2,48,0.0,10.0,285
2024-12-25T13:00,31.1,47,0.0,11.3,283
2024-12-25T14:00,30.8,48,0.0,11.8,283
2024-12-25T15:00,30.2,50,0.0,11.1,279
2024-12-25T16:00,29.6,52,0.0,9.4,275
2024-12-25T17:00,28.9,54,0.0,8.1,274
2024-12-25T18:00,29.2,56,0.0,5.5,314
2024-12-25T19:00,28.9,58,0.0,4.9,356
2024-12-25T20:00,28.2,62,0.0,5.2,338
2024-12-25T21:00,27.6,65,0.0,4.7,320
2024-12-25T22:00,26.7,70,0.0,2.2,275
2024-12-25T23:00,25.9,75,0.0,0.6,288
2024-12-26T00:00,25.3,77,0.0,1.7,72
2024-12-26T01:00,24.3,81,0.0,4.7,81
2024-12-26T02:00,23.3,85,0.0,6.4,68
2024-12-26T03:00,22.7,86,0.0,6.5,76
2024-12-26T04:00,22.3,86,0.0,6.2,69
2024-12-26T05:00,22.1,86,0.0,6.0,65
2024-12-26T06:00,22.7,85,0.0,5.6,73
2024-12-26T07:00,24.4,77,0.0,5.8,88
2024-12-26T08:00,27.0,68,0.0,6.0,93
2024-12-26T09:00,28.9,61,0.0,3.9,56
2024-12-26T10:00,30.5,52,0.0,2.7,340
2024-12-26T11:00,31.5,48,0.0,6.0,309
2024-12-26T12:00,31.6,51,0.0,10.2,307
2024-12-26T13:00,31.9,48,0.0,10.1,309
2024-12-26T14:00,30.4,60,0.0,13.8,291
2024-12-26T15:00,30.1,61,0.0,13.7,289
2024-12-26T16:00,29.3,64,0.0,12.9,289
2024-12-26T17:00,28.7,66,0.0,11.3,292
2024-12-26T18:00,28.5,72,0.0,11.9,302
2024-12-26T19:00,28.5,71,0.0,10.7,315
2024-12-26T20:00,28.4,71,0.0,7.6,313
2024-12-26T21:00,27.5,76,0.3,1.7,32
2024-12-26T22:00,26.1,84,0.1,4.5,164
2024-12-26T23:00,26.0,86,0.1,8.0,207
2024-12-27T00:00,25.6,87,0.0,8.8,189
2024-12-27T01:00,25.4,87,0.0,7.8,184
2024-12-27T02:00,25.1,89,0.0,5.7,169
2024-12-27T03:00,24.8,92,0.0,4.7,137
2024-12-27T04:00,24.2,95,0.0,3.7,104
2024-12-27T05:00,23.8,97,0.0,4.5,104
2024-12-27T06:00,24.6,94,0.0,6.7,153
2024-12-27T07:00,25.7,87,0.0,6.4,155
2024-12-27T08:00,27.5,76,0.0,8.0,172
2024-12-27T09:00,29.1,66,0.0,7.3,196
2024-12-27T10:00,30.1,60,0.0,6.5,224
2024-12-27T11:00,30.5,59,0.1,9.1,238
2024-12-27T12:00,30.5,59,0.1,11.4,239
2024-12-27T13:00,29.7,63,0.2,12.0,249
2024-12-27T14:00,29.7,63,0.2,11.8,257
2024-12-27T15:00,29.1,67,0.5,11.3,269
2024-12-27T16:00,27.5,77,0.8,3.1,298
2024-12-27T17:00,25.4,85,7.7,7.1,30
2024-12-27T18:00,27.6,73,0.0,7.9,21
2024-12-27T19:00,26.8,79,0.0,6.4,10
2024-12-27T20:00,26.2,82,0.0,6.2,7
2024-12-27T21:00,25.7,85,0.0,5.0,19
2024-12-27T22:00,25.3,88,0.0,6.1,19
2024-12-27T23:00,24.8,91,0.0,5.6,48
2024-12-28T00:00,24.5,93,0.0,5.7,46
2024-12-28T01:00,24.2,94,0.0,5.1,42
2024-12-28T02:00,24.0,95,0.0,6.3,27
2024-12-28T03:00,23.8,96,0.0,5.8,39
2024-12-28T04:00,23.6,96,0.0,5.5,41
2024-12-28T05:00,23.4,95,0.0,5.6,31
2024-12-28T06:00,24.0,94,0.0,6.2,30
2024-12-28T07:00,25.0,88,0.0,5.2,29
2024-12-28T08:00,27.0,78,0.0,4.2,25
2024-12-28T09:00,29.0,66,0.0,3.7,23
2024-12-28T10:00,30.4,58,0.0,3.2,357
2024-12-28T11:00,31.2,54,0.0,2.8,342
2024-12-28T12:00,30.5,56,0.1,4.0,249
2024-12-28T13:00,30.1,61,0.2,6.2,248
2024-12-28T14:00,30.2,61,0.6,5.5,259
2024-12-28T15:00,29.8,62,0.4,2.7,242
2024-12-28T16:00,29.5,62,0.3,2.1,285
2024-12-28T17:00,28.5,66,0.2,4.0,153
2024-12-28T18:00,29.1,65,0.0,3.2,146
2024-12-28T19:00,27.8,77,0.0,6.3,162
2024-12-28T20:00,26.7,82,0.0,8.3,164
2024-12-28T21:00,26.0,86,0.0,5.2,136
2024-12-28T22:00,25.3,88,0.0,5.9,92
2024-12-28T23:00,24.9,90,0.0,5.0,75
2024-12-29T00:00,24.7,91,0.0,4.8,70
2024-12-29T01:00,24.3,93,0.0,5.2,27
2024-12-29T02:00,24.1,94,0.0,6.3,24
2024-12-29T03:00,23.8,94,0.0,5.0,26
2024-12-29T04:00,23.4,94,0.0,4.7,23
2024-12-29T05:00,23.0,96,0.0,4.9,39
2024-12-29T06:00,23.5,94,0.0,5.8,54
2024-12-29T07:00,24.6,87,0.0,5.9,27
2024-12-29T08:00,26.8,75,0.0,7.1,6
2024-12-29T09:00,28.6,67,0.0,7.0,12
2024-12-29T10:00,30.2,60,0.0,6.3,3
2024-12-29T11:00,31.4,54,0.1,7.9,343
2024-12-29T12:00,31.4,53,0.3,9.6,344
2024-12-29T13:00,30.9,58,0.8,9.3,333
2024-12-29T14:00,29.1,64,0.8,16.8,342
2024-12-29T15:00,27.2,77,1.7,3.5,9
2024-12-29T16:00,28.1,73,0.0,5.4,318
2024-12-29T17:00,26.5,79,0.8,11.6,19
2024-12-29T18:00,27.2,80,0.1,7.3,17
2024-12-29T19:00,26.8,82,0.0,8.7,13
2024-12-29T20:00,26.3,83,0.0,11.2,11
2024-12-29T21:00,26.1,85,0.0,11.5,17
2024-12-29T22:00,25.8,85,0.0,11.9,23
2024-12-29T23:00,25.6,85,0.0,11.2,19
2024-12-30T00:00,25.2,86,0.0,11.1,8
2024-12-30T01:00,24.9,88,0.0,9.4,4
2024-12-30T02:00,24.5,90,0.0,7.7,18
2024-12-30T03:00,24.2,92,0.0,8.3,16
2024-12-30T04:00,23.8,94,0.0,7.1,41
2024-12-30T05:00,23.4,96,0.0,7.0,55
2024-12-30T06:00,23.9,94,0.0,7.0,58
2024-12-30T07:00,24.7,91,0.0,6.6,61
2024-12-30T08:00,26.8,81,0.0,5.3,80
2024-12-30T09:00,28.4,75,0.0,5.4,96
2024-12-30T10:00,29.6,69,0.0,2.5,120
2024-12-30T11:00,30.8,62,0.2,1.8,276
2024-12-30T12:00,30.9,62,0.0,6.5,284
2024-12-30T13:00,29.7,69,0.0,11.2,280
2024-12-30T14:00,28.1,75,0.4,2.0,355
2024-12-30T15:00,27.9,76,0.1,3.5,189
2024-12-30T16:00,25.9,84,2.5,8.5,29
2024-12-30T17:00,25.1,90,2.5,6.5,48
2024-12-30T18:00,25.4,92,4.6,2.2,9
2024-12-30T19:00,25.2,94,0.5,4.2,149
2024-12-30T20:00,25.0,95,0.1,5.1,141
2024-12-30T21:00,24.8,96,0.0,2.2,171
2024-12-30T22:00,24.6,96,0.0,3.1,77
2024-12-30T23:00,24.6,97,0.0,2.8,140
2024-12-31T00:00,24.5,97,0.0,2.3,86
2024-12-31T01:00,24.3,97,0.0,2.6,39
2024-12-31T02:00,24.2,97,0.0,3.3,68
2024-12-31T03:00,23.9,97,0.0,2.6,129
2024-12-31T04:00,24.1,96,0.0,0.7,104
2024-12-31T05:00,23.8,96,0.4,0.3,135
2024-12-31T06:00,24.5,95,0.0,3.9,77
2024-12-31T07:00,25.2,90,0.0,3.9,28
2024-12-31T08:00,26.5,85,0.0,6.3,5
2024-12-31T09:00,28.0,76,0.0,5.4,14
2024-12-31T10:00,29.4,69,0.2,6.7,24
2024-12-31T11:00,29.7,70,0.2,5.3,8
2024-12-31T12:00,30.7,65,0.0,3.7,331
2024-12-31T13:00,28.0,76,0.5,2.6,231
2024-12-31T14:00,26.1,84,1.8,9.0,224
2024-12-31T15:00,25.7,87,0.7,5.2,299
2024-12-31T16:00,26.0,84,0.9,3.7,166
2024-12-31T17:00,25.2,89,0.5,5.8,180
2024-12-31T18:00,25.8,91,0.0,5.4,34
2024-12-31T19:00,25.5,93,0.0,10.6,44
2024-12-31T20:00,25.3,92,0.0,7.5,53
2024-12-31T21:00,24.9,93,0.0,6.7,36
2024-12-31T22:00,24.6,93,0.0,7.1,16
2024-12-31T23:00,24.3,92,0.0,7.4,18
2025-01-01T00:00,24.1,92,0.0,9.0,22
2025-01-01T01:00,23.8,93,0.3,9.6,30
2025-01-01T02:00,23.6,93,0.0,11.5,44
2025-01-01T03:00,23.5,94,0.0,10.7,49
2025-01-01T04:00,23.4,94,0.0,7.8,50
2025-01-01T05:00,23.5,94,0.0,5.7,41
2025-01-01T06:00,24.0,94,0.0,0.6,326
2025-01-01T07:00,24.6,90,0.0,3.9,43
2025-01-01T08:00,25.8,85,0.0,10.0,33
2025-01-01T09:00,26.8,81,0.0,15.3,52
2025-01-01T10:00,28.0,75,0.1,12.7,55
2025-01-01T11:00,28.3,71,1.2,11.6,60
2025-01-01T12:00,26.9,83,8.3,13.0,51
2025-01-01T13:00,26.9,86,2.2,7.2,37
2025-01-01T14:00,26.9,82,0.3,13.5,30
2025-01-01T15:00,26.8,82,0.4,14.7,27
2025-01-01T16:00,25.9,89,2.5,15.4,24
2025-01-01T17:00,25.5,88,0.3,14.6,26
2025-01-01T18:00,24.4,93,2.2,13.8,28
2025-01-01T19:00,24.2,94,3.4,10.2,34
2025-01-01T20:00,24.1,94,2.4,12.1,23
2025-01-01T21:00,24.1,93,0.2,11.3,25
2025-01-01T22:00,24.0,92,0.0,14.0,22
2025-01-01T23:00,23.8,91,0.0,16.3,21
2025-01-02T00:00,23.9,90,0.3,14.9,23
2025-01-02T01:00,23.8,90,0.1,15.7,22
2025-01-02T02:00,23.7,90,0.0,16.0,19
2025-01-02T03:00,23.6,90,0.0,16.7,17
2025-01-02T04:00,23.6,90,0.0,17.4,17
2025-01-02T05:00,23.6,90,0.0,17.7,20
2025-01-02T06:00,23.5,90,0.0,15.3,20
2025-01-02T07:00,24.0,88,0.0,15.3,27
2025-01-02T08:00,24.9,84,0.6,13.8,35
2025-01-02T09:00,25.7,81,0.2,11.9,30
2025-01-02T10:00,26.0,82,0.3,8.8,23
2025-01-02T11:00,26.7,77,0.0,10.1,29
2025-01-02T12:00,27.5,73,0.0,10.2,39
2025-01-02T13:00,27.5,72,0.2,9.7,24
2025-01-02T14:00,26.8,76,0.3,9.5,2
2025-01-02T15:00,25.9,85,0.8,6.5,347
2025-01-02T16:00,26.0,85,0.8,3.5,78
2025-01-02T17:00,25.3,91,0.3,2.4,132
2025-01-02T18:00,25.7,79,0.0,11.8,6
2025-01-02T19:00,25.4,78,0.0,13.8,13
2025-01-02T20:00,25.2,78,0.0,14.8,21
2025-01-02T21:00,24.8,79,0.2,14.8,22
2025-01-02T22:00,24.7,78,0.0,13.6,34
2025-01-02T23:00,24.2,81,0.0,12.0,44
2025-01-03T00:00,23.9,83,0.0,9.9,53
2025-01-03T01:00,23.5,86,0.0,7.6,68
2025-01-03T02:00,23.4,87,0.0,5.1,63
2025-01-03T03:00,23.3,85,0.0,5.6,27
2025-01-03T04:00,23.1,83,0.0,9.8,8
2025-01-03T05:00,23.2,82,0.0,12.6,10
2025-01-03T06:00,23.4,83,0.0,10.3,31
2025-01-03T07:00,24.1,82,0.0,10.6,30
2025-01-03T08:00,25.6,79,0.0,11.2,24
2025-01-03T09:00,27.3,74,0.0,13.7,25
2025-01-03T10:00,28.5,66,0.0,14.7,26
2025-01-03T11:00,29.5,63,0.0,14.9,30
2025-01-03T12:00,29.7,62,0.0,14.7,24
2025-01-03T13:00,29.8,61,0.0,13.4,20
2025-01-03T14:00,30.7,55,0.0,12.1,12
2025-01-03T15:00,29.1,64,0.2,15.5,25
2025-01-03T16:00,27.9,71,0.0,8.5,58
2025-01-03T17:00,27.1,78,0.0,7.1,54
2025-01-03T18:00,26.9,73,0.0,16.4,15
2025-01-03T19:00,26.3,73,0.0,17.2,24
2025-01-03T20:00,25.8,74,0.0,17.4,31
2025-01-03T21:00,25.5,74,0.0,17.2,25
2025-01-03T22:00,25.0,76,0.0,15.5,20
2025-01-03T23:00,24.6,78,0.0,14.5,19
2025-01-04T00:00,24.4,78,0.0,14.3,19
2025-01-04T01:00,24.1,79,0.0,13.3,25
2025-01-04T02:00,23.8,80,0.0,13.6,22
2025-01-04T03:00,23.4,81,0.0,12.6,27
2025-01-04T04:00,23.2,81,0.0,11.7,31
2025-01-04T05:00,23.1,82,0.0,12.0,26
2025-01-04T06:00,23.2,86,0.0,12.5,20
2025-01-04T07:00,23.8,85,0.0,13.0,22
2025-01-04T08:00,25.2,81,0.0,13.0,24
2025-01-04T09:00,26.7,75,0.0,12.8,28
2025-01-04T10:00,28.0,70,0.0,11.7,34
2025-01-04T11:00,29.3,65,0.0,6.7,44
2025-01-04T12:00,29.9,62,0.0,3.8,355
2025-01-04T13:00,29.9,62,0.1,2.0,280
2025-01-04T14:00,29.3,66,0.2,1.8,53
2025-01-04T15:00,27.9,71,2.2,6.8,63
2025-01-04T16:00,26.5,80,0.2,8.1,69
2025-01-04T17:00,26.0,84,0.0,6.5,85
2025-01-04T18:00,24.9,93,0.0,6.3,72
2025-01-04T19:00,24.7,94,0.0,6.5,76
2025-01-04T20:00,24.6,94,0.0,4.7,88
2025-01-04T21:00,24.6,95,0.0,3.4,106
2025-01-04T22:00,24.6,96,0.0,3.1,173
2025-01-04T23:00,24.7,96,0.0,0.2,270
2025-01-05T00:00,24.6,97,0.0,3.3,347
2025-01-05T01:00,24.4,95,0.0,4.4,9
2025-01-05T02:00,24.2,91,0.0,6.1,28
2025-01-05T03:00,23.8,89,0.0,6.9,25
2025-01-05T04:00,23.6,83,0.0,7.4,29
2025-01-05T05:00,23.3,81,0.0,7.4,26
2025-01-05T06:00,23.1,80,0.0,11.3,29
2025-01-05T07:00,23.8,79,0.0,10.5,25
2025-01-05T08:00,25.5,75,0.0,9.3,19
2025-01-05T09:00,27.2,70,0.0,9.6,20
2025-01-05T10:00,28.7,65,0.0,7.6,14
2025-01-05T11:00,29.6,61,0.0,6.7,8
2025-01-05T12:00,30.6,56,0.0,7.2,360
2025-01-05T13:00,30.6,56,0.1,7.4,354
2025-01-05T14:00,30.8,56,0.0,9.0,6
2025-01-05T15:00,29.3,60,0.3,4.1,90
2025-01-05T16:00,27.3,77,0.3,7.9,156
2025-01-05T17:00,26.4,82,0.1,10.3,168
2025-01-05T18:00,26.1,85,0.0,7.5,169
2025-01-05T19:00,25.5,89,0.0,7.5,117
2025-01-05T20:00,25.0,90,0.0,5.2,121
2025-01-05T21:00,24.3,94,0.0,2.1,142
2025-01-05T22:00,23.9,96,0.0,1.4,130
2025-01-05T23:00,23.7,96,0.0,3.8,73
2025-01-06T00:00,23.5,96,0.0,5.1,45
2025-01-06T01:00,23.1,97,0.0,2.1,20
2025-01-06T02:00,22.8,97,0.0,2.4,42
2025-01-06T03:00,22.5,97,0.0,4.8,29
2025-01-06T04:00,22.1,96,0.0,5.5,38
2025-01-06T05:00,21.6,96,0.0,6.0,37
2025-01-06T06:00,22.5,87,0.0,11.0,32
2025-01-06T07:00,23.4,84,0.0,9.4,32
2025-01-06T08:00,25.3,77,0.0,9.9,22
2025-01-06T09:00,27.2,68,0.0,13.3,23
2025-01-06T10:00,28.5,60,0.0,12.9,18
2025-01-06T11:00,29.5,55,0.0,10.8,2
2025-01-06T12:00,30.1,51,0.0,10.1,349
2025-01-06T13:00,30.4,50,0.0,10.5,341
2025-01-06T14:00,30.5,49,0.0,10.6,339
2025-01-06T15:00,30.4,48,0.0,10.0,337
2025-01-06T16:00,29.9,50,0.0,10.0,347
2025-01-06T17:00,29.0,58,0.0,10.0,351
2025-01-06T18:00,26.6,78,0.0,12.7,321
2025-01-06T19:00,26.2,81,0.0,11.7,329
2025-01-06T20:00,26.2,81,0.0,11.3,326
2025-01-06T21:00,26.1,82,0.0,11.9,340
2025-01-06T22:00,25.2,85,0.0,11.2,1
2025-01-06T23:00,24.3,85,0.0,9.6,21
2025-01-07T00:00,23.4,88,0.0,8.8,31
2025-01-07T01:00,22.9,91,0.0,8.1,29
2025-01-07T02:00,22.5,94,0.0,8.1,31
2025-01-07T03:00,22.2,95,0.0,7.1,34
2025-01-07T04:00,21.9,95,0.0,6.5,44
2025-01-07T05:00,21.7,95,0.0,6.1,45
2025-01-07T06:00,21.7,96,0.0,5.1,48
2025-01-07T07:00,22.4,93,0.0,5.2,46
2025-01-07T08:00,24.5,84,0.0,4.2,47
2025-01-07T09:00,26.8,76,0.0,3.0,38
2025-01-07T10:00,28.8,67,0.0,1.4,230
2025-01-07T11:00,29.7,62,0.0,4.3,275
2025-01-07T12:00,30.0,59,0.0,7.7,291
2025-01-07T13:00,30.1,61,0.0,9.2,298
2025-01-07T14:00,30.1,61,0.0,9.7,298
2025-01-07T15:00,29.6,64,0.0,9.5,291
2025-01-07T16:00,29.1,66,0.0,7.7,286
2025-01-07T17:00,28.2,69,0.0,7.1,294
2025-01-07T18:00,27.6,75,0.0,5.9,301
2025-01-07T19:00,27.3,79,0.0,3.0,284
2025-01-07T20:00,26.9,82,0.0,1.9,119
2025-01-07T21:00,26.2,85,0.0,5.8,126
2025-01-07T22:00,25.7,86,0.0,3.5,141
2025-01-07T23:00,25.2,89,0.0,1.0,329
2025-01-08T00:00,24.6,92,0.0,4.3,355
2025-01-08T01:00,24.0,94,0.0,5.7,41
2025-01-08T02:00,23.6,96,0.0,6.1,62
2025-01-08T03:00,23.4,97,0.0,5.8,70
2025-01-08T04:00,23.3,97,0.0,5.4,60
2025-01-08T05:00,23.0,97,0.0,6.7,46
2025-01-08T06:00,23.2,98,0.0,6.6,37
2025-01-08T07:00,24.0,92,0.0,4.7,50
2025-01-08T08:00,26.3,80,0.0,4.0,60
2025-01-08T09:00,28.4,70,0.0,2.7,122
2025-01-08T10:00,30.0,60,0.0,3.4,198
2025-01-08T11:00,30.8,55,0.0,5.5,251
2025-01-08T12:00,30.6,56,0.1,9.0,275
2025-01-08T13:00,30.1,61,0.1,10.9,278
2025-01-08T14:00,29.8,62,0.0,11.4,282
2025-01-08T15:00,29.7,60,0.0,11.6,298
2025-01-08T16:00,28.8,65,0.0,12.0,320
2025-01-08T17:00,28.0,69,0.0,9.3,332
2025-01-08T18:00,27.8,74,0.0,10.2,342
2025-01-08T19:00,27.2,75,0.0,12.5,15
2025-01-08T20:00,26.4,79,0.0,11.1,22
2025-01-08T21:00,26.0,80,0.0,10.8,18
2025-01-08T22:00,25.7,79,0.0,11.2,30
2025-01-08T23:00,25.4,79,0.0,10.8,38
2025-01-09T00:00,25.0,80,0.0,11.6,36
2025-01-09T01:00,24.6,82,0.0,10.6,39
2025-01-09T02:00,24.3,84,0.0,8.8,41
2025-01-09T03:00,24.0,86,0.0,9.2,35
2025-01-09T04:00,23.7,87,0.0,8.9,36
2025-01-09T05:00,23.6,88,0.0,8.6,37
2025-01-09T06:00,23.6,88,0.0,8.2,41
2025-01-09T07:00,24.6,83,0.0,6.9,41
2025-01-09T08:00,26.6,74,0.0,6.9,37
2025-01-09T09:00,28.8,65,0.0,7.5,42
2025-01-09T10:00,30.6,56,0.0,4.8,31
2025-01-09T11:00,31.8,50,0.0,4.3,355
2025-01-09T12:00,32.2,48,0.0,6.9,330
2025-01-09T13:00,32.9,46,0.0,9.2,340
2025-01-09T14:00,33.2,44,0.0,9.6,354
2025-01-09T15:00,32.7,47,0.0,10.4,350
2025-01-09T16:00,31.6,52,0.2,10.2,336
2025-01-09T17:00,29.9,59,0.6,10.9,341
2025-01-09T18:00,27.6,73,1.0,3.1,114
2025-01-09T19:00,27.2,75,0.7,1.6,174
2025-01-09T20:00,26.8,79,0.0,2.0,350
2025-01-09T21:00,26.7,81,0.0,9.5,25
2025-01-09T22:00,25.9,85,0.0,9.7,40
2025-01-09T23:00,25.7,84,0.0,9.5,36
2025-01-10T00:00,25.5,83,0.0,10.2,26
2025-01-10T01:00,25.3,82,0.0,12.9,18
2025-01-10T02:00,25.1,83,0.0,13.9,17
2025-01-10T03:00,24.9,84,0.0,14.0,13
2025-01-10T04:00,24.7,85,0.0,14.2,16
2025-01-10T05:00,24.5,87,0.0,14.0,20
2025-01-10T06:00,24.7,87,0.0,11.3,25
2025-01-10T07:00,25.4,84,0.0,12.5,23
2025-01-10T08:00,26.8,78,0.0,11.6,24
2025-01-10T09:00,28.7,71,0.0,11.8,31
2025-01-10T10:00,30.7,61,0.0,13.1,29
2025-01-10T11:00,32.0,56,0.0,13.9,29
2025-01-10T12:00,33.0,52,0.0,13.5,27
2025-01-10T13:00,33.6,50,0.0,13.8,27
2025-01-10T14:00,33.1,51,0.0,12.5,20
2025-01-10T15:00,32.0,54,0.0,8.2,36
2025-01-10T16:00,25.6,89,4.8,9.8,185
2025-01-10T17:00,25.8,88,0.1,8.7,167
2025-01-10T18:00,27.1,85,0.1,8.4,200
2025-01-10T19:00,26.9,84,0.5,3.4,177
2025-01-10T20:00,26.6,85,0.1,2.3,32
2025-01-10T21:00,26.4,85,0.0,8.9,34
2025-01-10T22:00,25.8,86,0.0,10.1,39
2025-01-10T23:00,25.4,83,0.0,12.5,30
2025-01-11T00:00,25.2,84,0.0,12.7,30
2025-01-11T01:00,25.0,84,0.0,11.8,25
2025-01-11T02:00,24.9,84,0.0,12.2,24
2025-01-11T03:00,24.9,84,0.0,12.9,20
2025-01-11T04:00,24.8,84,0.0,13.7,22
2025-01-11T05:00,24.6,85,0.0,13.2,24
2025-01-11T06:00,24.5,83,0.0,15.8,17
2025-01-11T07:00,25.2,80,0.0,13.0,14
2025-01-11T08:00,26.7,75,0.0,15.6,16
2025-01-11T09:00,28.4,67,0.0,17.7,20
2025-01-11T10:00,29.8,61,0.0,19.5,22
2025-01-11T11:00,31.6,51,0.0,24.9,28
2025-01-11T12:00,31.4,53,0.0,21.3,28
2025-01-11T13:00,31.2,56,0.3,20.5,24
2025-01-11T14:00,30.5,59,0.1,20.4,26
2025-01-11T15:00,28.9,66,0.2,20.5,32
2025-01-11T16:00,27.2,72,0.0,17.8,24
2025-01-11T17:00,26.2,79,0.3,16.3,16
2025-01-11T18:00,25.4,79,0.0,17.1,18
2025-01-11T19:00,24.6,76,0.0,17.9,22
2025-01-11T20:00,23.9,76,0.0,15.9,18
2025-01-11T21:00,23.3,83,0.3,15.1,15
2025-01-11T22:00,23.2,86,0.1,15.7,15
2025-01-11T23:00,22.9,87,0.3,16.2,13
2025-01-12T00:00,22.7,87,0.1,16.8,12
2025-01-12T01:00,22.3,92,2.9,16.5,8
2025-01-12T02:00,22.1,95,4.1,16.0,7
2025-01-12T03:00,21.9,96,0.8,13.6,15
2025-01-12T04:00,22.1,95,0.4,13.9,10
2025-01-12T05:00,22.2,95,0.5,12.6,1
2025-01-12T06:00,22.9,95,3.9,16.8,4
2025-01-12T07:00,23.2,95,2.6,18.0,3
2025-01-12T08:00,23.9,94,1.2,15.1,8
2025-01-12T09:00,24.7,93,0.9,16.7,11
2025-01-12T10:00,25.0,91,0.6,15.5,13
2025-01-12T11:00,26.1,88,0.3,14.8,10
2025-01-12T12:00,28.1,83,0.3,11.4,25
2025-01-12T13:00,28.3,80,0.4,8.4,16
2025-01-12T14:00,26.1,83,5.9,13.4,44
2025-01-12T15:00,25.2,90,0.3,5.2,56
2025-01-12T16:00,25.8,88,0.0,5.4,14
2025-01-12T17:00,25.9,88,0.0,5.6,25
2025-01-12T18:00,25.1,93,0.0,7.8,4
2025-01-12T19:00,24.9,94,0.0,3.9,16
2025-01-12T20:00,24.6,95,0.0,3.2,38
2025-01-12T21:00,24.4,96,0.0,6.2,10
2025-01-12T22:00,23.9,96,0.0,9.6,12
2025-01-12T23:00,23.6,96,0.0,9.9,16
2025-01-13T00:00,23.4,95,0.0,9.3,28
2025-01-13T01:00,23.2,95,0.0,8.6,30
2025-01-13T02:00,23.0,96,0.0,8.1,32
2025-01-13T03:00,22.9,95,0.0,6.2,22
2025-01-13T04:00,22.7,96,0.0,3.5,21
2025-01-13T05:00,22.5,96,0.0,3.8,360
2025-01-13T06:00,22.8,96,0.0,8.5,28
2025-01-13T07:00,23.3,95,0.0,8.4,28
2025-01-13T08:00,24.8,89,0.0,7.8,26
2025-01-13T09:00,26.5,84,0.0,6.7,36
2025-01-13T10:00,28.2,78,0.0,4.8,25
2025-01-13T11:00,29.3,74,0.0,3.2,357
2025-01-13T12:00,29.9,71,0.0,2.3,293
2025-01-13T13:00,29.8,74,0.2,3.6,250
2025-01-13T14:00,26.9,87,8.5,12.1,215
2025-01-13T15:00,25.7,91,7.4,5.2,131
2025-01-13T16:00,25.7,89,0.5,6.2,187
2025-01-13T17:00,25.8,92,0.0,2.8,125
2025-01-13T18:00,26.2,92,0.0,6.0,95
2025-01-13T19:00,25.8,93,0.0,4.7,74
2025-01-13T20:00,25.5,94,0.0,2.3,32
2025-01-13T21:00,25.4,94,0.0,5.7,11
2025-01-13T22:00,25.1,89,0.0,6.7,27
2025-01-13T23:00,24.8,86,0.0,7.5,30
2025-01-14T00:00,24.2,88,0.0,7.3,44
2025-01-14T01:00,23.7,90,0.0,6.7,54
2025-01-14T02:00,23.4,92,0.0,7.3,50
2025-01-14T03:00,23.3,93,0.0,7.7,53
2025-01-14T04:00,23.2,94,0.0,7.9,49
2025-01-14T05:00,23.0,96,0.0,3.8,71
2025-01-14T06:00,23.6,92,0.0,7.8,42
2025-01-14T07:00,24.0,94,0.0,6.9,51
2025-01-14T08:00,25.2,90,0.0,6.1,66
2025-01-14T09:00,26.3,87,0.0,4.3,75
2025-01-14T10:00,27.3,83,0.1,3.6,60
2025-01-14T11:00,28.1,80,0.2,2.5,4
2025-01-14T12:00,27.9,79,0.9,5.9,313
2025-01-14T13:00,25.7,86,9.2,4.2,348
2025-01-14T14:00,25.7,88,1.0,3.3,13
2025-01-14T15:00,25.6,87,0.6,4.2,25
2025-01-14T16:00,25.3,90,0.6,9.3,37
2025-01-14T17:00,24.6,96,3.1,9.7,18
2025-01-14T18:00,24.9,97,2.4,5.7,9
2025-01-14T19:00,24.7,98,0.4,6.8,32
2025-01-14T20:00,24.5,98,0.1,4.4,35
2025-01-14T21:00,24.3,97,0.1,6.1,355
2025-01-14T22:00,23.9,96,0.0,6.2,353
2025-01-14T23:00,23.7,96,0.1,7.2,18
2025-01-15T00:00,23.5,97,1.8,7.3,23
2025-01-15T01:00,23.3,98,3.1,8.6,16
2025-01-15T02:00,23.2,98,0.3,9.4,29
2025-01-15T03:00,23.3,97,0.4,7.2,19
2025-01-15T04:00,23.2,96,0.1,8.4,7
2025-01-15T05:00,23.0,95,0.1,8.3,13
2025-01-15T06:00,23.3,95,0.0,8.6,22
2025-01-15T07:00,23.8,94,0.0,7.7,31
2025-01-15T08:00,25.3,87,0.0,11.6,46
2025-01-15T09:00,26.6,81,0.0,11.7,46
2025-01-15T10:00,27.4,78,0.5,11.6,46
2025-01-15T11:00,27.6,76,0.0,13.2,58
2025-01-15T12:00,28.0,76,0.0,10.6,67
2025-01-15T13:00,28.8,72,0.0,9.3,66
2025-01-15T14:00,28.7,73,0.2,7.8,53
2025-01-15T15:00,28.0,77,0.2,8.5,36
2025-01-15T16:00,26.7,87,0.6,5.5,58
2025-01-15T17:00,26.4,90,0.1,1.4,50
2025-01-15T18:00,26.2,90,0.0,3.1,190
2025-01-15T19:00,25.9,91,0.1,4.4,212
2025-01-15T20:00,25.7,93,0.1,1.7,212
2025-01-15T21:00,25.4,94,0.4,6.5,357
2025-01-15T22:00,24.6,92,0.9,10.9,8
2025-01-15T23:00,24.1,94,0.4,13.2,11
2025-01-16T00:00,24.0,94,0.0,12.5,23
2025-01-16T01:00,23.9,94,0.0,12.5,28
2025-01-16T02:00,23.8,95,0.0,12.3,30
2025-01-16T03:00,23.6,95,0.0,11.9,31
2025-01-16T04:00,23.5,95,0.0,12.2,28
2025-01-16T05:00,23.3,94,0.0,10.7,31
2025-01-16T06:00,24.1,92,0.0,10.0,28
2025-01-16T07:00,24.3,91,0.0,7.9,33
2025-01-16T08:00,25.0,89,0.0,4.9,28
2025-01-16T09:00,26.6,85,0.0,5.5,23
2025-01-16T10:00,28.0,77,0.0,5.2,27
2025-01-16T11:00,28.7,72,0.0,5.6,17
2025-01-16T12:00,28.4,73,0.0,8.0,23
2025-01-16T13:00,28.7,73,0.1,7.7,30
2025-01-16T14:00,27.9,76,1.2,8.2,49
2025-01-16T15:00,27.3,81,0.6,5.1,48
2025-01-16T16:00,27.1,80,0.6,4.6,36
2025-01-16T17:00,26.4,86,0.7,6.3,20
2025-01-16T18:00,24.4,92,0.3,1.8,281
2025-01-16T19:00,24.4,94,0.1,4.8,61
2025-01-16T20:00,24.2,97,0.0,3.8,163
2025-01-16T21:00,24.1,97,0.0,3.8,17
2025-01-16T22:00,23.9,97,0.0,7.1,34
2025-01-16T23:00,23.8,94,0.0,9.1,17
2025-01-17T00:00,23.7,91,0.0,17.2,13
2025-01-17T01:00,23.6,90,0.0,19.0,13
2025-01-17T02:00,23.7,90,0.0,20.2,18
2025-01-17T03:00,23.7,89,0.0,20.6,19
2025-01-17T04:00,23.8,88,0.0,18.7,16
2025-01-17T05:00,23.6,87,0.0,19.4,13
2025-01-17T06:00,23.8,87,0.0,17.9,22
2025-01-17T07:00,24.4,84,0.0,18.0,26
2025-01-17T08:00,25.8,79,0.0,15.4,23
2025-01-17T09:00,27.2,73,0.0,18.1,27
2025-01-17T10:00,28.3,68,0.0,19.1,32
2025-01-17T11:00,29.3,63,0.0,18.2,39
2025-01-17T12:00,29.8,60,0.0,16.9,31
2025-01-17T13:00,30.1,59,0.0,15.5,23
2025-01-17T14:00,30.3,59,0.0,13.8,20
2025-01-17T15:00,30.0,61,0.0,14.6,18
2025-01-17T16:00,29.5,63,0.0,16.0,12
2025-01-17T17:00,28.1,70,0.0,15.8,8
2025-01-17T18:00,26.9,75,0.0,15.2,7
2025-01-17T19:00,26.2,77,0.0,17.2,10
2025-01-17T20:00,25.5,79,0.0,20.4,16
2025-01-17T21:00,25.3,80,0.0,20.9,22
2025-01-17T22:00,25.0,81,0.0,20.4,26
2025-01-17T23:00,24.8,82,0.0,17.9,25
2025-01-18T00:00,24.5,84,0.0,16.9,22
2025-01-18T01:00,24.1,86,0.0,15.0,19
2025-01-18T02:00,24.0,87,0.0,15.5,13
2025-01-18T03:00,24.1,87,0.0,17.5,9
2025-01-18T04:00,24.1,88,0.0,16.7,11
2025-01-18T05:00,24.1,88,0.0,15.6,11
2025-01-18T06:00,24.3,88,0.0,11.6,28
2025-01-18T07:00,24.8,87,0.0,13.4,26
2025-01-18T08:00,25.9,84,0.0,13.9,33
2025-01-18T09:00,27.8,75,0.0,15.2,33
2025-01-18T10:00,28.9,71,0.0,14.1,34
2025-01-18T11:00,29.7,70,0.0,11.6,22
2025-01-18T12:00,29.6,73,0.2,9.8,8
2025-01-18T13:00,26.5,82,11.6,11.1,16
2025-01-18T14:00,26.9,85,1.1,5.8,2
2025-01-18T15:00,27.0,86,0.3,6.1,3
2025-01-18T16:00,26.6,89,1.3,5.7,49
2025-01-18T17:00,26.0,91,1.2,3.7,67
2025-01-18T18:00,24.5,97,7.9,3.0,147
2025-01-18T19:00,24.6,100,1.2,2.2,5
2025-01-18T20:00,24.5,98,1.5,3.4,25
2025-01-18T21:00,24.4,99,0.4,5.2,27
2025-01-18T22:00,24.0,99,0.3,6.9,45
2025-01-18T23:00,24.0,99,0.5,7.6,43
2025-01-19T00:00,23.8,99,0.6,8.3,91
2025-01-19T01:00,23.7,99,1.6,5.4,88
2025-01-19T02:00,23.6,98,2.2,6.9,20
2025-01-19T03:00,23.5,97,3.1,7.0,29
2025-01-19T04:00,23.2,97,2.5,4.7,40
2025-01-19T05:00,23.2,96,0.5,6.9,14
2025-01-19T06:00,23.6,96,1.7,6.1,5
2025-01-19T07:00,23.6,96,2.2,6.2,8
2025-01-19T08:00,23.6,96,2.8,5.2,6
2025-01-19T09:00,23.6,96,3.5,7.0,360
2025-01-19T10:00,23.7,96,3.4,5.3,342
2025-01-19T11:00,23.8,96,3.1,6.2,38
2025-01-19T12:00,24.0,95,2.9,7.5,40
2025-01-19T13:00,24.2,95,3.5,6.9,30
2025-01-19T14:00,25.0,90,2.0,8.3,20
2025-01-19T15:00,24.9,93,1.0,6.6,11
2025-01-19T16:00,24.7,96,1.0,10.1,11
2025-01-19T17:00,24.4,96,1.0,12.7,11
2025-01-19T18:00,24.6,96,1.1,3.9,68
2025-01-19T19:00,24.5,97,0.3,2.4,48
2025-01-19T20:00,24.2,97,0.1,6.5,34
2025-01-19T21:00,24.0,96,0.0,5.9,52
2025-01-19T22:00,23.8,96,0.0,5.9,38
2025-01-19T23:00,23.7,94,0.0,9.2,23
2025-01-20T00:00,23.6,94,0.0,10.6,26
2025-01-20T01:00,23.3,95,0.0,10.3,22
2025-01-20T02:00,23.1,95,0.0,9.7,27
2025-01-20T03:00,23.1,94,0.0,8.9,29
2025-01-20T04:00,22.9,94,0.0,6.4,38
2025-01-20T05:00,22.7,95,0.0,5.9,40
2025-01-20T06:00,22.7,96,0.0,3.6,57
2025-01-20T07:00,23.7,93,0.0,5.1,36
2025-01-20T08:00,25.3,86,0.0,6.7,38
2025-01-20T09:00,26.6,82,0.0,6.4,36
2025-01-20T10:00,28.2,77,0.0,7.2,35
2025-01-20T11:00,29.5,72,0.0,9.8,38
2025-01-20T12:00,30.2,68,0.0,8.5,21
2025-01-20T13:00,30.6,65,0.0,8.5,4
2025-01-20T14:00,27.6,78,1.3,4.8,169
2025-01-20T15:00,26.9,86,0.3,7.6,181
2025-01-20T16:00,25.1,93,7.7,5.8,182
2025-01-20T17:00,24.3,93,0.8,7.2,288
2025-01-20T18:00,27.2,74,0.0,14.3,18
2025-01-20T19:00,26.5,76,0.0,19.0,17
2025-01-20T20:00,25.9,79,0.0,18.7,20
2025-01-20T21:00,25.4,80,0.0,17.2,15
2025-01-20T22:00,25.0,82,0.0,16.8,15
2025-01-20T23:00,24.9,83,0.0,17.2,13
2025-01-21T00:00,24.6,84,0.0,15.6,14
2025-01-21T01:00,24.4,86,0.0,15.0,13
2025-01-21T02:00,24.2,87,0.0,14.7,15
2025-01-21T03:00,24.0,88,0.0,14.4,16
2025-01-21T04:00,23.8,90,0.1,13.8,14
2025-01-21T05:00,23.6,91,0.2,12.9,12
2025-01-21T06:00,23.5,92,0.0,10.1,22
2025-01-21T07:00,24.0,90,0.0,11.1,23
2025-01-21T08:00,25.1,85,0.0,14.2,22
2025-01-21T09:00,26.1,81,0.0,14.7,25
2025-01-21T10:00,26.2,80,0.2,13.9,25
2025-01-21T11:00,26.3,79,0.2,15.0,23
2025-01-21T12:00,25.7,82,0.4,15.0,18
2025-01-21T13:00,25.3,90,3.1,11.6,345
2025-01-21T14:00,25.4,90,3.2,11.8,316
2025-01-21T15:00,26.2,84,0.0,16.3,329
2025-01-21T16:00,25.4,87,0.6,14.5,12
2025-01-21T17:00,24.8,90,0.2,11.2,1
2025-01-21T18:00,26.1,82,0.0,15.1,357
2025-01-21T19:00,25.2,84,0.0,16.0,359
2025-01-21T20:00,24.9,86,0.0,15.3,4
2025-01-21T21:00,24.6,88,0.0,15.0,6
2025-01-21T22:00,24.5,88,0.0,14.8,10
2025-01-21T23:00,24.3,89,0.0,14.2,12
2025-01-22T00:00,24.0,91,0.0,12.7,18
2025-01-22T01:00,23.8,92,0.0,12.3,27
2025-01-22T02:00,23.7,92,0.0,10.6,32
2025-01-22T03:00,23.4,94,1.5,10.4,32
2025-01-22T04:00,23.2,96,1.7,9.6,40
2025-01-22T05:00,23.1,96,2.3,9.6,41
2025-01-22T06:00,23.4,97,2.2,10.3,40
2025-01-22T07:00,23.5,96,0.2,7.2,25
2025-01-22T08:00,23.9,95,0.0,8.5,27
2025-01-22T09:00,25.5,87,0.1,7.2,51
2025-01-22T10:00,26.0,85,0.2,7.1,38
2025-01-22T11:00,27.0,80,0.1,5.7,62
2025-01-22T12:00,27.7,77,0.1,4.7,118
2025-01-22T13:00,28.0,73,0.4,4.3,163
2025-01-22T14:00,27.6,76,0.0,5.7,204
2025-01-22T15:00,27.1,80,0.3,7.3,200
2025-01-22T16:00,26.5,86,0.0,4.0,212
2025-01-22T17:00,26.1,85,1.0,4.3,294
2025-01-22T18:00,25.1,95,0.0,6.9,31
2025-01-22T19:00,24.8,96,0.0,7.2,13
2025-01-22T20:00,24.5,97,0.0,4.9,17
2025-01-22T21:00,24.2,97,0.0,3.4,16
2025-01-22T22:00,23.9,98,0.0,2.3,72
2025-01-22T23:00,23.8,98,0.0,3.4,133
2025-01-23T00:00,23.5,99,0.0,2.4,126
2025-01-23T01:00,23.3,99,0.0,2.3,72
2025-01-23T02:00,23.3,99,0.0,4.4,71
2025-01-23T03:00,23.2,99,0.0,5.7,66
2025-01-23T04:00,23.2,97,0.0,5.6,75
2025-01-23T05:00,23.0,97,0.0,6.0,51
2025-01-23T06:00,23.3,97,0.0,6.1,47
2025-01-23T07:00,23.5,96,0.0,5.6,48
2025-01-23T08:00,24.8,92,0.0,3.5,66
2025-01-23T09:00,26.2,85,0.0,2.2,35
2025-01-23T10:00,27.7,77,0.0,1.5,21
2025-01-23T11:00,28.4,73,0.0,1.8,276
2025-01-23T12:00,27.9,75,0.0,5.2,241
2025-01-23T13:00,28.7,75,0.0,7.0,252
2025-01-23T14:00,27.8,83,0.0,9.4,258
2025-01-23T15:00,27.9,82,0.0,6.1,246
2025-01-23T16:00,26.2,81,3.8,1.7,198
2025-01-23T17:00,24.5,91,7.2,4.1,52
2025-01-23T18:00,24.3,97,5.3,2.3,129
2025-01-23T19:00,24.1,96,0.7,6.3,77
2025-01-23T20:00,23.3,96,2.7,9.0,43
2025-01-23T21:00,23.0,97,5.2,7.2,63
2025-01-23T22:00,23.4,95,0.2,2.4,153
2025-01-23T23:00,23.4,97,0.0,2.1,232
2025-01-24T00:00,23.4,96,0.0,0.8,297
2025-01-24T01:00,23.2,97,0.0,2.3,23
2025-01-24T02:00,22.9,98,0.0,4.5,47
2025-01-24T03:00,22.9,98,0.0,4.4,52
2025-01-24T04:00,22.6,98,0.0,5.2,49
2025-01-24T05:00,22.7,98,0.0,5.3,28
2025-01-24T06:00,22.9,96,0.0,6.1,47
2025-01-24T07:00,23.3,96,0.0,6.1,62
2025-01-24T08:00,24.0,94,0.0,4.9,80
2025-01-24T09:00,25.4,88,0.0,4.3,75
2025-01-24T10:00,25.9,84,0.0,5.4,69
2025-01-24T11:00,27.0,79,0.0,4.3,85
2025-01-24T12:00,28.7,72,0.0,1.5,159
2025-01-24T13:00,29.0,71,0.0,2.3,309
2025-01-24T14:00,28.7,70,0.1,2.6,344
2025-01-24T15:00,27.1,78,0.9,3.8,185
2025-01-24T16:00,25.2,89,2.8,3.5,24
2025-01-24T17:00,24.9,93,1.4,3.6,117
2025-01-24T18:00,24.2,96,0.0,4.3,24
2025-01-24T19:00,23.7,97,0.1,7.6,19
2025-01-24T20:00,23.7,96,0.0,3.8,8
2025-01-24T21:00,23.6,96,0.0,3.5,15
2025-01-24T22:00,23.6,95,0.0,7.5,15
2025-01-24T23:00,23.7,90,0.0,12.3,11
2025-01-25T00:00,23.3,91,0.0,9.9,38
2025-01-25T01:00,23.0,93,0.0,4.2,72
2025-01-25T02:00,22.7,94,0.0,2.5,8
2025-01-25T03:00,22.6,94,0.0,6.6,17
2025-01-25T04:00,22.4,94,0.0,7.2,35
2025-01-25T05:00,22.4,96,0.0,8.4,50
2025-01-25T06:00,23.2,96,0.0,5.7,79
2025-01-25T07:00,24.0,96,0.0,8.1,77
2025-01-25T08:00,25.6,89,0.0,8.8,94
2025-01-25T09:00,27.1,83,0.0,4.8,115
2025-01-25T10:00,27.9,81,0.0,1.9,107
2025-01-25T11:00,29.0,77,0.0,1.5,36
2025-01-25T12:00,29.3,74,0.1,2.8,310
2025-01-25T13:00,29.4,73,0.1,6.5,332
2025-01-25T14:00,29.2,70,0.1,7.6,326
2025-01-25T15:00,29.4,66,0.1,9.7,345
2025-01-25T16:00,28.8,68,0.0,10.3,7
2025-01-25T17:00,27.6,77,0.1,10.6,11
2025-01-25T18:00,26.6,83,0.2,8.5,359
2025-01-25T19:00,26.5,80,0.0,12.3,4
2025-01-25T20:00,25.7,80,0.0,14.6,16
2025-01-25T21:00,25.3,81,0.0,15.1,26
2025-01-25T22:00,25.0,82,0.0,13.4,26
2025-01-25T23:00,24.8,83,0.0,14.0,26
2025-01-26T00:00,24.5,85,0.0,13.4,28
2025-01-26T01:00,24.3,86,0.0,13.8,26
2025-01-26T02:00,24.1,87,0.0,13.3,27
2025-01-26T03:00,23.9,87,0.0,12.6,27
2025-01-26T04:00,23.8,88,0.0,11.3,29
2025-01-26T05:00,23.7,88,0.0,9.8,28
2025-01-26T06:00,23.8,89,0.0,8.0,36
2025-01-26T07:00,24.5,88,0.0,8.6,26
2025-01-26T08:00,26.2,84,0.0,9.8,30
2025-01-26T09:00,27.6,80,0.0,9.9,35
2025-01-26T10:00,29.2,74,0.0,10.0,36
2025-01-26T11:00,30.2,72,0.1,8.8,35
2025-01-26T12:00,30.5,70,0.1,5.8,26
2025-01-26T13:00,27.5,83,2.5,5.8,94
2025-01-26T14:00,27.1,85,0.1,6.9,174
2025-01-26T15:00,27.8,82,0.0,6.0,201
2025-01-26T16:00,27.5,83,0.0,4.9,213
2025-01-26T17:00,26.9,85,0.0,5.3,192
2025-01-26T18:00,27.0,89,0.0,2.6,168
2025-01-26T19:00,26.2,94,0.0,1.5,120
2025-01-26T20:00,25.9,95,0.0,3.2,34
2025-01-26T21:00,25.6,93,0.1,9.4,32
2025-01-26T22:00,25.3,83,0.0,11.3,31
2025-01-26T23:00,24.5,84,0.0,12.5,23
2025-01-27T00:00,24.0,85,0.0,11.1,25
2025-01-27T01:00,23.8,86,0.0,10.4,23
2025-01-27T02:00,23.6,85,0.0,11.5,25
2025-01-27T03:00,23.3,86,0.0,11.8,28
2025-01-27T04:00,23.1,86,0.0,12.4,31
2025-01-27T05:00,22.7,87,0.0,12.3,34
2025-01-27T06:00,22.7,88,0.0,13.2,22
2025-01-27T07:00,23.4,87,0.0,12.9,32
2025-01-27T08:00,24.9,84,0.0,12.8,26
2025-01-27T09:00,25.6,82,0.0,12.4,22
2025-01-27T10:00,27.1,75,0.0,12.4,26
2025-01-27T11:00,28.5,68,0.0,12.5,25
2025-01-27T12:00,28.8,65,0.0,12.5,23
2025-01-27T13:00,29.5,60,0.0,12.4,13
2025-01-27T14:00,30.0,57,0.0,11.9,5
2025-01-27T15:00,30.1,55,0.0,11.7,4
2025-01-27T16:00,29.1,59,0.0,13.9,357
2025-01-27T17:00,27.5,64,0.0,15.1,359
2025-01-27T18:00,26.2,66,0.0,15.2,7
2025-01-27T19:00,25.6,66,0.0,14.1,16
2025-01-27T20:00,24.9,68,0.0,11.8,31
2025-01-27T21:00,24.2,71,0.0,11.5,41
2025-01-27T22:00,23.5,74,0.0,12.6,41
2025-01-27T23:00,22.8,80,0.0,10.2,56
2025-01-28T00:00,22.2,86,0.0,7.1,71
2025-01-28T01:00,21.9,88,0.0,6.2,54
2025-01-28T02:00,21.8,86,0.0,7.8,40
2025-01-28T03:00,21.8,84,0.0,8.7,34
2025-01-28T04:00,21.8,84,0.0,7.4,39
2025-01-28T05:00,21.5,85,0.0,5.8,54
2025-01-28T06:00,21.8,88,0.0,5.5,44
2025-01-28T07:00,22.5,88,0.0,5.7,41
2025-01-28T08:00,24.3,85,0.0,6.0,10
2025-01-28T09:00,26.1,81,0.0,4.2,10
2025-01-28T10:00,27.2,75,0.0,4.1,347
2025-01-28T11:00,27.9,71,0.0,3.6,288
2025-01-28T12:00,27.8,70,0.0,7.0,267
2025-01-28T13:00,26.9,73,0.0,9.0,255
2025-01-28T14:00,26.4,75,0.0,7.3,239
2025-01-28T15:00,26.3,76,0.0,6.6,229
2025-01-28T16:00,26.3,76,0.0,5.6,207
2025-01-28T17:00,26.0,80,0.3,3.1,190
2025-01-28T18:00,25.6,87,0.0,2.3,90
2025-01-28T19:00,25.0,91,0.0,5.4,76
2025-01-28T20:00,24.7,93,0.0,4.2,70
2025-01-28T21:00,24.4,95,0.0,4.0,69
2025-01-28T22:00,24.1,96,0.4,1.9,34
2025-01-28T23:00,23.9,95,0.7,6.5,30
2025-01-29T00:00,23.7,94,0.4,5.6,31
2025-01-29T01:00,23.5,91,0.1,10.5,22
2025-01-29T02:00,23.2,91,0.6,10.8,24
2025-01-29T03:00,23.0,91,0.2,9.8,26
2025-01-29T04:00,22.7,92,0.3,9.2,33
2025-01-29T05:00,22.5,92,0.4,9.8,23
2025-01-29T06:00,23.4,87,0.0,13.4,20
2025-01-29T07:00,23.8,86,0.0,13.5,25
2025-01-29T08:00,25.3,84,0.0,10.5,38
2025-01-29T09:00,27.2,76,0.0,13.5,52
2025-01-29T10:00,27.9,73,0.0,11.0,65
2025-01-29T11:00,28.2,72,0.0,8.7,76
2025-01-29T12:00,29.0,69,0.1,7.8,61
2025-01-29T13:00,29.5,68,0.1,7.8,40
2025-01-29T14:00,30.2,67,0.0,4.7,9
2025-01-29T15:00,29.1,70,2.4,8.4,318
2025-01-29T16:00,25.5,88,13.0,15.7,1
2025-01-29T17:00,25.1,91,0.4,9.4,359
2025-01-29T18:00,25.5,91,0.7,9.9,327
2025-01-29T19:00,25.3,92,0.1,13.1,353
2025-01-29T20:00,25.1,91,0.0,13.7,11
2025-01-29T21:00,24.9,91,0.0,12.8,19
2025-01-29T22:00,24.6,92,0.0,9.1,41
2025-01-29T23:00,24.4,93,0.0,9.3,40
2025-01-30T00:00,24.4,94,0.0,9.6,60
2025-01-30T01:00,24.2,95,0.1,6.9,76
2025-01-30T02:00,23.9,97,0.0,5.0,75
2025-01-30T03:00,23.7,96,0.0,0.8,117
2025-01-30T04:00,23.8,96,0.6,1.8,336
2025-01-30T05:00,23.3,96,3.5,8.3,356
2025-01-30T06:00,23.8,94,0.0,5.8,351
2025-01-30T07:00,24.0,94,0.0,8.1,31
2025-01-30T08:00,25.0,89,0.0,6.4,27
2025-01-30T09:00,26.5,83,0.0,2.2,318
2025-01-30T10:00,27.4,79,0.0,5.6,272
2025-01-30T11:00,28.1,79,0.0,6.2,292
2025-01-30T12:00,28.9,75,0.0,5.9,293
2025-01-30T13:00,28.8,76,0.2,6.4,281
2025-01-30T14:00,27.3,80,1.1,11.7,316
2025-01-30T15:00,26.0,87,1.6,9.2,48
2025-01-30T16:00,25.9,87,0.0,9.5,61
2025-01-30T17:00,26.2,87,0.0,2.4,117
2025-01-30T18:00,26.7,87,0.1,7.0,193
2025-01-30T19:00,26.2,90,0.1,5.6,165
2025-01-30T20:00,25.9,92,0.1,5.9,198
2025-01-30T21:00,24.9,91,1.1,14.4,246
2025-01-30T22:00,24.3,93,0.4,7.6,252
2025-01-30T23:00,24.1,95,0.0,5.0,235
2025-01-31T00:00,24.2,94,0.0,6.5,246
2025-01-31T01:00,24.3,93,0.0,3.3,216
2025-01-31T02:00,24.0,96,0.0,4.4,78
2025-01-31T03:00,23.6,97,0.0,4.0,60
2025-01-31T04:00,23.6,97,0.0,3.7,61
2025-01-31T05:00,23.6,97,0.0,1.3,98
2025-01-31T06:00,24.2,97,0.0,5.2,41
2025-01-31T07:00,24.7,96,0.0,5.4,40
2025-01-31T08:00,26.1,88,0.0,6.3,2
2025-01-31T09:00,27.6,81,0.0,6.7,354
2025-01-31T10:00,28.7,75,0.1,5.2,340
2025-01-31T11:00,29.5,70,0.1,4.8,335
2025-01-31T12:00,29.9,69,0.1,4.9,303
2025-01-31T13:00,28.9,78,0.7,8.1,252
2025-01-31T14:00,27.0,83,3.4,4.7,223
2025-01-31T15:00,27.7,81,0.0,6.0,267
2025-01-31T16:00,27.8,82,0.0,3.7,209
2025-01-31T17:00,27.5,83,0.1,4.9,264
2025-01-31T18:00,25.7,91,0.0,2.3,157
2025-01-31T19:00,25.3,94,0.0,2.8,135
2025-01-31T20:00,25.1,94,0.0,0.7,166
2025-01-31T21:00,25.0,94,0.0,2.6,146
2025-01-31T22:00,24.6,96,0.0,1.8,127
2025-01-31T23:00,24.2,97,0.0,1.7,122
2025-02-01T00:00,24.2,97,0.0,4.4,109
2025-02-01T01:00,24.3,95,0.0,2.8,125
2025-02-01T02:00,24.4,95,0.0,1.4,130
2025-02-01T03:00,23.5,100,0.0,0.6,108
2025-02-01T04:00,23.8,99,0.0,3.2,251
2025-02-01T05:00,24.1,97,0.0,1.9,326
2025-02-01T06:00,23.5,96,0.0,5.7,55
2025-02-01T07:00,23.9,97,0.0,4.8,48
2025-02-01T08:00,25.4,90,0.0,6.1,14
2025-02-01T09:00,26.8,83,0.0,7.6,3
2025-02-01T10:00,28.3,74,0.0,6.0,7
2025-02-01T11:00,29.5,68,0.0,6.0,355
2025-02-01T12:00,29.7,70,0.1,8.0,312
2025-02-01T13:00,29.0,76,0.8,10.9,290
2025-02-01T14:00,28.0,82,0.0,9.8,275
2025-02-01T15:00,27.7,83,0.1,7.7,254
2025-02-01T16:00,27.9,81,0.0,6.4,232
2025-02-01T17:00,25.5,87,0.5,10.3,173
2025-02-01T18:00,26.5,90,0.0,6.4,220
2025-02-01T19:00,25.8,96,0.0,7.4,167
2025-02-01T20:00,25.4,94,0.0,7.7,156
2025-02-01T21:00,25.0,93,0.0,7.8,116
2025-02-01T22:00,24.2,93,0.0,5.9,140
2025-02-01T23:00,23.9,93,0.0,2.6,115
2025-02-02T00:00,23.3,96,0.0,1.7,77
2025-02-02T01:00,22.8,97,0.0,2.5,60
2025-02-02T02:00,22.3,96,0.0,3.6,49
2025-02-02T03:00,21.8,95,0.0,3.5,69
2025-02-02T04:00,21.3,95,0.0,4.0,51
2025-02-02T05:00,20.8,96,0.0,4.4,63
2025-02-02T06:00,22.7,97,0.0,3.0,33
2025-02-02T07:00,23.2,94,0.0,4.3,22
2025-02-02T08:00,24.4,88,0.0,3.3,29
2025-02-02T09:00,26.1,84,0.0,2.6,25
2025-02-02T10:00,28.0,78,0.0,1.9,22
2025-02-02T11:00,29.7,71,0.0,1.4,293
2025-02-02T12:00,30.8,65,0.0,2.5,266
2025-02-02T13:00,30.8,66,0.0,6.1,238
2025-02-02T14:00,29.8,77,0.0,11.5,228
2025-02-02T15:00,29.2,78,0.0,11.3,211
2025-02-02T16:00,29.2,77,0.0,8.7,194
2025-02-02T17:00,28.6,81,0.0,5.2,160
2025-02-02T18:00,28.6,65,0.0,10.8,18
2025-02-02T19:00,27.6,68,0.0,10.4,23
2025-02-02T20:00,26.6,72,0.0,8.3,60
2025-02-02T21:00,25.6,83,0.0,5.9,90
2025-02-02T22:00,25.1,93,0.0,9.3,100
2025-02-02T23:00,24.8,92,0.0,9.6,94
2025-02-03T00:00,24.7,92,0.0,8.6,105
2025-02-03T01:00,24.4,94,0.0,6.7,82
2025-02-03T02:00,23.7,97,0.0,7.8,44
2025-02-03T03:00,23.2,97,0.0,7.2,35
2025-02-03T04:00,22.7,96,0.0,6.1,34
2025-02-03T05:00,22.3,95,0.0,6.5,32
2025-02-03T06:00,22.5,88,0.0,8.7,27
2025-02-03T07:00,23.2,89,0.0,9.8,20
2025-02-03T08:00,24.7,87,0.0,9.0,23
2025-02-03T09:00,26.7,78,0.0,8.3,39
2025-02-03T10:00,28.3,69,0.0,8.6,33
2025-02-03T11:00,29.6,61,0.0,7.0,23
2025-02-03T12:00,30.5,56,0.0,4.4,9
2025-02-03T13:00,30.9,55,0.0,2.6,304
2025-02-03T14:00,30.9,55,0.0,5.8,279
2025-02-03T15:00,30.4,57,0.0,8.1,282
2025-02-03T16:00,29.6,62,0.0,7.2,284
2025-02-03T17:00,29.2,67,0.0,4.8,301
2025-02-03T18:00,27.6,77,0.0,10.8,330
2025-02-03T19:00,27.2,79,0.0,10.6,342
2025-02-03T20:00,26.6,78,0.0,11.3,359
2025-02-03T21:00,25.8,74,0.0,11.9,3
2025-02-03T22:00,24.8,77,0.0,12.3,10
2025-02-03T23:00,24.0,80,0.0,12.9,18
2025-02-04T00:00,23.3,83,0.0,11.9,35
2025-02-04T01:00,22.8,86,0.0,9.2,40
2025-02-04T02:00,22.4,88,0.0,7.5,35
2025-02-04T03:00,22.0,90,0.0,7.5,30
2025-02-04T04:00,21.6,91,0.0,7.2,37
2025-02-04T05:00,21.4,92,0.0,7.5,35
2025-02-04T06:00,21.4,93,0.0,7.3,38
2025-02-04T07:00,21.9,91,0.0,7.1,34
2025-02-04T08:00,23.8,85,0.0,5.7,32
2025-02-04T09:00,26.1,78,0.0,4.5,37
2025-02-04T10:00,27.8,73,0.0,1.5,54
2025-02-04T11:00,28.7,68,0.0,1.5,256
2025-02-04T12:00,29.3,64,0.0,4.5,265
2025-02-04T13:00,29.3,63,0.0,7.0,273
2025-02-04T14:00,28.6,69,0.0,8.7,263
2025-02-04T15:00,28.2,71,0.0,8.2,251
2025-02-04T16:00,28.2,65,0.0,5.9,247
2025-02-04T17:00,27.9,66,0.0,4.3,275
2025-02-04T18:00,27.1,78,0.0,6.3,207
2025-02-04T19:00,26.7,82,0.0,5.9,200
2025-02-04T20:00,26.4,83,0.0,6.4,172
2025-02-04T21:00,25.8,86,0.0,3.8,163
2025-02-04T22:00,25.2,90,0.0,3.0,123
2025-02-04T23:00,24.8,91,0.0,5.8,81
2025-02-05T00:00,24.4,93,0.0,7.2,78
2025-02-05T01:00,24.1,94,0.0,7.6,72
2025-02-05T02:00,23.8,94,0.0,7.9,55
2025-02-05T03:00,23.6,94,0.0,7.2,35
2025-02-05T04:00,23.2,93,0.0,5.8,30
2025-02-05T05:00,22.9,91,0.1,5.1,17
2025-02-05T06:00,23.4,89,0.0,4.1,52
2025-02-05T07:00,24.0,89,0.0,3.2,52
2025-02-05T08:00,25.8,82,0.0,4.0,30
2025-02-05T09:00,27.5,73,0.1,3.8,5
2025-02-05T10:00,28.4,69,0.1,3.9,344
2025-02-05T11:00,29.2,65,0.1,3.1,332
2025-02-05T12:00,29.9,60,0.1,3.5,309
2025-02-05T13:00,30.6,55,0.0,6.4,302
2025-02-05T14:00,30.3,57,0.0,10.0,300
2025-02-05T15:00,30.1,58,0.0,9.2,286
2025-02-05T16:00,29.7,61,0.0,9.4,282
2025-02-05T17:00,29.4,62,0.0,6.7,270
2025-02-05T18:00,28.8,62,0.0,12.7,13
2025-02-05T19:00,27.5,70,0.0,14.1,10
2025-02-05T20:00,26.6,73,0.0,13.2,17
2025-02-05T21:00,26.0,75,0.0,12.7,38
2025-02-05T22:00,25.3,79,0.0,11.4,52
2025-02-05T23:00,24.3,85,0.0,6.8,90
2025-02-06T00:00,24.0,91,0.0,4.5,119
2025-02-06T01:00,23.7,92,0.0,5.2,104
2025-02-06T02:00,23.4,93,0.0,3.8,71
2025-02-06T03:00,23.1,94,0.0,4.2,50
2025-02-06T04:00,22.8,94,0.0,6.4,36
2025-02-06T05:00,22.7,94,0.0,6.4,32
2025-02-06T06:00,23.4,94,0.0,4.8,31
2025-02-06T07:00,24.1,91,0.0,5.1,42
2025-02-06T08:00,26.0,84,0.0,3.8,31
2025-02-06T09:00,27.6,76,0.0,4.5,331
2025-02-06T10:00,28.6,70,0.1,5.0,305
2025-02-06T11:00,29.3,66,0.0,4.8,281
2025-02-06T12:00,30.1,62,0.1,7.6,270
2025-02-06T13:00,29.9,63,0.1,9.6,274
2025-02-06T14:00,30.1,61,0.0,8.6,278
2025-02-06T15:00,30.0,62,0.0,7.3,280
2025-02-06T16:00,29.7,63,0.0,6.1,273
2025-02-06T17:00,29.1,64,0.0,3.8,270
2025-02-06T18:00,28.7,69,0.0,6.0,217
2025-02-06T19:00,28.0,77,0.0,3.8,139
2025-02-06T20:00,27.3,84,0.0,4.0,159
2025-02-06T21:00,26.6,90,0.0,1.6,153
2025-02-06T22:00,25.8,93,0.0,2.3,94
2025-02-06T23:00,25.0,94,0.0,7.1,38
2025-02-07T00:00,24.7,90,0.0,8.2,36
2025-02-07T01:00,24.4,89,0.0,6.0,39
2025-02-07T02:00,24.0,89,0.0,6.0,37
2025-02-07T03:00,23.6,89,0.0,7.0,35
2025-02-07T04:00,23.4,89,0.0,8.6,29
2025-02-07T05:00,23.1,90,0.0,8.0,31
2025-02-07T06:00,23.4,88,0.0,8.4,28
2025-02-07T07:00,24.0,86,0.0,7.4,23
2025-02-07T08:00,26.0,77,0.0,6.0,16
2025-02-07T09:00,28.4,67,0.0,5.5,13
2025-02-07T10:00,30.3,58,0.0,6.3,2
2025-02-07T11:00,31.9,49,0.0,6.1,358
2025-02-07T12:00,33.2,41,0.0,5.2,338
2025-02-07T13:00,33.8,36,0.0,6.4,313
2025-02-07T14:00,33.9,36,0.0,8.2,311
2025-02-07T15:00,33.9,36,0.0,8.0,335
2025-02-07T16:00,33.4,37,0.0,13.2,355
2025-02-07T17:00,31.5,46,0.0,17.0,13
2025-02-07T18:00,30.2,51,0.0,13.1,359
2025-02-07T19:00,29.0,56,0.0,14.0,359
2025-02-07T20:00,27.9,60,0.0,17.4,14
2025-02-07T21:00,27.0,66,0.0,17.6,22
2025-02-07T22:00,26.1,71,0.0,17.2,30
2025-02-07T23:00,25.4,75,0.0,14.4,43
2025-02-08T00:00,25.0,78,0.0,11.0,50
2025-02-08T01:00,24.5,78,0.0,8.1,47
2025-02-08T02:00,24.1,79,0.0,6.1,24
2025-02-08T03:00,23.8,78,0.0,9.0,1
2025-02-08T04:00,23.3,78,0.0,11.6,4
2025-02-08T05:00,22.5,83,0.0,10.6,18
2025-02-08T06:00,22.1,84,0.0,11.1,32
2025-02-08T07:00,22.7,78,0.0,9.8,43
2025-02-08T08:00,24.7,67,0.0,9.0,47
2025-02-08T09:00,27.4,56,0.0,8.7,47
2025-02-08T10:00,30.1,48,0.0,8.9,40
2025-02-08T11:00,32.0,43,0.0,9.8,47
2025-02-08T12:00,33.1,40,0.0,9.4,48
2025-02-08T13:00,33.9,37,0.0,9.1,38
2025-02-08T14:00,34.5,33,0.0,8.6,23
2025-02-08T15:00,33.8,35,0.0,6.0,29
2025-02-08T16:00,31.6,46,0.0,6.9,53
2025-02-08T17:00,31.0,48,0.0,8.7,27
2025-02-08T18:00,29.5,52,0.0,15.5,33
2025-02-08T19:00,28.5,55,0.0,16.7,28
2025-02-08T20:00,27.8,58,0.0,16.6,29
2025-02-08T21:00,27.0,61,0.0,17.2,38
2025-02-08T22:00,26.2,62,0.0,13.4,48
2025-02-08T23:00,25.3,64,0.0,11.7,47
2025-02-09T00:00,24.6,67,0.0,10.5,38
2025-02-09T01:00,24.0,71,0.0,9.3,36
2025-02-09T02:00,23.4,73,0.0,9.7,34
2025-02-09T03:00,23.2,72,0.0,10.8,38
2025-02-09T04:00,22.9,74,0.0,10.6,42
2025-02-09T05:00,22.6,77,0.0,10.2,39
2025-02-09T06:00,23.2,80,0.0,11.0,23
2025-02-09T07:00,24.0,80,0.0,10.7,20
2025-02-09T08:00,26.2,72,0.0,11.7,18
2025-02-09T09:00,28.6,60,0.0,13.7,25
2025-02-09T10:00,30.6,49,0.0,15.1,31
2025-02-09T11:00,31.5,47,0.0,15.8,32
2025-02-09T12:00,32.8,43,0.0,16.8,35
2025-02-09T13:00,32.9,42,0.0,16.9,27
2025-02-09T14:00,33.2,40,0.0,17.9,24
2025-02-09T15:00,33.4,38,0.0,18.6,23
2025-02-09T16:00,32.4,38,0.0,21.6,22
2025-02-09T17:00,31.3,40,0.0,21.3,21
2025-02-09T18:00,29.6,46,0.0,17.1,21
2025-02-09T19:00,28.4,49,0.0,14.9,20
2025-02-09T20:00,27.3,54,0.0,13.9,33
2025-02-09T21:00,26.1,60,0.0,11.2,49
2025-02-09T22:00,24.7,67,0.0,9.9,53
2025-02-09T23:00,23.7,73,0.0,10.8,47
2025-02-10T00:00,23.2,77,0.0,9.7,48
2025-02-10T01:00,23.1,77,0.0,9.3,40
2025-02-10T02:00,23.2,74,0.0,10.0,33
2025-02-10T03:00,23.1,73,0.0,11.1,34
2025-02-10T04:00,23.4,71,0.0,12.0,33
2025-02-10T05:00,23.1,73,0.0,11.5,34
2025-02-10T06:00,22.8,78,0.0,10.2,36
2025-02-10T07:00,23.3,77,0.0,10.8,33
2025-02-10T08:00,25.3,70,0.0,10.5,27
2025-02-10T09:00,27.7,60,0.0,10.1,35
2025-02-10T10:00,29.8,52,0.0,6.6,41
2025-02-10T11:00,31.2,46,0.0,3.4,16
2025-02-10T12:00,32.4,41,0.0,1.0,338
2025-02-10T13:00,33.1,40,0.0,2.5,278
2025-02-10T14:00,32.8,39,0.0,7.8,292
2025-02-10T15:00,31.3,47,0.0,15.0,286
2025-02-10T16:00,30.4,51,0.0,16.6,285
2025-02-10T17:00,29.4,59,0.0,18.4,297
2025-02-10T18:00,28.1,69,0.0,13.6,311
2025-02-10T19:00,28.0,73,0.0,11.5,309
2025-02-10T20:00,27.8,73,0.0,10.9,321
2025-02-10T21:00,27.8,68,0.0,10.5,352
2025-02-10T22:00,27.0,69,0.0,7.0,29
2025-02-10T23:00,26.1,77,0.0,4.5,56
2025-02-11T00:00,25.0,85,0.0,7.8,58
2025-02-11T01:00,24.1,89,0.0,9.3,66
2025-02-11T02:00,23.7,89,0.0,9.1,56
2025-02-11T03:00,23.6,86,0.0,8.4,45
2025-02-11T04:00,23.6,84,0.0,7.2,39
2025-02-11T05:00,23.4,84,0.0,8.1,35
2025-02-11T06:00,23.6,89,0.0,7.5,57
2025-02-11T07:00,24.5,85,0.0,7.3,57
2025-02-11T08:00,26.7,75,0.0,6.3,55
2025-02-11T09:00,29.1,64,0.0,8.2,54
2025-02-11T10:00,30.9,56,0.0,7.6,38
2025-02-11T11:00,32.6,47,0.0,6.7,20
2025-02-11T12:00,33.8,41,0.0,6.0,9
2025-02-11T13:00,34.5,39,0.0,5.9,301
2025-02-11T14:00,33.3,46,0.0,9.9,292
2025-02-11T15:00,32.0,54,0.3,12.3,288
2025-02-11T16:00,30.4,65,0.1,13.8,299
2025-02-11T17:00,29.6,70,0.1,12.1,297
2025-02-11T18:00,29.5,75,0.5,5.1,333
2025-02-11T19:00,29.3,74,0.0,2.9,30
2025-02-11T20:00,28.5,80,0.0,6.1,146
2025-02-11T21:00,27.8,85,0.0,8.4,152
2025-02-11T22:00,27.4,85,0.0,10.3,167
2025-02-11T23:00,27.0,86,0.0,9.7,170
2025-02-12T00:00,26.6,87,0.0,6.4,148
2025-02-12T01:00,26.1,89,0.0,4.5,113
2025-02-12T02:00,25.6,91,0.0,3.9,106
2025-02-12T03:00,25.2,92,0.0,4.3,88
2025-02-12T04:00,24.9,92,0.0,5.5,46
2025-02-12T05:00,24.6,92,0.1,6.6,33
2025-02-12T06:00,24.9,88,0.0,6.9,37
2025-02-12T07:00,25.3,85,0.0,5.0,46
2025-02-12T08:00,27.1,76,0.0,3.0,52
2025-02-12T09:00,29.3,67,0.0,3.1,3
2025-02-12T10:00,31.2,56,0.0,3.4,317
2025-02-12T11:00,32.2,50,0.0,5.8,286
2025-02-12T12:00,32.2,52,0.0,9.7,280
2025-02-12T13:00,31.7,57,0.0,11.0,270
2025-02-12T14:00,32.0,56,0.1,10.4,269
2025-02-12T15:00,32.2,57,0.1,8.8,279
2025-02-12T16:00,32.2,53,0.0,13.5,319
2025-02-12T17:00,31.4,58,0.1,13.9,329
2025-02-12T18:00,29.6,74,0.0,10.1,329
2025-02-12T19:00,29.5,70,0.0,8.1,348
2025-02-12T20:00,29.2,63,0.0,9.3,15
2025-02-12T21:00,27.9,71,0.0,8.3,41
2025-02-12T22:00,26.6,85,0.0,6.9,76
2025-02-12T23:00,26.2,91,0.0,8.8,110
2025-02-13T00:00,26.0,90,0.0,7.9,106
2025-02-13T01:00,25.6,92,0.0,7.0,87
2025-02-13T02:00,25.2,93,0.0,6.3,70
2025-02-13T03:00,24.8,93,0.0,5.8,68
2025-02-13T04:00,24.2,96,0.0,5.7,66
2025-02-13T05:00,23.7,96,0.0,5.2,56
2025-02-13T06:00,24.4,92,0.0,6.1,62
2025-02-13T07:00,24.9,86,0.0,6.1,58
2025-02-13T08:00,27.0,77,0.0,5.4,60
2025-02-13T09:00,29.2,68,0.0,3.1,80
2025-02-13T10:00,31.0,58,0.0,1.8,315
2025-02-13T11:00,32.1,52,0.0,6.0,287
2025-02-13T12:00,32.0,53,0.0,11.4,286
2025-02-13T13:00,31.0,59,0.1,14.0,283
2025-02-13T14:00,30.4,60,0.0,14.3,276
2025-02-13T15:00,30.1,57,0.0,12.6,279
2025-02-13T16:00,29.7,61,0.0,12.6,292
2025-02-13T17:00,28.8,69,0.0,12.8,280
2025-02-13T18:00,28.3,75,0.0,10.7,282
2025-02-13T19:00,28.1,77,0.0,7.7,301
2025-02-13T20:00,28.1,76,0.0,5.8,324
2025-02-13T21:00,28.2,64,0.0,8.5,358
2025-02-13T22:00,27.2,65,0.0,11.5,14
2025-02-13T23:00,25.7,75,0.0,9.8,24
2025-02-14T00:00,24.7,84,0.0,8.4,42
2025-02-14T01:00,24.2,89,0.0,7.6,52
2025-02-14T02:00,23.8,91,0.0,7.7,54
2025-02-14T03:00,23.4,93,0.0,7.5,63
2025-02-14T04:00,23.4,96,0.0,6.8,72
2025-02-14T05:00,23.5,96,0.0,6.8,87
2025-02-14T06:00,24.2,94,0.0,6.7,126
2025-02-14T07:00,25.6,88,0.0,6.0,153
2025-02-14T08:00,27.7,77,0.0,9.0,185
2025-02-14T09:00,29.2,66,0.0,10.2,197
2025-02-14T10:00,30.0,59,0.0,8.1,208
2025-02-14T11:00,30.8,54,0.0,8.8,229
2025-02-14T12:00,31.0,52,0.0,11.0,251
2025-02-14T13:00,30.5,56,0.0,13.8,256
2025-02-14T14:00,30.0,56,0.0,13.2,255
2025-02-14T15:00,29.8,58,0.0,12.4,262
2025-02-14T16:00,29.3,62,0.3,13.7,270
2025-02-14T17:00,28.3,69,0.1,12.8,286
2025-02-14T18:00,27.9,69,0.0,10.5,283
2025-02-14T19:00,27.6,70,0.0,7.9,305
2025-02-14T20:00,27.4,72,0.0,4.0,339
2025-02-14T21:00,27.0,75,0.0,3.0,57
2025-02-14T22:00,26.5,76,0.0,4.0,85
2025-02-14T23:00,26.0,78,0.0,4.2,78
2025-02-15T00:00,25.4,81,0.0,4.2,50
2025-02-15T01:00,24.8,84,0.0,2.9,60
2025-02-15T02:00,24.3,87,0.0,4.5,97
2025-02-15T03:00,23.7,89,0.0,4.8,112
2025-02-15T04:00,23.4,89,0.0,3.9,127
2025-02-15T05:00,22.8,92,0.0,2.1,110
2025-02-15T06:00,23.6,91,0.0,2.2,90
2025-02-15T07:00,24.9,84,0.0,2.3,67
2025-02-15T08:00,27.2,72,0.0,1.7,58
2025-02-15T09:00,29.3,62,0.0,2.0,355
2025-02-15T10:00,31.0,52,0.0,4.8,318
2025-02-15T11:00,32.1,46,0.0,8.3,297
2025-02-15T12:00,32.0,51,0.0,12.6,287
2025-02-15T13:00,31.2,55,0.0,15.8,282
2025-02-15T14:00,31.0,51,0.0,16.1,281
2025-02-15T15:00,30.4,53,0.0,15.2,280
2025-02-15T16:00,29.8,57,0.0,11.8,281
2025-02-15T17:00,29.1,63,0.0,8.8,265
2025-02-15T18:00,28.4,68,0.0,6.3,267
2025-02-15T19:00,28.2,68,0.0,5.2,266
2025-02-15T20:00,28.1,69,0.0,5.1,247
2025-02-15T21:00,28.0,68,0.0,6.5,240
2025-02-15T22:00,27.5,70,0.0,6.5,208
2025-02-15T23:00,26.7,73,0.0,7.3,171
2025-02-16T00:00,26.0,78,0.0,6.4,148
2025-02-16T01:00,25.3,82,0.0,6.5,132
2025-02-16T02:00,24.8,85,0.0,6.4,122
2025-02-16T03:00,24.4,86,0.0,6.1,113
2025-02-16T04:00,24.1,87,0.0,5.9,113
2025-02-16T05:00,23.7,89,0.0,5.4,105
2025-02-16T06:00,23.7,90,0.0,5.1,82
2025-02-16T07:00,24.8,84,0.0,5.5,71
2025-02-16T08:00,27.3,76,0.0,4.0,69
2025-02-16T09:00,29.4,66,0.0,2.7,337
2025-02-16T10:00,30.7,58,0.0,5.9,301
2025-02-16T11:00,31.7,54,0.0,9.3,295
2025-02-16T12:00,31.9,52,0.0,11.6,291
2025-02-16T13:00,31.2,57,0.0,16.0,281
2025-02-16T14:00,30.7,52,0.0,16.2,282
2025-02-16T15:00,30.9,44,0.0,14.7,289
2025-02-16T16:00,30.2,52,0.0,14.0,293
2025-02-16T17:00,29.1,60,0.0,12.3,291
2025-02-16T18:00,28.4,67,0.0,9.5,292
2025-02-16T19:00,27.8,76,0.0,9.0,300
2025-02-16T20:00,27.5,80,0.0,8.3,297
2025-02-16T21:00,27.5,81,0.0,6.3,288
2025-02-16T22:00,27.0,84,0.0,1.5,330
2025-02-16T23:00,26.4,84,0.0,1.7,77
2025-02-17T00:00,26.1,85,0.0,4.4,109
2025-02-17T01:00,25.6,87,0.0,6.0,106
2025-02-17T02:00,25.0,89,0.0,7.1,75
2025-02-17T03:00,24.5,90,0.0,7.9,66
2025-02-17T04:00,24.1,92,0.0,7.2,58
2025-02-17T05:00,23.7,91,0.0,7.5,37
2025-02-17T06:00,24.1,90,0.0,6.6,41
2025-02-17T07:00,24.9,79,0.0,7.4,32
2025-02-17T08:00,27.1,69,0.0,7.4,39
2025-02-17T09:00,29.5,64,0.0,5.2,56
2025-02-17T10:00,31.4,54,0.0,1.8,6
2025-02-17T11:00,32.7,48,0.0,5.1,293
2025-02-17T12:00,33.2,46,0.0,10.2,288
2025-02-17T13:00,32.7,49,0.0,13.8,279
2025-02-17T14:00,31.3,54,0.0,13.8,277
2025-02-17T15:00,31.4,50,0.0,10.1,274
2025-02-17T16:00,31.1,54,0.0,10.1,282
2025-02-17T17:00,29.6,66,0.0,10.8,291
2025-02-17T18:00,28.9,72,0.0,10.7,295
2025-02-17T19:00,28.6,71,0.0,11.4,295
2025-02-17T20:00,28.6,71,0.0,10.6,288
2025-02-17T21:00,27.8,75,0.4,5.0,289
2025-02-17T22:00,27.3,81,0.7,7.2,251
2025-02-17T23:00,27.3,80,0.0,6.2,213
2025-02-18T00:00,26.5,85,0.0,7.4,158
2025-02-18T01:00,25.8,88,0.0,7.5,132
2025-02-18T02:00,25.2,90,0.0,8.5,107
2025-02-18T03:00,24.9,88,0.1,7.7,106
2025-02-18T04:00,24.6,89,0.0,5.8,86
2025-02-18T05:00,24.4,90,0.0,4.3,73
2025-02-18T06:00,24.7,88,0.0,6.0,39
2025-02-18T07:00,25.6,81,0.0,5.5,46
2025-02-18T08:00,27.6,72,0.0,5.8,51
2025-02-18T09:00,29.7,63,0.0,3.7,47
2025-02-18T10:00,31.6,53,0.0,1.2,297
2025-02-18T11:00,32.5,48,0.0,4.7,263
2025-02-18T12:00,32.6,48,0.0,8.9,256
2025-02-18T13:00,31.3,56,0.1,13.3,267
2025-02-18T14:00,31.4,54,0.0,12.2,271
2025-02-18T15:00,31.3,55,0.0,10.2,233
2025-02-18T16:00,29.6,66,0.1,12.9,231
2025-02-18T17:00,28.9,67,0.0,9.3,238
2025-02-18T18:00,28.3,73,0.0,7.2,274
2025-02-18T19:00,28.3,72,0.0,5.7,238
2025-02-18T20:00,26.8,80,0.2,4.9,188
2025-02-18T21:00,26.6,82,0.1,6.7,189
2025-02-18T22:00,26.0,85,0.0,7.0,190
2025-02-18T23:00,26.1,85,0.0,5.5,191
2025-02-19T00:00,26.1,86,0.0,4.7,176
2025-02-19T01:00,25.7,88,0.0,5.2,176
2025-02-19T02:00,25.4,91,0.0,4.5,196
2025-02-19T03:00,25.0,94,0.0,2.3,148
2025-02-19T04:00,24.5,96,0.0,2.5,111
2025-02-19T05:00,24.0,99,0.0,2.7,90
2025-02-19T06:00,24.7,97,0.0,1.9,107
2025-02-19T07:00,25.6,92,0.0,3.3,41
2025-02-19T08:00,26.9,83,0.3,4.7,337
2025-02-19T09:00,28.2,76,0.5,6.6,317
2025-02-19T10:00,29.3,69,0.2,7.4,304
2025-02-19T11:00,30.4,62,0.1,9.0,286
2025-02-19T12:00,30.8,61,0.0,11.5,270
2025-02-19T13:00,30.5,62,0.0,12.7,264
2025-02-19T14:00,30.4,62,0.0,11.7,275
2025-02-19T15:00,30.4,61,0.0,11.9,280
2025-02-19T16:00,29.7,64,0.0,12.2,271
2025-02-19T17:00,28.6,66,0.0,10.1,267
2025-02-19T18:00,28.2,68,0.0,7.6,295
2025-02-19T19:00,28.1,70,0.0,6.5,314
2025-02-19T20:00,27.9,72,0.0,4.6,312
2025-02-19T21:00,27.7,73,0.0,2.9,313
2025-02-19T22:00,27.3,79,0.0,1.9,331
2025-02-19T23:00,26.6,81,0.0,2.0,10
2025-02-20T00:00,26.1,86,0.0,0.7,76
2025-02-20T01:00,25.5,87,0.0,3.0,123
2025-02-20T02:00,24.9,91,0.0,5.2,121
2025-02-20T03:00,24.4,94,0.0,7.3,126
2025-02-20T04:00,24.1,94,0.0,6.8,122
2025-02-20T05:00,23.7,95,0.0,5.9,102
2025-02-20T06:00,23.9,91,0.0,5.8,90
2025-02-20T07:00,25.1,84,0.0,4.7,94
2025-02-20T08:00,27.6,72,0.0,4.0,117
2025-02-20T09:00,29.6,61,0.0,4.2,160
2025-02-20T10:00,31.2,54,0.0,3.8,211
2025-02-20T11:00,32.3,51,0.0,7.0,249
2025-02-20T12:00,32.3,50,0.0,10.6,256
2025-02-20T13:00,31.3,55,0.0,12.5,254
2025-02-20T14:00,30.9,55,0.0,11.5,256
2025-02-20T15:00,30.8,55,0.0,10.9,250
2025-02-20T16:00,29.8,60,0.0,12.2,245
2025-02-20T17:00,29.1,62,0.0,8.0,242
2025-02-20T18:00,28.8,60,0.0,5.3,260
2025-02-20T19:00,28.7,63,0.0,3.5,282
2025-02-20T20:00,28.5,66,0.0,2.5,315
2025-02-20T21:00,28.4,68,0.0,1.8,336
2025-02-20T22:00,28.0,70,0.0,1.9,61
2025-02-20T23:00,27.3,73,0.0,4.5,124
2025-02-21T00:00,26.5,80,0.0,4.9,156
2025-02-21T01:00,25.7,86,0.0,7.0,162
2025-02-21T02:00,25.5,88,0.0,6.4,164
2025-02-21T03:00,25.3,88,0.0,3.4,137
2025-02-21T04:00,24.7,91,0.0,4.9,90
2025-02-21T05:00,24.3,91,0.0,4.2,83
2025-02-21T06:00,23.9,92,0.0,4.5,83
2025-02-21T07:00,25.3,84,0.0,3.3,112
2025-02-21T08:00,27.8,69,0.0,2.4,132
2025-02-21T09:00,29.7,59,0.0,3.3,186
2025-02-21T10:00,31.2,52,0.0,4.3,228
2025-02-21T11:00,32.0,49,0.0,7.8,255
2025-02-21T12:00,32.2,48,0.0,11.4,264
2025-02-21T13:00,31.2,55,0.0,15.2,260
2025-02-21T14:00,30.6,60,0.1,13.1,268
2025-02-21T15:00,30.3,60,0.4,11.0,280
2025-02-21T16:00,29.6,64,0.3,14.1,273
2025-02-21T17:00,28.8,65,0.0,11.6,283
2025-02-21T18:00,28.5,70,0.0,9.8,300
2025-02-21T19:00,28.3,69,0.0,8.3,319
2025-02-21T20:00,28.3,67,0.0,4.5,310
2025-02-21T21:00,27.8,72,0.0,1.7,122
2025-02-21T22:00,27.4,74,0.0,2.2,156
2025-02-21T23:00,26.9,79,0.0,2.6,146
2025-02-22T00:00,26.4,84,0.0,4.8,135
2025-02-22T01:00,25.6,89,0.0,6.0,131
2025-02-22T02:00,25.1,90,0.0,6.5,129
2025-02-22T03:00,24.9,89,0.0,5.9,133
2025-02-22T04:00,24.6,89,0.0,2.8,117
2025-02-22T05:00,24.3,90,0.0,2.8,79
2025-02-22T06:00,24.4,89,0.0,4.4,63
2025-02-22T07:00,25.6,82,0.0,4.7,62
2025-02-22T08:00,27.6,74,0.0,2.1,38
2025-02-22T09:00,29.2,65,0.0,3.5,282
2025-02-22T10:00,30.4,59,0.1,6.9,279
2025-02-22T11:00,30.8,58,0.1,10.1,276
2025-02-22T12:00,30.7,59,0.1,12.3,277
2025-02-22T13:00,30.5,61,0.0,12.8,276
2025-02-22T14:00,30.4,61,0.0,11.6,276
2025-02-22T15:00,30.2,63,0.1,11.2,269
2025-02-22T16:00,29.7,64,0.0,11.2,258
2025-02-22T17:00,28.8,63,0.0,10.4,279
2025-02-22T18:00,28.7,64,0.0,7.7,309
2025-02-22T19:00,28.3,66,0.0,4.2,313
2025-02-22T20:00,28.1,69,0.0,0.6,124
2025-02-22T21:00,27.1,75,0.0,6.1,168
2025-02-22T22:00,25.8,83,0.0,8.7,156
2025-02-22T23:00,24.8,86,0.0,8.2,147
2025-02-23T00:00,24.5,86,0.0,6.7,136
2025-02-23T01:00,24.2,88,0.0,6.0,139
2025-02-23T02:00,23.9,88,0.0,4.6,111
2025-02-23T03:00,23.7,89,0.0,4.9,100
2025-02-23T04:00,23.4,90,0.0,4.7,97
2025-02-23T05:00,23.2,92,0.0,4.4,55
2025-02-23T06:00,23.2,94,0.0,5.4,60
2025-02-23T07:00,24.4,88,0.0,5.0,77
2025-02-23T08:00,27.0,73,0.0,4.0,80
2025-02-23T09:00,29.4,61,0.0,1.9,22
2025-02-23T10:00,31.0,53,0.0,4.2,301
2025-02-23T11:00,32.1,49,0.0,7.5,280
2025-02-23T12:00,32.3,49,0.0,10.3,275
2025-02-23T13:00,31.4,54,0.0,14.7,264
2025-02-23T14:00,31.0,53,0.0,15.4,252
2025-02-23T15:00,30.7,57,0.0,13.0,264
2025-02-23T16:00,30.2,59,0.0,14.2,262
2025-02-23T17:00,29.3,61,0.0,10.7,256
2025-02-23T18:00,28.9,69,0.0,11.7,268
2025-02-23T19:00,27.2,76,0.7,4.3,66
2025-02-23T20:00,24.5,85,0.7,10.6,181
2025-02-23T21:00,24.6,85,0.0,7.3,136
2025-02-23T22:00,24.4,88,0.0,5.9,110
2025-02-23T23:00,24.1,91,0.0,4.6,108
2025-02-24T00:00,23.8,93,0.0,3.8,109
2025-02-24T01:00,23.4,95,0.0,3.8,121
2025-02-24T02:00,22.9,97,0.0,1.6,84
2025-02-24T03:00,22.7,97,0.0,1.9,29
2025-02-24T04:00,22.7,95,0.0,2.8,27
2025-02-24T05:00,22.3,95,0.0,4.8,31
2025-02-24T06:00,23.3,92,0.0,6.4,45
2025-02-24T07:00,24.3,83,0.0,6.6,45
2025-02-24T08:00,26.7,71,0.0,7.1,47
2025-02-24T09:00,29.6,58,0.0,7.3,46
2025-02-24T10:00,32.1,42,0.0,7.7,37
2025-02-24T11:00,34.1,36,0.0,6.9,33
2025-02-24T12:00,35.2,34,0.0,2.7,328
2025-02-24T13:00,35.4,33,0.0,6.6,237
2025-02-24T14:00,33.4,47,0.0,14.5,216
2025-02-24T15:00,31.8,49,0.0,21.7,204
2025-02-24T16:00,30.3,66,0.0,19.9,223
2025-02-24T17:00,29.7,72,0.0,13.4,222
2025-02-24T18:00,28.9,78,0.0,13.5,243
2025-02-24T19:00,29.0,78,0.0,11.3,227
2025-02-24T20:00,28.9,77,0.0,12.0,204
2025-02-24T21:00,26.7,86,1.3,5.2,149
2025-02-24T22:00,24.6,92,1.8,9.6,30
2025-02-24T23:00,25.3,89,0.5,6.9,31
2025-02-25T00:00,24.9,93,0.0,7.0,4
2025-02-25T01:00,25.2,90,0.0,5.6,329
2025-02-25T02:00,25.4,88,0.0,6.5,5
2025-02-25T03:00,25.2,87,0.0,8.3,18
2025-02-25T04:00,24.8,85,0.0,8.5,17
2025-02-25T05:00,24.6,84,0.0,9.2,21
2025-02-25T06:00,24.9,82,0.0,11.0,23
2025-02-25T07:00,25.8,79,0.0,10.4,17
2025-02-25T08:00,27.7,71,0.0,11.8,20
2025-02-25T09:00,29.9,61,0.0,11.5,25
2025-02-25T10:00,31.9,53,0.0,12.0,30
2025-02-25T11:00,33.3,47,0.0,10.0,28
2025-02-25T12:00,34.6,43,0.0,9.2,1
2025-02-25T13:00,35.1,41,0.0,10.2,342
2025-02-25T14:00,34.8,42,0.0,12.8,329
2025-02-25T15:00,33.8,47,0.0,17.1,325
2025-02-25T16:00,31.8,54,0.4,14.4,351
2025-02-25T17:00,28.1,76,5.6,9.8,20
2025-02-25T18:00,30.3,60,0.1,5.6,17
2025-02-25T19:00,29.7,64,0.0,6.2,69
2025-02-25T20:00,28.9,73,0.0,6.7,84
2025-02-25T21:00,27.9,80,0.0,5.4,98
2025-02-25T22:00,27.4,80,0.0,5.2,74
2025-02-25T23:00,26.9,81,0.0,6.0,63
2025-02-26T00:00,26.7,81,0.0,5.6,50
2025-02-26T01:00,26.4,80,0.0,5.2,41
2025-02-26T02:00,25.9,80,0.0,7.5,20
2025-02-26T03:00,25.5,81,0.0,8.6,360
2025-02-26T04:00,25.2,82,0.0,8.5,1
2025-02-26T05:00,24.8,83,0.0,8.3,14
2025-02-26T06:00,24.8,85,0.0,7.6,38
2025-02-26T07:00,25.8,81,0.0,7.6,34
2025-02-26T08:00,28.0,71,0.0,9.0,43
2025-02-26T09:00,30.4,61,0.0,10.9,46
2025-02-26T10:00,32.3,54,0.0,11.3,54
2025-02-26T11:00,33.8,49,0.1,8.8,62
2025-02-26T12:00,35.0,46,0.0,6.8,42
2025-02-26T13:00,33.9,47,0.0,5.6,268
2025-02-26T14:00,28.1,74,2.3,6.8,230
2025-02-26T15:00,28.5,73,2.2,7.8,173
2025-02-26T16:00,27.8,74,1.3,5.3,305
2025-02-26T17:00,26.7,80,0.4,5.2,115
2025-02-26T18:00,26.4,82,0.1,7.0,224
2025-02-26T19:00,26.3,83,0.0,2.7,23
2025-02-26T20:00,26.2,87,0.0,2.8,55
2025-02-26T21:00,26.3,87,0.0,4.2,335
2025-02-26T22:00,26.2,87,0.0,7.6,5
2025-02-26T23:00,25.6,87,0.0,8.6,360
2025-02-27T00:00,25.1,86,0.0,11.0,25
2025-02-27T01:00,24.9,86,0.0,10.6,34
2025-02-27T02:00,24.5,87,0.0,9.5,19
2025-02-27T03:00,24.3,87,0.0,11.2,26
2025-02-27T04:00,24.1,89,0.0,10.0,28
2025-02-27T05:00,24.2,88,0.0,10.8,32
2025-02-27T06:00,24.4,91,0.0,7.0,44
2025-02-27T07:00,25.3,88,0.0,6.1,60
2025-02-27T08:00,26.7,82,0.0,6.5,46
2025-02-27T09:00,28.1,77,0.0,5.4,56
2025-02-27T10:00,29.8,69,0.0,6.0,37
2025-02-27T11:00,31.1,65,0.0,5.0,49
2025-02-27T12:00,31.8,64,0.1,1.3,236
2025-02-27T13:00,28.9,76,2.0,15.8,216
2025-02-27T14:00,27.7,82,1.2,2.4,144
2025-02-27T15:00,26.2,85,1.1,7.3,149
2025-02-27T16:00,26.3,86,1.2,6.5,141
2025-02-27T17:00,26.1,85,1.2,4.8,146
2025-02-27T18:00,26.0,88,1.6,3.6,143
2025-02-27T19:00,25.4,91,0.1,5.8,158
2025-02-27T20:00,24.9,93,0.1,7.5,165
2025-02-27T21:00,24.9,91,0.7,2.3,157
2025-02-27T22:00,24.8,92,0.0,2.8,169
2025-02-27T23:00,24.8,93,0.0,1.7,103
2025-02-28T00:00,24.5,95,0.0,3.4,108
2025-02-28T01:00,24.2,96,0.0,2.4,81
2025-02-28T02:00,24.1,96,0.0,3.8,65
2025-02-28T03:00,24.2,95,0.0,1.5,45
2025-02-28T04:00,24.1,95,0.0,4.6,48
2025-02-28T05:00,23.9,96,0.0,7.4,39
2025-02-28T06:00,24.4,94,0.0,6.9,7
2025-02-28T07:00,25.2,90,0.0,4.7,40
2025-02-28T08:00,26.6,82,0.0,12.0,49
2025-02-28T09:00,28.2,74,0.2,10.1,73
2025-02-28T10:00,29.4,70,0.0,6.2,73
2025-02-28T11:00,30.2,68,0.1,2.3,108
2025-02-28T12:00,30.8,66,0.1,1.5,240
2025-02-28T13:00,27.5,79,10.4,13.9,219
2025-02-28T14:00,26.6,86,2.1,3.6,323
2025-02-28T15:00,26.3,85,0.3,0.9,360
2025-02-28T16:00,27.1,83,0.1,2.6,164
2025-02-28T17:00,26.9,84,0.0,3.6,174
2025-02-28T18:00,25.5,88,0.1,8.9,204
2025-02-28T19:00,25.7,89,0.1,6.6,217
2025-02-28T20:00,25.5,92,0.1,2.9,187
2025-02-28T21:00,25.7,91,0.1,1.2,309
2025-02-28T22:00,25.6,94,0.0,1.3,278
2025-02-28T23:00,25.6,91,0.3,1.6,63
2025-03-01T00:00,25.2,95,0.0,3.8,65
2025-03-01T01:00,25.1,95,0.0,0.7,166
2025-03-01T02:00,24.8,96,0.0,3.8,135
2025-03-01T03:00,24.6,98,0.0,5.6,159
2025-03-01T04:00,24.4,97,0.0,6.4,122
2025-03-01T05:00,24.2,96,0.0,4.1,119
2025-03-01T06:00,24.0,98,0.0,2.2,180
2025-03-01T07:00,25.0,92,0.0,3.9,133
2025-03-01T08:00,25.9,87,0.0,4.4,117
2025-03-01T09:00,27.6,79,0.0,5.2,121
2025-03-01T10:00,29.1,72,0.2,5.5,122
2025-03-01T11:00,30.2,67,0.1,3.7,76
2025-03-01T12:00,30.4,70,0.1,4.8,318
2025-03-01T13:00,29.3,71,6.3,8.8,287
2025-03-01T14:00,25.9,85,10.1,10.3,229
2025-03-01T15:00,25.5,91,2.5,5.4,220
2025-03-01T16:00,25.5,88,4.0,6.3,207
2025-03-01T17:00,25.3,93,0.1,4.1,146
2025-03-01T18:00,24.7,96,5.1,8.7,124
2025-03-01T19:00,24.6,95,6.6,4.6,111
2025-03-01T20:00,24.7,95,0.3,4.6,191
2025-03-01T21:00,24.3,96,3.5,3.4,43
2025-03-01T22:00,24.3,96,0.2,4.8,77
2025-03-01T23:00,23.9,98,0.0,5.5,52
2025-03-02T00:00,23.6,98,0.0,6.4,65
2025-03-02T01:00,23.4,98,0.0,1.1,72
2025-03-02T02:00,23.3,98,0.0,2.9,68
2025-03-02T03:00,23.2,98,0.0,5.2,61
2025-03-02T04:00,23.1,98,0.0,6.0,49
2025-03-02T05:00,23.0,98,0.0,5.5,44
2025-03-02T06:00,23.8,96,0.0,4.0,54
2025-03-02T07:00,24.6,95,0.0,4.4,83
2025-03-02T08:00,25.9,90,0.0,1.7,108
2025-03-02T09:00,27.8,81,0.0,4.1,255
2025-03-02T10:00,28.6,79,0.1,7.1,263
2025-03-02T11:00,29.3,76,0.1,8.8,269
2025-03-02T12:00,29.3,73,0.1,9.9,272
2025-03-02T13:00,29.2,75,0.2,11.6,263
2025-03-02T14:00,27.9,79,3.4,10.4,268
2025-03-02T15:00,26.7,81,6.1,6.2,300
2025-03-02T16:00,26.1,85,0.3,4.3,343
2025-03-02T17:00,26.0,85,0.2,3.3,68
2025-03-02T18:00,24.9,92,2.4,8.3,229
2025-03-02T19:00,24.8,91,0.2,7.0,201
2025-03-02T20:00,24.8,91,0.4,2.4,207
2025-03-02T21:00,24.7,94,0.1,0.8,153
2025-03-02T22:00,24.4,94,0.6,2.0,265
2025-03-02T23:00,24.5,95,0.2,4.4,218
2025-03-03T00:00,24.5,93,0.3,6.1,230
2025-03-03T01:00,24.2,95,0.2,5.7,169
2025-03-03T02:00,23.7,97,0.0,4.4,99
2025-03-03T03:00,23.4,97,0.0,4.9,114
2025-03-03T04:00,23.3,96,0.0,7.5,110
2025-03-03T05:00,23.2,96,0.0,5.4,86
2025-03-03T06:00,23.7,96,0.0,5.0,69
2025-03-03T07:00,24.0,95,0.0,4.8,77
2025-03-03T08:00,25.2,91,0.0,4.5,47
2025-03-03T09:00,26.0,86,0.0,6.3,353
2025-03-03T10:00,27.2,82,0.1,6.3,345
2025-03-03T11:00,28.6,75,0.1,8.6,352
2025-03-03T12:00,29.9,73,0.0,8.3,338
2025-03-03T13:00,30.4,69,0.0,6.5,328
2025-03-03T14:00,26.2,81,3.4,3.9,143
2025-03-03T15:00,25.7,86,0.3,3.1,183
2025-03-03T16:00,27.0,83,0.0,6.1,208
2025-03-03T17:00,26.3,86,0.0,5.4,178
2025-03-03T18:00,26.1,90,0.6,5.8,210
2025-03-03T19:00,25.1,91,0.7,4.7,178
2025-03-03T20:00,24.9,94,0.0,4.1,151
2025-03-03T21:00,24.9,93,0.0,7.2,158
2025-03-03T22:00,24.8,94,0.0,7.5,147
2025-03-03T23:00,24.7,94,0.0,8.8,147
2025-03-04T00:00,24.3,94,0.0,8.6,154
2025-03-04T01:00,24.1,95,0.0,8.8,157
2025-03-04T02:00,24.1,96,0.0,7.3,152
2025-03-04T03:00,23.9,97,0.0,6.1,130
2025-03-04T04:00,23.7,98,0.0,6.8,119
2025-03-04T05:00,23.2,98,0.0,6.8,102
2025-03-04T06:00,23.4,98,0.0,4.8,127
2025-03-04T07:00,24.0,96,0.0,2.8,135
2025-03-04T08:00,25.8,90,0.0,1.1,99
2025-03-04T09:00,27.6,81,0.0,1.2,63
2025-03-04T10:00,28.6,78,0.0,1.3,286
2025-03-04T11:00,28.7,78,0.0,5.0,268
2025-03-04T12:00,28.8,78,0.0,7.3,245
2025-03-04T13:00,28.4,78,0.0,10.5,233
2025-03-04T14:00,28.6,75,0.0,9.6,242
2025-03-04T15:00,28.5,75,0.0,9.2,247
2025-03-04T16:00,28.0,78,0.0,9.6,257
2025-03-04T17:00,27.3,81,0.0,7.7,245
2025-03-04T18:00,27.6,85,0.0,4.7,298
2025-03-04T19:00,27.1,87,0.0,5.4,291
2025-03-04T20:00,27.0,87,0.0,6.2,300
2025-03-04T21:00,26.9,88,0.0,5.1,288
2025-03-04T22:00,26.2,91,0.0,1.7,342
2025-03-04T23:00,25.5,94,0.0,3.8,65
2025-03-05T00:00,24.8,96,0.0,6.4,74
2025-03-05T01:00,24.4,96,0.0,6.0,80
2025-03-05T02:00,23.9,96,0.0,5.9,72
2025-03-05T03:00,23.5,97,0.0,6.3,66
2025-03-05T04:00,23.3,97,0.0,6.4,79
2025-03-05T05:00,23.2,96,0.0,6.0,95
2025-03-05T06:00,24.3,96,0.0,6.8,92
2025-03-05T07:00,25.1,94,0.0,6.1,90
2025-03-05T08:00,27.0,88,0.0,5.9,104
2025-03-05T09:00,28.7,79,0.0,5.2,134
2025-03-05T10:00,29.9,69,0.0,3.5,189
2025-03-05T11:00,30.4,66,0.0,5.0,232
2025-03-05T12:00,30.4,68,0.1,6.2,249
2025-03-05T13:00,30.1,70,0.8,7.6,252
2025-03-05T14:00,29.6,72,0.2,8.0,242
2025-03-05T15:00,29.8,69,0.0,8.1,223
2025-03-05T16:00,29.3,71,0.0,8.2,238
2025-03-05T17:00,28.2,76,0.0,6.8,217
2025-03-05T18:00,27.6,81,0.0,6.6,217
2025-03-05T19:00,27.3,84,0.0,4.2,211
2025-03-05T20:00,27.2,87,0.0,4.8,169
2025-03-05T21:00,26.8,90,0.0,4.2,175
2025-03-05T22:00,26.1,93,0.0,2.7,148
2025-03-05T23:00,25.7,95,0.0,4.0,120
2025-03-06T00:00,25.2,96,0.0,4.6,103
2025-03-06T01:00,24.8,96,0.0,5.0,105
2025-03-06T02:00,24.5,96,0.0,5.0,111
2025-03-06T03:00,24.2,96,0.0,4.5,119
2025-03-06T04:00,24.1,96,0.0,4.3,123
2025-03-06T05:00,23.9,96,0.0,3.6,120
2025-03-06T06:00,24.4,96,0.0,4.1,119
2025-03-06T07:00,25.6,92,0.0,5.1,117
2025-03-06T08:00,27.4,84,0.0,4.2,126
2025-03-06T09:00,28.8,77,0.0,1.8,180
2025-03-06T10:00,30.0,69,0.0,4.0,240
2025-03-06T11:00,30.6,64,0.0,6.4,259
2025-03-06T12:00,30.5,65,0.0,9.7,268
2025-03-06T13:00,30.1,69,0.0,11.2,271
2025-03-06T14:00,30.0,68,0.0,12.3,266
2025-03-06T15:00,29.9,68,0.0,13.1,279
2025-03-06T16:00,29.7,67,0.0,14.2,288
2025-03-06T17:00,28.8,72,0.0,13.2,292
2025-03-06T18:00,28.0,78,0.0,7.9,291
2025-03-06T19:00,27.5,85,0.0,1.4,270
2025-03-06T20:00,26.6,90,0.0,1.3,146
2025-03-06T21:00,26.2,93,0.0,1.4,140
2025-03-06T22:00,25.7,95,0.0,1.6,117
2025-03-06T23:00,25.4,96,0.0,2.8,130
2025-03-07T00:00,24.9,95,0.0,4.3,114
2025-03-07T01:00,24.5,94,0.0,4.7,113
2025-03-07T02:00,23.9,95,0.0,4.5,106
2025-03-07T03:00,23.5,95,0.0,4.7,106
2025-03-07T04:00,23.2,96,0.0,5.8,110
2025-03-07T05:00,23.0,96,0.0,5.9,117
2025-03-07T06:00,23.8,99,0.0,7.5,134
2025-03-07T07:00,24.2,98,0.0,7.5,143
2025-03-07T08:00,25.8,90,0.0,5.4,154
2025-03-07T09:00,28.1,81,0.0,4.5,194
2025-03-07T10:00,29.8,69,0.0,7.2,217
2025-03-07T11:00,30.5,64,0.0,8.2,234
2025-03-07T12:00,30.6,64,0.0,10.5,241
2025-03-07T13:00,30.4,64,0.1,9.0,250
2025-03-07T14:00,30.0,65,0.2,9.2,244
2025-03-07T15:00,30.0,65,0.1,11.5,248
2025-03-07T16:00,29.4,69,0.3,11.5,259
2025-03-07T17:00,29.1,70,0.0,11.8,262
2025-03-07T18:00,28.7,72,0.0,9.9,249
2025-03-07T19:00,28.5,73,0.0,7.5,260
2025-03-07T20:00,27.1,77,0.2,5.6,117
2025-03-07T21:00,25.4,85,0.3,9.4,157
2025-03-07T22:00,25.1,85,0.0,5.7,114
2025-03-07T23:00,24.6,89,0.0,4.4,111
2025-03-08T00:00,24.3,91,0.0,5.9,133
2025-03-08T01:00,24.1,92,0.0,4.2,102
2025-03-08T02:00,23.7,94,0.0,4.9,84
2025-03-08T03:00,23.4,96,0.0,3.3,103
2025-03-08T04:00,23.0,96,0.0,2.4,99
2025-03-08T05:00,22.7,97,0.0,1.5,104
2025-03-08T06:00,23.7,96,0.0,1.9,112
2025-03-08T07:00,25.0,90,0.0,1.1,99
2025-03-08T08:00,27.7,75,0.0,1.5,7
2025-03-08T09:00,29.6,62,0.0,4.0,306
2025-03-08T10:00,30.7,55,0.0,8.5,302
2025-03-08T11:00,31.1,55,0.0,11.6,302
2025-03-08T12:00,31.1,55,0.0,13.2,302
2025-03-08T13:00,31.3,54,0.0,13.3,305
2025-03-08T14:00,31.4,54,0.0,14.8,307
2025-03-08T15:00,30.7,59,0.0,15.5,298
2025-03-08T16:00,29.7,65,0.0,15.5,293
2025-03-08T17:00,29.2,67,0.0,13.1,306
2025-03-08T18:00,28.8,72,0.0,11.2,305
2025-03-08T19:00,28.6,75,0.0,11.4,299
2025-03-08T20:00,28.5,75,0.0,8.7,318
2025-03-08T21:00,27.7,80,0.0,2.9,360
2025-03-08T22:00,26.9,83,0.0,4.2,59
2025-03-08T23:00,25.9,87,0.0,6.1,109
2025-03-09T00:00,24.9,90,0.1,6.4,130
2025-03-09T01:00,24.4,91,0.0,5.2,146
2025-03-09T02:00,24.1,91,0.0,3.5,141
2025-03-09T03:00,23.8,91,0.0,4.1,119
2025-03-09T04:00,23.4,92,0.0,4.9,107
2025-03-09T05:00,23.0,93,0.0,5.6,117
2025-03-09T06:00,23.0,92,0.0,6.9,104
2025-03-09T07:00,24.5,84,0.0,6.1,102
2025-03-09T08:00,27.4,73,0.0,4.6,103
2025-03-09T09:00,29.4,64,0.0,3.0,65
2025-03-09T10:00,31.3,50,0.0,3.1,320
2025-03-09T11:00,32.3,44,0.0,7.4,292
2025-03-09T12:00,32.4,45,0.0,9.6,291
2025-03-09T13:00,32.1,47,0.0,11.1,279
2025-03-09T14:00,31.6,47,0.0,14.0,269
2025-03-09T15:00,30.9,52,0.0,14.8,260
2025-03-09T16:00,30.6,55,0.0,14.5,262
2025-03-09T17:00,29.3,54,0.0,13.2,266
2025-03-09T18:00,29.3,53,0.0,11.8,293
2025-03-09T19:00,29.1,56,0.0,7.5,291
2025-03-09T20:00,28.5,59,0.0,4.8,214
2025-03-09T21:00,28.0,62,0.0,6.9,205
2025-03-09T22:00,27.5,64,0.0,6.3,187
2025-03-09T23:00,26.5,71,0.0,5.6,115
2025-03-10T00:00,25.3,76,0.0,8.3,84
2025-03-10T01:00,24.7,78,0.0,5.8,60
2025-03-10T02:00,24.4,78,0.0,7.5,50
2025-03-10T03:00,24.2,77,0.0,8.5,32
2025-03-10T04:00,24.3,73,0.0,7.9,21
2025-03-10T05:00,24.1,73,0.0,8.2,23
2025-03-10T06:00,24.2,77,0.0,6.1,357
2025-03-10T07:00,25.3,73,0.0,6.0,27
2025-03-10T08:00,27.3,66,0.0,6.9,28
2025-03-10T09:00,29.6,60,0.0,13.4,24
2025-03-10T10:00,31.0,56,0.0,15.2,26
2025-03-10T11:00,33.2,48,0.0,16.0,35
2025-03-10T12:00,33.5,47,0.0,16.7,28
2025-03-10T13:00,33.5,46,0.0,17.2,18
2025-03-10T14:00,33.8,46,0.0,19.2,17
2025-03-10T15:00,33.0,48,0.0,20.5,25
2025-03-10T16:00,32.3,52,0.0,21.5,24
2025-03-10T17:00,31.2,56,0.0,19.0,30
2025-03-10T18:00,28.8,70,0.0,10.9,38
2025-03-10T19:00,27.8,76,0.0,10.2,51
2025-03-10T20:00,27.1,82,0.0,6.0,69
2025-03-10T21:00,26.7,86,0.0,5.1,27
2025-03-10T22:00,26.5,83,0.0,8.1,17
2025-03-10T23:00,26.1,83,0.0,7.3,23
2025-03-11T00:00,25.8,85,0.0,7.4,18
2025-03-11T01:00,25.5,87,0.0,8.2,26
2025-03-11T02:00,25.3,88,0.0,7.6,27
2025-03-11T03:00,25.1,89,0.0,6.6,29
2025-03-11T04:00,24.7,91,0.0,5.6,48
2025-03-11T05:00,24.1,95,0.0,4.3,95
2025-03-11T06:00,24.7,92,0.1,6.4,119
2025-03-11T07:00,25.3,90,0.1,5.6,132
2025-03-11T08:00,26.9,82,0.0,3.8,155
2025-03-11T09:00,27.7,79,0.4,5.2,131
2025-03-11T10:00,27.4,82,3.3,11.4,209
2025-03-11T11:00,28.0,79,0.1,9.5,212
2025-03-11T12:00,27.8,80,0.4,8.5,216
2025-03-11T13:00,27.1,78,0.9,13.6,204
2025-03-11T14:00,26.7,83,1.3,7.7,189
2025-03-11T15:00,26.0,89,4.7,6.4,158
2025-03-11T16:00,25.9,91,0.6,5.2,155
2025-03-11T17:00,26.1,90,0.4,4.5,151
2025-03-11T18:00,26.0,88,0.1,2.3,90
2025-03-11T19:00,25.7,91,0.0,5.2,131
2025-03-11T20:00,25.5,93,0.0,7.0,111
2025-03-11T21:00,25.1,94,0.0,5.6,115
2025-03-11T22:00,24.8,95,0.0,5.6,83
2025-03-11T23:00,24.6,95,0.0,4.6,81
2025-03-12T00:00,24.7,94,0.0,5.4,37
2025-03-12T01:00,24.7,94,0.0,5.2,16
2025-03-12T02:00,24.7,94,0.0,2.1,329
2025-03-12T03:00,24.5,95,0.1,4.9,33
2025-03-12T04:00,24.1,97,0.0,4.7,88
2025-03-12T05:00,23.7,97,0.0,4.5,37
2025-03-12T06:00,23.3,98,0.0,5.9,101
2025-03-12T07:00,24.2,97,0.0,5.1,72
2025-03-12T08:00,26.0,91,0.0,4.0,80
2025-03-12T09:00,27.8,78,0.0,3.6,90
2025-03-12T10:00,29.4,67,0.0,4.9,129
2025-03-12T11:00,30.8,59,0.0,7.2,153
2025-03-12T12:00,31.7,53,0.0,7.7,198
2025-03-12T13:00,31.2,56,0.0,9.7,235
2025-03-12T14:00,30.4,62,0.1,8.8,253
2025-03-12T15:00,29.2,71,0.1,9.5,260
2025-03-12T16:00,29.1,72,0.0,9.3,224
2025-03-12T17:00,28.6,73,0.1,7.8,214
2025-03-12T18:00,27.8,82,0.1,3.6,198
2025-03-12T19:00,27.6,83,0.0,4.5,178
2025-03-12T20:00,27.6,82,0.0,4.3,163
2025-03-12T21:00,26.9,85,0.0,4.3,156
2025-03-12T22:00,26.0,90,0.0,2.7,143
2025-03-12T23:00,25.4,92,0.0,4.5,67
2025-03-13T00:00,24.7,91,0.0,8.7,34
2025-03-13T01:00,24.0,91,0.0,8.3,27
2025-03-13T02:00,23.9,91,0.0,7.5,35
2025-03-13T03:00,23.8,91,0.0,7.6,31
2025-03-13T04:00,23.7,92,0.0,5.9,50
2025-03-13T05:00,23.6,92,0.0,5.4,56
2025-03-13T06:00,24.4,91,0.0,5.6,65
2025-03-13T07:00,25.5,88,0.0,5.1,67
2025-03-13T08:00,27.4,82,0.0,4.3,48
2025-03-13T09:00,29.1,73,0.0,3.6,33
2025-03-13T10:00,30.4,65,0.0,1.5,330
2025-03-13T11:00,31.0,63,0.0,2.8,285
2025-03-13T12:00,31.0,64,0.1,5.8,286
2025-03-13T13:00,30.3,67,0.3,9.9,292
2025-03-13T14:00,29.7,68,0.1,8.5,294
2025-03-13T15:00,29.7,68,0.2,7.4,299
2025-03-13T16:00,29.1,73,0.7,4.7,279
2025-03-13T17:00,28.7,76,0.0,4.2,288
2025-03-13T18:00,28.3,82,0.0,5.1,266
2025-03-13T19:00,28.1,84,0.0,4.1,270
2025-03-13T20:00,27.4,88,0.0,2.4,324
2025-03-13T21:00,25.8,93,0.8,6.1,85
2025-03-13T22:00,26.0,93,0.0,1.9,151
2025-03-13T23:00,25.8,93,0.1,6.0,170
2025-03-14T00:00,25.4,94,0.0,7.4,177
2025-03-14T01:00,25.3,93,0.0,3.6,198
2025-03-14T02:00,25.1,93,0.0,3.2,180
2025-03-14T03:00,25.0,94,0.0,3.4,174
2025-03-14T04:00,24.8,94,0.0,2.8,153
2025-03-14T05:00,24.3,96,0.0,1.8,114
2025-03-14T06:00,24.8,96,0.0,4.4,97
2025-03-14T07:00,26.1,91,0.0,4.7,88
2025-03-14T08:00,27.8,80,0.0,3.6,127
2025-03-14T09:00,29.3,72,0.0,3.1,180
2025-03-14T10:00,30.4,66,0.0,3.3,248
2025-03-14T11:00,31.0,63,0.0,6.7,268
2025-03-14T12:00,30.9,61,0.4,9.3,278
2025-03-14T13:00,30.1,70,0.3,11.4,277
2025-03-14T14:00,29.9,66,1.0,9.0,272
2025-03-14T15:00,29.0,72,0.9,9.0,244
2025-03-14T16:00,28.9,73,0.0,4.6,239
2025-03-14T17:00,26.7,81,0.3,11.1,173
2025-03-14T18:00,26.7,82,0.1,5.6,94
2025-03-14T19:00,26.4,85,0.0,5.6,186
2025-03-14T20:00,26.1,89,0.0,1.3,180
2025-03-14T21:00,25.7,88,0.2,2.9,60
2025-03-14T22:00,25.3,92,0.0,3.7,104
2025-03-14T23:00,24.9,94,0.1,1.9,107
2025-03-15T00:00,24.8,96,0.0,1.5,120
2025-03-15T01:00,24.6,95,0.0,3.1,87
2025-03-15T02:00,24.3,96,0.0,3.7,79
2025-03-15T03:00,24.0,96,0.0,2.7,94
2025-03-15T04:00,23.6,97,0.0,1.4,90
2025-03-15T05:00,23.6,97,0.0,2.1,75
2025-03-15T06:00,24.2,94,0.0,5.7,99
2025-03-15T07:00,25.3,87,0.0,4.7,90
2025-03-15T08:00,27.3,79,0.0,3.1,97
2025-03-15T09:00,29.0,72,0.0,2.0,170
2025-03-15T10:00,30.5,62,0.0,3.2,218
2025-03-15T11:00,31.4,55,0.1,3.9,236
2025-03-15T12:00,31.5,56,0.2,7.9,259
2025-03-15T13:00,30.2,62,1.8,8.6,281
2025-03-15T14:00,30.1,66,0.4,8.3,281
2025-03-15T15:00,30.5,63,0.2,6.7,273
2025-03-15T16:00,28.9,71,1.3,6.7,268
2025-03-15T17:00,28.3,73,0.2,2.2,194
2025-03-15T18:00,25.7,89,4.5,9.9,127
2025-03-15T19:00,24.7,93,6.3,4.9,92
2025-03-15T20:00,24.5,95,0.3,5.8,104
2025-03-15T21:00,24.6,96,0.0,0.9,127
2025-03-15T22:00,24.5,96,0.0,1.3,45
2025-03-15T23:00,24.3,96,0.0,1.8,84
2025-03-16T00:00,24.2,98,0.0,2.3,108
2025-03-16T01:00,23.9,98,0.0,1.9,124
2025-03-16T02:00,24.0,98,0.0,3.0,115
2025-03-16T03:00,24.0,97,0.0,2.8,140
2025-03-16T04:00,23.8,97,0.0,2.7,98
2025-03-16T05:00,23.6,97,0.0,2.3,90
2025-03-16T06:00,25.6,93,0.0,2.7,90
2025-03-16T07:00,26.1,90,0.0,3.5,105
2025-03-16T08:00,26.9,82,0.0,3.5,125
2025-03-16T09:00,28.4,75,0.0,2.6,155
2025-03-16T10:00,28.5,73,0.0,2.6,192
2025-03-16T11:00,29.2,68,0.1,2.5,176
2025-03-16T12:00,29.5,66,0.1,1.9,158
2025-03-16T13:00,29.3,64,0.0,4.8,207
2025-03-16T14:00,29.7,61,0.0,3.2,227
2025-03-16T15:00,29.3,62,0.1,2.3,209
2025-03-16T16:00,28.4,65,0.1,1.8,180
2025-03-16T17:00,28.0,67,0.0,1.8,174
2025-03-16T18:00,25.7,93,0.7,6.9,57
2025-03-16T19:00,25.5,94,0.2,5.8,88
2025-03-16T20:00,25.5,93,0.0,4.0,111
2025-03-16T21:00,25.2,95,0.0,4.7,97
2025-03-16T22:00,24.9,95,0.0,4.2,72
2025-03-16T23:00,24.6,96,0.0,4.2,83
2025-03-17T00:00,24.3,96,0.0,3.8,85
2025-03-17T01:00,24.1,96,0.0,3.8,79
2025-03-17T02:00,23.9,96,0.0,4.3,45
2025-03-17T03:00,23.7,97,0.0,4.0,58
2025-03-17T04:00,23.6,96,0.0,3.7,79
2025-03-17T05:00,23.4,96,0.0,3.7,61
2025-03-17T06:00,24.0,95,0.0,3.8,73
2025-03-17T07:00,25.2,92,0.0,4.5,47
2025-03-17T08:00,27.4,80,0.0,4.1,45
2025-03-17T09:00,29.0,73,0.0,3.8,17
2025-03-17T10:00,29.7,69,0.0,2.9,349
2025-03-17T11:00,30.2,66,0.0,3.1,301
2025-03-17T12:00,30.2,67,0.0,5.1,280
2025-03-17T13:00,30.2,68,0.0,6.8,288
2025-03-17T14:00,30.0,70,0.0,9.2,273
2025-03-17T15:00,29.9,71,0.0,6.9,279
2025-03-17T16:00,30.0,69,0.0,8.1,295
2025-03-17T17:00,29.2,72,0.0,5.8,20
2025-03-17T18:00,26.2,85,0.5,4.5,88
2025-03-17T19:00,26.0,86,0.1,2.4,107
2025-03-17T20:00,25.9,89,0.0,3.7,61
2025-03-17T21:00,25.8,92,0.0,3.0,65
2025-03-17T22:00,25.5,94,0.0,3.3,81
2025-03-17T23:00,25.1,97,0.0,2.8,79
2025-03-18T00:00,24.8,98,0.0,1.7,122
2025-03-18T01:00,24.7,98,0.0,2.3,94
2025-03-18T02:00,24.5,98,0.0,4.7,106
2025-03-18T03:00,24.3,96,0.0,5.3,123
2025-03-18T04:00,24.1,94,0.0,5.1,122
2025-03-18T05:00,23.8,95,0.0,3.4,115
2025-03-18T06:00,24.0,93,0.0,4.9,147
2025-03-18T07:00,25.4,89,0.0,3.8,139
2025-03-18T08:00,27.5,78,0.0,4.0,170
2025-03-18T09:00,29.3,68,0.0,5.7,198
2025-03-18T10:00,30.4,63,0.0,6.9,223
2025-03-18T11:00,31.0,60,0.0,9.8,235
2025-03-18T12:00,31.2,59,0.0,11.6,237
2025-03-18T13:00,30.9,62,0.0,11.6,240
2025-03-18T14:00,30.6,65,0.0,12.2,245
2025-03-18T15:00,30.5,61,0.5,14.3,225
2025-03-18T16:00,29.3,70,0.6,11.0,208
2025-03-18T17:00,28.3,72,0.0,11.4,192
2025-03-18T18:00,28.6,72,0.2,7.2,181
2025-03-18T19:00,27.4,81,0.0,7.3,170
2025-03-18T20:00,27.1,83,0.0,4.2,170
2025-03-18T21:00,26.7,87,0.0,5.9,157
2025-03-18T22:00,26.4,89,0.0,5.0,167
2025-03-18T23:00,26.0,91,0.0,3.5,152
2025-03-19T00:00,25.7,93,0.0,1.3,135
2025-03-19T01:00,25.4,95,0.0,1.3,196
2025-03-19T02:00,24.9,95,0.1,7.2,166
2025-03-19T03:00,24.5,95,0.0,5.8,214
2025-03-19T04:00,24.3,94,0.0,5.5,157
2025-03-19T05:00,24.0,94,0.0,4.0,90
2025-03-19T06:00,24.5,94,0.0,6.2,120
2025-03-19T07:00,25.4,88,0.0,4.7,108
2025-03-19T08:00,27.4,79,0.0,2.7,94
2025-03-19T09:00,29.3,70,0.0,0.6,146
2025-03-19T10:00,30.6,66,0.0,0.4,297
2025-03-19T11:00,31.7,61,0.0,3.5,279
2025-03-19T12:00,32.0,59,0.1,8.3,265
2025-03-19T13:00,27.2,83,5.6,6.7,218
2025-03-19T14:00,27.9,79,0.4,6.9,135
2025-03-19T15:00,26.6,83,0.7,4.0,54
2025-03-19T16:00,26.8,83,0.5,1.9,29
2025-03-19T17:00,26.9,83,0.0,3.3,84
2025-03-19T18:00,27.1,83,0.1,4.2,59
2025-03-19T19:00,26.3,90,0.0,5.0,69
2025-03-19T20:00,25.8,93,0.0,4.0,95
2025-03-19T21:00,25.5,95,0.0,3.8,95
2025-03-19T22:00,25.2,97,0.0,3.8,71
2025-03-19T23:00,24.9,98,0.0,3.3,61
2025-03-20T00:00,24.7,98,0.0,3.1,93
2025-03-20T01:00,24.4,97,0.0,2.9,101
2025-03-20T02:00,24.2,98,0.0,1.9,112
2025-03-20T03:00,23.9,98,0.0,2.6,102
2025-03-20T04:00,23.6,98,0.0,1.9,49
2025-03-20T05:00,23.3,98,0.0,2.8,50
2025-03-20T06:00,23.4,98,0.0,3.5,66
2025-03-20T07:00,24.3,95,0.0,4.5,67
2025-03-20T08:00,26.5,84,0.0,3.1,28
2025-03-20T09:00,28.4,75,0.0,5.1,309
2025-03-20T10:00,29.5,70,0.0,7.8,292
2025-03-20T11:00,30.0,68,0.0,8.9,283
2025-03-20T12:00,30.4,65,0.0,8.9,276
2025-03-20T13:00,30.4,66,0.0,10.0,261
2025-03-20T14:00,30.2,67,0.0,9.5,272
2025-03-20T15:00,30.5,66,0.0,8.5,288
2025-03-20T16:00,29.1,72,0.1,4.8,347
2025-03-20T17:00,29.0,74,0.0,2.2,14
2025-03-20T18:00,28.4,79,0.0,4.3,135
2025-03-20T19:00,27.8,82,0.0,8.3,162
2025-03-20T20:00,27.4,84,0.1,5.1,184
2025-03-20T21:00,27.2,87,0.0,4.3,182
2025-03-20T22:00,27.0,89,0.0,5.9,180
2025-03-20T23:00,26.5,92,0.0,6.0,139
2025-03-21T00:00,26.0,92,0.0,5.3,123
2025-03-21T01:00,25.6,92,0.0,3.8,115
2025-03-21T02:00,25.3,93,0.0,3.4,122
2025-03-21T03:00,25.0,94,0.0,2.9,94
2025-03-21T04:00,24.9,94,0.0,3.8,82
2025-03-21T05:00,24.6,94,0.0,3.3,77
2025-03-21T06:00,25.1,93,0.0,3.6,84
2025-03-21T07:00,26.6,86,0.0,3.2,52
2025-03-21T08:00,28.5,76,0.0,2.0,5
2025-03-21T09:00,30.3,65,0.0,4.0,297
2025-03-21T10:00,31.5,60,0.0,6.6,283
2025-03-21T11:00,32.0,60,0.0,9.5,279
2025-03-21T12:00,32.0,62,0.0,11.5,284
2025-03-21T13:00,30.9,64,0.0,8.0,284
2025-03-21T14:00,31.4,63,0.2,8.8,301
2025-03-21T15:00,30.4,67,0.0,7.6,304
2025-03-21T16:00,30.3,67,0.2,7.9,330
2025-03-21T17:00,29.9,69,0.0,3.3,319
2025-03-21T18:00,25.6,89,2.1,5.8,338
2025-03-21T19:00,25.8,86,0.2,1.9,158
2025-03-21T20:00,25.8,87,0.0,3.3,167
2025-03-21T21:00,25.7,88,0.0,2.8,108
2025-03-21T22:00,25.3,91,0.0,4.5,113
2025-03-21T23:00,24.7,93,0.0,4.7,88
2025-03-22T00:00,24.4,95,0.0,3.2,90
2025-03-22T01:00,24.2,95,0.0,2.8,75
2025-03-22T02:00,24.0,96,0.0,4.3,68
2025-03-22T03:00,23.8,96,0.0,4.6,51
2025-03-22T04:00,23.6,96,0.0,6.0,69
2025-03-22T05:00,23.6,96,0.0,4.4,78
2025-03-22T06:00,24.9,92,0.0,3.8,98
2025-03-22T07:00,26.5,82,0.0,2.8,101
2025-03-22T08:00,28.8,72,0.0,2.4,144
2025-03-22T09:00,30.5,64,0.0,4.0,207
2025-03-22T10:00,31.2,61,0.1,7.2,238
2025-03-22T11:00,31.5,61,0.3,8.8,255
2025-03-22T12:00,31.1,66,0.0,10.6,259
2025-03-22T13:00,30.9,66,0.0,10.1,259
2025-03-22T14:00,30.0,67,0.1,6.8,252
2025-03-22T15:00,30.1,66,0.1,2.1,285
2025-03-22T16:00,28.7,72,0.2,2.3,29
2025-03-22T17:00,28.5,73,0.0,1.3,286
2025-03-22T18:00,27.8,78,0.0,4.1,180
2025-03-22T19:00,27.7,80,0.0,3.4,162
2025-03-22T20:00,27.4,83,0.0,4.4,187
2025-03-22T21:00,27.1,86,0.0,0.4,90
2025-03-22T22:00,26.5,89,0.0,5.0,55
2025-03-22T23:00,26.1,91,0.0,4.5,119
2025-03-23T00:00,25.8,92,0.0,4.5,130
2025-03-23T01:00,25.4,92,0.0,5.2,106
2025-03-23T02:00,25.2,91,0.0,5.5,99
2025-03-23T03:00,24.9,93,0.0,4.5,85
2025-03-23T04:00,24.7,94,0.0,1.5,104
2025-03-23T05:00,24.7,94,0.0,3.1,208
2025-03-23T06:00,24.6,94,0.0,5.0,71
2025-03-23T07:00,26.1,86,0.0,3.1,83
2025-03-23T08:00,28.4,74,0.0,1.1,90
2025-03-23T09:00,30.0,68,0.0,2.9,259
2025-03-23T10:00,31.1,59,0.0,6.6,261
2025-03-23T11:00,31.3,60,0.1,8.8,259
2025-03-23T12:00,31.3,62,0.1,9.8,262
2025-03-23T13:00,31.2,63,0.1,11.0,274
2025-03-23T14:00,30.6,67,0.0,11.1,279
2025-03-23T15:00,30.3,67,0.0,11.2,285
2025-03-23T16:00,30.5,65,0.0,11.2,280
2025-03-23T17:00,28.3,72,1.2,3.0,322
2025-03-23T18:00,28.4,77,0.0,5.3,332
2025-03-23T19:00,26.4,84,0.3,6.3,66
2025-03-23T20:00,25.6,85,0.1,7.9,86
2025-03-23T21:00,25.1,87,0.0,6.5,87
2025-03-23T22:00,25.0,86,0.0,4.5,74
2025-03-23T23:00,24.8,87,0.0,4.8,101
2025-03-24T00:00,24.4,90,0.0,4.9,90
2025-03-24T01:00,24.2,91,0.0,4.3,90
2025-03-24T02:00,24.1,91,0.0,3.1,97
2025-03-24T03:00,23.8,93,0.0,3.6,87
2025-03-24T04:00,23.6,94,0.0,4.1,75
2025-03-24T05:00,23.3,95,0.0,3.3,81
2025-03-24T06:00,24.6,91,0.0,2.9,79
2025-03-24T07:00,26.3,84,0.0,1.5,14
2025-03-24T08:00,28.6,72,0.0,0.8,117
2025-03-24T09:00,30.5,64,0.0,3.4,227
2025-03-24T10:00,31.6,60,0.0,6.6,241
2025-03-24T11:00,32.1,58,0.0,9.3,245
2025-03-24T12:00,32.1,58,0.0,10.3,247
2025-03-24T13:00,31.7,61,0.0,10.6,249
2025-03-24T14:00,31.5,63,0.0,10.9,253
2025-03-24T15:00,31.1,66,0.1,8.2,261
2025-03-24T16:00,30.6,66,0.0,8.0,218
2025-03-24T17:00,29.3,70,0.2,5.7,198
2025-03-24T18:00,26.8,82,3.0,4.1,15
2025-03-24T19:00,25.9,87,0.4,1.5,346
2025-03-24T20:00,26.3,86,0.0,3.4,137
2025-03-24T21:00,26.3,90,0.0,1.0,68
2025-03-24T22:00,25.9,94,0.0,3.3,61
2025-03-24T23:00,25.5,95,0.0,4.9,73
2025-03-25T00:00,25.1,94,0.0,4.3,88
2025-03-25T01:00,24.9,94,0.0,4.0,51
2025-03-25T02:00,24.7,94,0.0,5.4,70
2025-03-25T03:00,24.5,95,0.0,4.8,63
2025-03-25T04:00,24.2,96,0.0,4.7,74
2025-03-25T05:00,24.1,96,0.0,3.3,77
2025-03-25T06:00,25.0,95,0.0,4.5,67
2025-03-25T07:00,26.4,87,0.0,3.5,55
2025-03-25T08:00,28.6,76,0.0,1.2,63
2025-03-25T09:00,30.4,66,0.0,1.0,211
2025-03-25T10:00,31.7,60,0.0,4.4,251
2025-03-25T11:00,32.3,58,0.0,7.6,248
2025-03-25T12:00,32.4,59,0.0,9.0,241
2025-03-25T13:00,31.5,62,0.0,9.0,239
2025-03-25T14:00,32.2,60,0.1,6.7,243
2025-03-25T15:00,30.1,67,0.1,1.3,286
2025-03-25T16:00,28.4,74,0.3,6.4,140
2025-03-25T17:00,28.1,75,0.1,4.0,63
2025-03-25T18:00,27.5,80,0.2,3.5,156
2025-03-25T19:00,27.2,82,0.0,3.7,119
2025-03-25T20:00,26.7,86,0.0,4.3,112
2025-03-25T21:00,26.2,90,0.0,4.2,97
2025-03-25T22:00,26.0,91,0.0,3.7,125
2025-03-25T23:00,25.8,91,0.0,3.9,114
2025-03-26T00:00,25.5,93,0.0,4.8,112
2025-03-26T01:00,25.2,94,0.0,6.2,100
2025-03-26T02:00,25.0,94,0.0,5.1,157
2025-03-26T03:00,25.2,93,0.0,6.7,211
2025-03-26T04:00,25.2,91,0.0,3.6,186
2025-03-26T05:00,24.8,94,0.0,5.2,180
2025-03-26T06:00,24.5,95,0.0,3.8,98
2025-03-26T07:00,26.3,85,0.0,3.1,93
2025-03-26T08:00,28.4,76,0.0,3.6,131
2025-03-26T09:00,30.2,67,0.0,4.5,178
2025-03-26T10:00,31.2,62,0.0,7.7,210
2025-03-26T11:00,31.4,62,0.1,10.3,216
2025-03-26T12:00,30.7,65,0.1,10.4,214
2025-03-26T13:00,31.3,62,0.1,12.8,222
2025-03-26T14:00,29.9,68,0.4,9.3,212
2025-03-26T15:00,29.7,69,0.1,9.8,223
2025-03-26T16:00,27.8,76,2.6,10.3,195
2025-03-26T17:00,27.1,80,0.6,9.4,160
2025-03-26T18:00,27.6,76,0.0,5.7,171
2025-03-26T19:00,27.3,79,0.0,5.6,186
2025-03-26T20:00,26.9,83,0.0,9.1,170
2025-03-26T21:00,26.6,83,0.0,6.1,157
2025-03-26T22:00,26.5,84,0.0,4.6,169
2025-03-26T23:00,26.2,88,0.0,6.2,134
2025-03-27T00:00,25.7,91,0.0,5.5,128
2025-03-27T01:00,25.3,92,0.0,6.5,136
2025-03-27T02:00,25.4,86,0.0,7.3,130
2025-03-27T03:00,25.1,87,0.0,3.2,180
2025-03-27T04:00,24.8,91,0.0,6.6,189
2025-03-27T05:00,24.6,92,0.1,6.7,156
2025-03-27T06:00,25.3,93,0.0,7.3,150
2025-03-27T07:00,26.6,85,0.0,4.5,137
2025-03-27T08:00,28.5,73,0.0,5.0,199
2025-03-27T09:00,29.8,66,0.0,6.5,228
2025-03-27T10:00,30.8,61,0.0,8.8,244
2025-03-27T11:00,31.4,59,0.0,9.7,251
2025-03-27T12:00,32.2,56,0.0,11.3,257
2025-03-27T13:00,31.9,57,0.0,13.4,265
2025-03-27T14:00,31.8,57,0.0,11.6,262
2025-03-27T15:00,31.6,56,0.0,10.6,274
2025-03-27T16:00,31.3,56,0.0,9.0,273
2025-03-27T17:00,30.5,58,0.0,4.8,292
2025-03-27T18:00,30.2,58,0.0,1.5,306
2025-03-27T19:00,28.8,67,0.0,6.0,69
2025-03-27T20:00,27.1,78,0.0,8.0,76
2025-03-27T21:00,26.7,78,0.0,5.6,117
2025-03-27T22:00,26.6,79,0.0,5.3,125
2025-03-27T23:00,26.2,82,0.0,6.9,123
2025-03-28T00:00,26.2,83,0.0,6.1,135
2025-03-28T01:00,26.0,84,0.0,5.3,114
2025-03-28T02:00,25.6,86,0.0,5.8,104
2025-03-28T03:00,25.3,87,0.0,4.6,129
2025-03-28T04:00,25.0,88,0.0,5.6,115
2025-03-28T05:00,24.7,89,0.0,5.8,110
2025-03-28T06:00,25.4,87,0.0,6.0,117
2025-03-28T07:00,27.3,78,0.0,5.2,110
2025-03-28T08:00,29.3,70,0.0,3.2,124
2025-03-28T09:00,30.7,63,0.1,3.5,258
2025-03-28T10:00,31.9,56,0.1,5.8,272
2025-03-28T11:00,32.3,53,0.1,7.6,282
2025-03-28T12:00,32.1,53,0.1,8.6,280
2025-03-28T13:00,32.4,52,0.1,9.3,280
2025-03-28T14:00,32.1,52,0.1,9.3,278
2025-03-28T15:00,31.7,55,0.1,9.6,273
2025-03-28T16:00,31.2,57,0.2,8.5,271
2025-03-28T17:00,30.2,65,0.0,10.0,261
2025-03-28T18:00,30.3,67,0.0,9.3,252
2025-03-28T19:00,29.8,70,0.0,7.5,240
2025-03-28T20:00,29.5,72,0.0,6.8,217
2025-03-28T21:00,26.5,85,0.4,11.3,123
2025-03-28T22:00,26.7,80,0.0,6.1,175
2025-03-28T23:00,25.8,83,0.0,5.9,128
2025-03-29T00:00,25.7,82,0.0,4.7,148
2025-03-29T01:00,25.5,83,0.0,5.0,134
2025-03-29T02:00,25.5,84,0.0,3.0,128
2025-03-29T03:00,25.0,86,0.0,4.7,130
2025-03-29T04:00,24.9,87,0.0,5.0,120
2025-03-29T05:00,24.7,88,0.0,5.2,106
2025-03-29T06:00,24.9,89,0.0,7.2,155
2025-03-29T07:00,26.3,81,0.0,4.0,98
2025-03-29T08:00,28.7,71,0.0,3.1,69
2025-03-29T09:00,31.0,60,0.0,2.8,320
2025-03-29T10:00,32.5,52,0.0,6.2,296
2025-03-29T11:00,33.2,48,0.0,9.6,293
2025-03-29T12:00,33.0,48,0.0,11.7,290
2025-03-29T13:00,33.0,49,0.0,12.9,289
2025-03-29T14:00,32.4,52,0.0,12.3,284
2025-03-29T15:00,31.5,58,0.2,10.6,279
2025-03-29T16:00,30.8,63,0.1,10.3,273
2025-03-29T17:00,30.5,64,0.0,7.8,255
2025-03-29T18:00,30.6,60,0.0,8.3,250
2025-03-29T19:00,30.2,63,0.0,5.9,227
2025-03-29T20:00,29.5,65,0.0,2.6,205
2025-03-29T21:00,28.6,70,0.0,2.7,113
2025-03-29T22:00,27.6,76,0.0,5.3,108
2025-03-29T23:00,27.0,78,0.0,6.6,119
2025-03-30T00:00,26.6,79,0.0,6.0,111
2025-03-30T01:00,26.1,80,0.0,4.7,108
2025-03-30T02:00,25.8,81,0.0,4.8,103
2025-03-30T03:00,25.5,83,0.0,4.6,101
2025-03-30T04:00,25.1,84,0.0,4.7,108
2025-03-30T05:00,24.8,86,0.0,4.3,107
2025-03-30T06:00,25.4,82,0.0,5.0,145
2025-03-30T07:00,27.4,73,0.0,3.8,149
2025-03-30T08:00,29.7,64,0.0,3.2,177
2025-03-30T09:00,31.4,57,0.0,3.7,256
2025-03-30T10:00,32.5,50,0.0,6.1,272
2025-03-30T11:00,32.8,49,0.0,8.8,279
2025-03-30T12:00,32.9,48,0.1,10.6,279
2025-03-30T13:00,32.1,53,0.2,11.5,284
2025-03-30T14:00,31.8,56,0.3,11.3,290
2025-03-30T15:00,31.3,58,0.3,9.5,279
2025-03-30T16:00,30.9,59,0.2,8.1,287
2025-03-30T17:00,30.6,60,0.0,6.3,239
2025-03-30T18:00,30.3,57,0.0,9.4,253
2025-03-30T19:00,30.0,57,0.0,6.9,229
2025-03-30T20:00,29.3,63,0.0,6.9,173
2025-03-30T21:00,28.1,74,0.0,7.1,137
2025-03-30T22:00,27.4,76,0.0,6.0,136
2025-03-30T23:00,27.0,77,0.0,5.4,143
2025-03-31T00:00,26.6,78,0.0,5.5,131
2025-03-31T01:00,26.1,81,0.0,5.3,125
2025-03-31T02:00,25.7,82,0.0,5.4,111
2025-03-31T03:00,25.5,83,0.0,5.2,117
2025-03-31T04:00,25.3,84,0.0,5.5,113
2025-03-31T05:00,25.1,85,0.0,2.4,103
2025-03-31T06:00,26.0,80,0.0,1.8,84
2025-03-31T07:00,27.8,72,0.0,1.3,188
2025-03-31T08:00,29.9,62,0.0,2.5,180
2025-03-31T09:00,31.4,56,0.0,0.4,270
2025-03-31T10:00,32.0,53,0.0,4.2,263
2025-03-31T11:00,32.3,52,0.1,7.4,263
2025-03-31T12:00,32.3,52,0.3,10.5,258
2025-03-31T13:00,31.7,57,0.3,11.7,265
2025-03-31T14:00,31.6,58,0.0,9.9,261
2025-03-31T15:00,31.6,57,0.0,11.0,247
2025-03-31T16:00,30.9,59,0.0,11.1,241
2025-03-31T17:00,28.3,67,0.6,7.8,185
2025-03-31T18:00,28.0,72,0.3,9.7,170
2025-03-31T19:00,27.1,80,0.0,14.2,171
2025-03-31T20:00,26.0,81,0.0,11.8,173
2025-03-31T21:00,26.2,82,0.0,5.9,153
2025-03-31T22:00,26.1,85,0.0,6.8,132
2025-03-31T23:00,25.9,86,0.0,6.2,131
2025-04-01T00:00,25.8,86,0.0,6.7,136
2025-04-01T01:00,25.5,86,0.0,6.3,117
2025-04-01T02:00,25.2,85,0.0,4.9,92
2025-04-01T03:00,24.7,86,0.0,4.7,74
2025-04-01T04:00,24.6,87,0.0,2.1,149
2025-04-01T05:00,24.6,86,0.0,5.0,142
2025-04-01T06:00,26.0,86,0.0,7.1,131
2025-04-01T07:00,27.2,79,0.0,5.6,140
2025-04-01T08:00,29.3,67,0.0,6.1,166
2025-04-01T09:00,31.2,56,0.0,6.3,183
2025-04-01T10:00,32.5,49,0.0,7.6,205
2025-04-01T11:00,33.0,49,0.0,10.4,212
2025-04-01T12:00,32.7,50,0.1,12.6,218
2025-04-01T13:00,32.4,51,0.0,13.9,224
2025-04-01T14:00,32.6,50,0.0,14.4,228
2025-04-01T15:00,31.8,54,0.0,12.3,224
2025-04-01T16:00,30.2,60,0.2,10.3,199
2025-04-01T17:00,29.3,63,0.3,7.1,144
2025-04-01T18:00,29.8,62,0.0,6.8,198
2025-04-01T19:00,28.0,73,0.1,6.5,172
2025-04-01T20:00,27.4,79,0.2,9.1,129
2025-04-01T21:00,27.2,79,0.0,4.2,110
2025-04-01T22:00,26.8,80,0.0,5.7,103
2025-04-01T23:00,26.6,81,0.0,5.0,120
2025-04-02T00:00,26.4,83,0.0,4.0,111
2025-04-02T01:00,25.9,87,0.0,4.5,95
2025-04-02T02:00,25.5,89,0.0,4.3,90
2025-04-02T03:00,25.3,90,0.0,4.0,90
2025-04-02T04:00,25.1,90,0.0,3.6,90
2025-04-02T05:00,24.9,91,0.0,3.2,87
2025-04-02T06:00,25.7,89,0.0,5.0,139
2025-04-02T07:00,27.3,80,0.0,2.9,137
2025-04-02T08:00,29.4,69,0.0,3.5,168
2025-04-02T09:00,31.3,60,0.0,3.3,171
2025-04-02T10:00,32.9,54,0.1,1.2,243
2025-04-02T11:00,33.5,51,0.1,5.4,256
2025-04-02T12:00,31.2,65,3.2,11.8,243
2025-04-02T13:00,28.7,76,1.7,9.2,184
2025-04-02T14:00,30.3,70,0.5,8.2,212
2025-04-02T15:00,29.5,69,1.5,11.8,186
2025-04-02T16:00,27.5,79,2.4,4.9,129
2025-04-02T17:00,26.3,83,1.9,6.2,17
2025-04-02T18:00,28.3,74,0.0,3.2,142
2025-04-02T19:00,28.1,76,0.0,3.6,108
2025-04-02T20:00,27.4,81,0.0,5.9,92
2025-04-02T21:00,26.9,85,0.0,4.2,83
2025-04-02T22:00,26.4,89,0.0,3.8,73
2025-04-02T23:00,26.0,91,0.0,3.2,90
2025-04-03T00:00,25.7,92,0.0,4.0,111
2025-04-03T01:00,25.5,94,0.0,3.4,108
2025-04-03T02:00,25.3,95,0.0,3.8,87
2025-04-03T03:00,25.0,96,0.0,3.8,101
2025-04-03T04:00,24.9,96,0.0,4.4,120
2025-04-03T05:00,24.8,95,0.0,4.8,117
2025-04-03T06:00,25.1,93,0.0,4.5,157
2025-04-03T07:00,26.4,86,0.0,4.2,144
2025-04-03T08:00,28.3,77,0.0,3.6,150
2025-04-03T09:00,30.0,68,0.0,3.0,163
2025-04-03T10:00,31.4,63,0.0,3.7,209
2025-04-03T11:00,32.2,60,0.0,5.9,227
2025-04-03T12:00,32.6,58,0.0,9.8,244
2025-04-03T13:00,29.9,69,0.1,8.8,223
2025-04-03T14:00,29.5,71,0.3,6.4,234
2025-04-03T15:00,29.5,68,0.1,4.9,266
2025-04-03T16:00,26.0,83,2.2,7.9,93
2025-04-03T17:00,25.5,88,0.3,5.8,88
2025-04-03T18:00,26.0,85,1.2,8.1,43
2025-04-03T19:00,25.6,88,0.1,8.5,44
2025-04-03T20:00,25.3,88,0.0,5.9,50
2025-04-03T21:00,25.3,87,0.0,4.3,5
2025-04-03T22:00,25.3,87,0.0,4.2,59
2025-04-03T23:00,25.0,89,0.0,3.8,79
2025-04-04T00:00,24.8,91,0.0,3.3,77
2025-04-04T01:00,24.3,94,0.9,6.9,217
2025-04-04T02:00,24.4,93,0.3,2.4,13
2025-04-04T03:00,24.3,95,0.0,4.0,72
2025-04-04T04:00,24.0,96,0.2,1.2,63
2025-04-04T05:00,24.3,95,0.1,4.9,88
2025-04-04T06:00,24.7,93,0.0,5.1,100
2025-04-04T07:00,26.2,85,0.0,3.2,90
2025-04-04T08:00,27.8,78,0.0,3.9,292
2025-04-04T09:00,28.4,76,0.0,7.5,260
2025-04-04T10:00,28.1,77,0.0,8.2,251
2025-04-04T11:00,28.6,76,0.1,10.0,249
2025-04-04T12:00,27.7,75,0.3,10.8,268
2025-04-04T13:00,28.2,74,0.2,9.4,247
2025-04-04T14:00,28.2,75,0.3,8.6,241
2025-04-04T15:00,28.5,74,0.1,7.3,228
2025-04-04T16:00,27.3,78,0.1,3.3,229
2025-04-04T17:00,27.0,80,0.0,0.2,180
2025-04-04T18:00,25.9,88,2.2,3.6,340
2025-04-04T19:00,25.9,87,0.4,4.1,38
2025-04-04T20:00,25.2,94,0.8,6.8,63
2025-04-04T21:00,25.0,95,0.2,5.1,63
2025-04-04T22:00,24.6,96,0.1,5.7,99
2025-04-04T23:00,24.4,95,1.3,5.3,142
2025-04-05T00:00,23.7,99,5.5,7.1,111
2025-04-05T01:00,23.8,96,0.3,7.3,115
2025-04-05T02:00,23.6,96,5.2,3.4,108
2025-04-05T03:00,23.6,96,1.3,6.0,115
2025-04-05T04:00,23.4,97,0.2,6.5,95
2025-04-05T05:00,23.2,97,0.1,5.5,79
2025-04-05T06:00,24.5,93,0.0,8.0,130
2025-04-05T07:00,25.2,88,0.0,6.8,138
2025-04-05T08:00,26.8,83,0.0,7.3,150
2025-04-05T09:00,28.4,75,0.0,6.7,171
2025-04-05T10:00,29.6,70,0.2,6.7,199
2025-04-05T11:00,29.9,71,0.3,9.5,224
2025-04-05T12:00,29.8,72,0.3,9.2,225
2025-04-05T13:00,28.0,77,0.8,8.3,214
2025-04-05T14:00,28.7,75,0.3,9.4,218
2025-04-05T15:00,28.7,75,0.1,8.6,216
2025-04-05T16:00,28.0,78,0.0,8.1,197
2025-04-05T17:00,27.8,78,0.0,6.4,191
2025-04-05T18:00,28.4,77,0.0,4.7,203
2025-04-05T19:00,27.8,84,0.1,1.8,191
2025-04-05T20:00,27.2,85,0.2,5.3,208
2025-04-05T21:00,25.5,88,2.4,9.4,238
2025-04-05T22:00,25.2,91,2.4,2.1,345
2025-04-05T23:00,25.2,94,0.1,4.2,175
2025-04-06T00:00,25.1,95,0.0,6.3,187
2025-04-06T01:00,24.9,94,0.9,1.5,135
2025-04-06T02:00,24.4,98,0.1,2.2,125
2025-04-06T03:00,24.8,94,0.1,4.5,185
2025-04-06T04:00,24.6,94,0.5,2.3,113
2025-04-06T05:00,24.4,96,0.1,5.9,180
2025-04-06T06:00,24.9,95,0.1,8.3,146
2025-04-06T07:00,25.6,92,0.0,6.5,161
2025-04-06T08:00,27.1,83,0.0,8.6,190
2025-04-06T09:00,28.5,77,0.1,6.8,217
2025-04-06T10:00,29.3,73,0.2,9.9,237
2025-04-06T11:00,29.6,71,0.1,12.2,242
2025-04-06T12:00,29.8,71,0.1,12.4,249
2025-04-06T13:00,29.8,73,0.0,10.5,253
2025-04-06T14:00,29.8,72,0.1,12.2,243
2025-04-06T15:00,28.9,75,0.1,10.5,243
2025-04-06T16:00,28.9,76,0.0,7.5,230
2025-04-06T17:00,26.5,84,0.7,10.5,264
2025-04-06T18:00,26.0,93,2.2,7.6,271
2025-04-06T19:00,26.2,91,0.9,1.9,202
2025-04-06T20:00,25.9,93,0.5,3.3,54
2025-04-06T21:00,25.1,95,0.7,6.5,148
2025-04-06T22:00,24.8,97,0.4,4.7,171
2025-04-06T23:00,24.8,97,0.1,3.5,156
2025-04-07T00:00,24.8,96,0.1,4.5,143
2025-04-07T01:00,24.5,97,0.1,3.8,115
2025-04-07T02:00,24.3,96,0.0,6.2,98
2025-04-07T03:00,24.2,95,0.0,5.1,108
2025-04-07T04:00,23.9,96,0.0,6.6,123
2025-04-07T05:00,24.4,94,0.1,3.1,201
2025-04-07T06:00,24.6,96,0.0,2.8,72
2025-04-07T07:00,26.0,90,0.0,0.6,72
2025-04-07T08:00,27.7,83,0.0,2.7,247
2025-04-07T09:00,29.0,76,0.2,7.1,249
2025-04-07T10:00,29.4,74,0.2,10.4,261
2025-04-07T11:00,29.5,74,0.1,12.4,262
2025-04-07T12:00,29.6,75,0.2,14.4,266
2025-04-07T13:00,29.7,75,0.1,13.8,263
2025-04-07T14:00,28.8,77,0.1,10.5,264
2025-04-07T15:00,28.0,82,0.6,6.3,275
2025-04-07T16:00,28.0,82,0.2,4.7,266
2025-04-07T17:00,27.0,85,0.1,4.4,249
2025-04-07T18:00,28.4,83,0.0,1.8,307
2025-04-07T19:00,26.8,86,0.3,7.7,24
2025-04-07T20:00,25.2,92,0.6,10.7,115
2025-04-07T21:00,24.8,94,0.0,6.3,103
2025-04-07T22:00,25.1,92,0.0,1.4,23
2025-04-07T23:00,24.8,94,0.0,4.9,90
2025-04-08T00:00,24.6,95,0.0,2.0,153
2025-04-08T01:00,24.5,96,0.0,1.6,90
2025-04-08T02:00,24.6,97,0.0,1.6,84
2025-04-08T03:00,24.6,96,0.0,2.6,115
2025-04-08T04:00,24.3,97,0.0,3.6,99
2025-04-08T05:00,24.1,97,0.0,3.1,100
2025-04-08T06:00,24.8,93,0.0,2.3,119
2025-04-08T07:00,26.7,89,0.0,3.8,287
2025-04-08T08:00,28.4,80,0.0,4.3,272
2025-04-08T09:00,29.1,78,0.0,6.0,260
2025-04-08T10:00,29.7,76,0.0,5.6,266
2025-04-08T11:00,30.3,74,0.0,5.9,259
2025-04-08T12:00,30.5,73,0.1,8.8,258
2025-04-08T13:00,30.2,74,0.1,11.6,264
2025-04-08T14:00,30.4,74,0.1,9.6,254
2025-04-08T15:00,29.9,74,0.1,8.6,247
2025-04-08T16:00,29.7,73,0.0,7.3,260
2025-04-08T17:00,27.4,75,1.2,3.9,152
2025-04-08T18:00,28.8,78,0.0,7.5,287
2025-04-08T19:00,27.4,86,0.0,6.5,136
2025-04-08T20:00,25.8,93,0.1,6.4,98
2025-04-08T21:00,25.4,92,0.0,8.6,116
2025-04-08T22:00,25.2,92,0.0,5.8,120
2025-04-08T23:00,25.0,92,0.0,7.6,124
2025-04-09T00:00,25.0,91,0.0,6.7,126
2025-04-09T01:00,24.6,93,0.0,7.9,110
2025-04-09T02:00,24.3,94,0.0,5.9,130
2025-04-09T03:00,24.4,94,0.0,5.2,153
2025-04-09T04:00,24.6,94,0.0,4.6,162
2025-04-09T05:00,24.8,94,0.0,6.1,130
2025-04-09T06:00,25.5,95,0.0,3.9,133
2025-04-09T07:00,26.2,92,0.0,7.5,138
2025-04-09T08:00,26.9,87,0.1,6.7,142
2025-04-09T09:00,28.1,82,0.1,7.7,177
2025-04-09T10:00,28.9,79,0.1,9.2,219
2025-04-09T11:00,27.6,81,2.3,10.7,216
2025-04-09T12:00,28.8,75,0.3,12.2,221
2025-04-09T13:00,29.2,76,0.0,12.5,219
2025-04-09T14:00,29.4,74,0.0,14.7,220
2025-04-09T15:00,27.8,77,0.9,13.8,201
2025-04-09T16:00,27.4,82,0.5,12.3,214
2025-04-09T17:00,27.1,82,0.2,10.6,204
2025-04-09T18:00,27.2,86,0.2,5.8,194
2025-04-09T19:00,26.3,91,0.5,8.8,157
2025-04-09T20:00,25.5,93,1.4,9.1,139
2025-04-09T21:00,25.5,95,0.0,11.3,160
2025-04-09T22:00,25.6,94,0.0,9.0,183
2025-04-09T23:00,25.6,92,0.3,8.7,186
2025-04-10T00:00,25.3,92,0.6,7.9,179
2025-04-10T01:00,24.8,93,0.3,6.7,177
2025-04-10T02:00,24.7,95,0.1,6.5,172
2025-04-10T03:00,24.8,93,0.7,8.1,184
2025-04-10T04:00,24.8,95,0.3,7.4,198
2025-04-10T05:00,24.9,95,0.2,6.8,163
2025-04-10T06:00,24.4,93,4.4,7.9,192
2025-04-10T07:00,24.8,92,1.1,6.8,140
2025-04-10T08:00,25.1,92,0.4,8.1,198
2025-04-10T09:00,26.0,87,0.5,4.0,162
2025-04-10T10:00,26.0,87,0.9,10.6,249
2025-04-10T11:00,26.8,82,1.4,8.4,315
2025-04-10T12:00,25.8,85,1.1,7.7,239
2025-04-10T13:00,26.4,84,0.3,7.3,211
2025-04-10T14:00,27.1,80,0.3,13.1,217
2025-04-10T15:00,26.4,86,0.2,9.7,227
2025-04-10T16:00,26.1,84,0.7,9.9,228
2025-04-10T17:00,26.0,87,0.2,9.3,241
2025-04-10T18:00,25.9,90,0.2,3.0,155
2025-04-10T19:00,25.8,91,0.7,5.3,142
2025-04-10T20:00,25.1,93,0.4,9.7,121
2025-04-10T21:00,24.2,96,0.3,12.8,119
2025-04-10T22:00,24.4,94,0.2,12.4,137
2025-04-10T23:00,24.3,94,0.1,9.0,134
2025-04-11T00:00,24.4,93,0.0,10.0,150
2025-04-11T01:00,24.6,92,0.1,11.9,170
2025-04-11T02:00,24.9,94,0.2,10.9,172
2025-04-11T03:00,24.9,95,0.2,10.8,178
2025-04-11T04:00,24.9,95,0.4,9.4,188
2025-04-11T05:00,24.4,97,0.5,8.5,185
2025-04-11T06:00,26.2,91,0.0,7.0,192
2025-04-11T07:00,26.9,89,0.4,8.3,228
2025-04-11T08:00,26.1,86,3.0,11.5,209
2025-04-11T09:00,26.7,85,0.3,9.9,202
2025-04-11T10:00,27.2,81,1.1,12.0,234
2025-04-11T11:00,26.1,86,5.4,12.1,222
2025-04-11T12:00,26.0,85,0.6,12.7,213
2025-04-11T13:00,26.0,83,2.7,12.6,221
2025-04-11T14:00,26.1,85,1.2,12.4,221
2025-04-11T15:00,26.5,84,0.5,9.3,209
2025-04-11T16:00,26.0,87,0.3,10.7,205
2025-04-11T17:00,25.7,89,0.8,9.1,194
2025-04-11T18:00,25.4,90,0.0,13.5,172
2025-04-11T19:00,25.6,90,0.0,11.5,179
2025-04-11T20:00,25.8,90,0.0,12.5,191
2025-04-11T21:00,26.0,89,0.0,10.1,182
2025-04-11T22:00,25.4,93,0.1,8.6,182
2025-04-11T23:00,25.5,93,0.1,7.6,185
2025-04-12T00:00,25.5,93,0.1,8.1,192
2025-04-12T01:00,25.5,93,0.1,5.4,176
2025-04-12T02:00,25.3,91,0.3,4.8,195
2025-04-12T03:00,25.2,91,0.2,9.3,208
2025-04-12T04:00,25.3,90,0.1,13.2,227
2025-04-12T05:00,25.5,90,0.0,9.8,232
2025-04-12T06:00,25.7,93,0.0,3.8,267
2025-04-12T07:00,27.4,87,0.1,4.8,259
2025-04-12T08:00,28.6,78,0.1,7.0,249
2025-04-12T09:00,29.5,71,0.1,11.8,245
2025-04-12T10:00,30.1,69,0.0,13.8,244
2025-04-12T11:00,30.4,67,0.1,15.2,247
2025-04-12T12:00,30.4,67,0.1,15.8,249
2025-04-12T13:00,30.2,68,0.1,16.0,244
2025-04-12T14:00,29.9,69,0.3,15.7,245
2025-04-12T15:00,29.1,73,0.8,12.7,252
2025-04-12T16:00,27.1,82,1.8,6.2,234
2025-04-12T17:00,27.2,81,0.6,9.0,247
2025-04-12T18:00,27.1,83,0.1,4.0,252
2025-04-12T19:00,27.0,86,0.0,3.7,259
2025-04-12T20:00,25.9,94,0.1,4.8,292
2025-04-12T21:00,25.9,94,0.2,4.3,165
2025-04-12T22:00,25.7,95,0.1,6.4,151
2025-04-12T23:00,25.9,93,0.1,4.9,163
2025-04-13T00:00,25.8,94,0.2,5.8,202
2025-04-13T01:00,25.5,93,1.2,5.2,182
2025-04-13T02:00,25.4,92,0.8,6.0,229
2025-04-13T03:00,25.2,95,0.3,5.8,210
2025-04-13T04:00,25.2,94,0.1,7.6,194
2025-04-13T05:00,25.1,94,0.2,5.3,232
2025-04-13T06:00,25.4,95,0.1,5.1,157
2025-04-13T07:00,26.0,92,0.1,4.6,191
2025-04-13T08:00,27.2,87,0.2,5.7,221
2025-04-13T09:00,28.3,81,0.1,8.0,234
2025-04-13T10:00,28.9,77,0.1,9.8,239
2025-04-13T11:00,29.4,76,0.1,10.5,246
2025-04-13T12:00,29.7,74,0.0,12.0,252
2025-04-13T13:00,29.4,75,0.2,13.7,251
2025-04-13T14:00,29.2,75,0.4,13.9,257
2025-04-13T15:00,29.1,76,0.1,14.2,255
2025-04-13T16:00,28.5,77,0.1,11.4,257
2025-04-13T17:00,27.9,79,0.2,9.9,245
2025-04-13T18:00,28.4,82,0.0,7.1,229
2025-04-13T19:00,28.2,84,0.0,5.2,211
2025-04-13T20:00,27.9,87,0.0,4.4,207
2025-04-13T21:00,27.6,88,0.0,4.0,212
2025-04-13T22:00,27.2,89,0.0,3.7,231
2025-04-13T23:00,26.8,91,0.1,3.9,223
2025-04-14T00:00,26.5,92,0.1,6.5,214
2025-04-14T01:00,26.5,91,0.0,6.4,209
2025-04-14T02:00,26.3,92,0.3,4.7,227
2025-04-14T03:00,26.0,93,0.1,2.3,203
2025-04-14T04:00,25.8,93,0.2,3.3,167
2025-04-14T05:00,25.5,94,0.0,4.7,173
2025-04-14T06:00,25.7,97,0.1,3.9,103
2025-04-14T07:00,26.6,91,0.1,3.8,131
2025-04-14T08:00,27.3,88,0.1,2.5,150
2025-04-14T09:00,28.5,82,0.1,3.3,221
2025-04-14T10:00,29.2,78,0.1,5.4,250
2025-04-14T11:00,29.9,74,0.1,8.3,256
2025-04-14T12:00,29.8,75,0.1,9.6,250
2025-04-14T13:00,29.2,79,0.1,8.1,249
2025-04-14T14:00,29.9,75,0.1,8.4,233
2025-04-14T15:00,29.2,76,0.1,10.2,229
2025-04-14T16:00,28.3,81,0.1,7.7,208
2025-04-14T17:00,27.8,81,0.1,7.6,218
2025-04-14T18:00,27.1,90,0.0,8.0,171
2025-04-14T19:00,26.5,93,0.0,7.0,134
2025-04-14T20:00,25.7,93,0.0,7.6,117
2025-04-14T21:00,25.6,91,0.0,6.4,128
2025-04-14T22:00,25.8,90,0.0,5.0,193
2025-04-14T23:00,25.8,92,0.1,5.2,196
2025-04-15T00:00,25.8,94,0.1,5.7,193
2025-04-15T01:00,25.5,94,0.8,3.5,195
2025-04-15T02:00,25.0,94,0.3,2.4,193
2025-04-15T03:00,24.9,96,0.1,1.9,124
2025-04-15T04:00,24.5,98,0.0,2.3,72
2025-04-15T05:00,24.7,97,0.0,3.8,98
2025-04-15T06:00,24.8,94,0.0,4.1,90
2025-04-15T07:00,26.3,91,0.0,2.9,86
2025-04-15T08:00,28.2,81,0.0,1.7,131
2025-04-15T09:00,29.4,76,0.0,3.1,234
2025-04-15T10:00,30.3,71,0.1,5.5,243
2025-04-15T11:00,30.7,70,0.1,7.3,245
2025-04-15T12:00,30.9,71,0.0,8.9,245
2025-04-15T13:00,31.0,71,0.0,9.3,242
2025-04-15T14:00,30.4,74,0.0,11.0,252
2025-04-15T15:00,29.7,74,0.3,7.9,227
2025-04-15T16:00,28.6,80,0.1,2.3,212
2025-04-15T17:00,28.2,81,0.0,2.7,203
2025-04-15T18:00,26.5,87,0.1,6.8,102
2025-04-15T19:00,25.7,90,0.0,9.0,103
2025-04-15T20:00,26.2,87,0.0,6.8,138
2025-04-15T21:00,26.0,88,0.0,7.8,124
2025-04-15T22:00,25.5,90,0.0,7.3,123
2025-04-15T23:00,25.2,90,0.0,6.6,133
2025-04-16T00:00,25.0,90,0.0,6.5,124
2025-04-16T01:00,25.0,90,0.0,5.4,127
2025-04-16T02:00,24.9,90,0.0,5.3,128
2025-04-16T03:00,25.0,90,0.0,5.2,134
2025-04-16T04:00,25.2,89,0.0,7.3,138
2025-04-16T05:00,24.7,91,0.0,7.9,131
2025-04-16T06:00,24.8,91,0.0,5.1,82
2025-04-16T07:00,26.5,86,0.0,3.8,135
2025-04-16T08:00,28.4,79,0.0,3.0,166
2025-04-16T09:00,29.8,73,0.0,3.5,255
2025-04-16T10:00,30.7,69,0.0,6.7,265
2025-04-16T11:00,31.0,67,0.0,9.0,267
2025-04-16T12:00,31.1,67,0.0,9.9,271
2025-04-16T13:00,31.1,67,0.0,11.0,275
2025-04-16T14:00,30.9,68,0.1,11.5,272
2025-04-16T15:00,30.8,68,0.0,9.8,265
2025-04-16T16:00,30.2,69,0.0,8.0,260
2025-04-16T17:00,29.7,72,0.0,6.2,258
2025-04-16T18:00,29.1,77,0.0,5.2,264
2025-04-16T19:00,28.8,82,0.0,1.3,172
2025-04-16T20:00,28.2,84,0.0,1.8,143
2025-04-16T21:00,27.6,88,0.0,1.8,135
2025-04-16T22:00,27.1,91,0.0,2.7,138
2025-04-16T23:00,26.6,93,0.1,4.1,103
2025-04-17T00:00,26.3,91,0.1,2.2,66
2025-04-17T01:00,26.1,94,0.0,1.5,187
2025-04-17T02:00,25.8,96,0.0,1.7,162
2025-04-17T03:00,25.8,95,0.0,1.8,233
2025-04-17T04:00,25.5,96,0.0,2.0,100
2025-04-17T05:00,25.0,95,0.2,4.4,122
2025-04-17T06:00,26.2,95,0.0,5.7,167
2025-04-17T07:00,27.8,85,0.0,4.3,163
2025-04-17T08:00,29.3,76,0.0,5.4,184
2025-04-17T09:00,30.3,71,0.0,5.0,210
2025-04-17T10:00,31.2,65,0.1,6.2,237
2025-04-17T11:00,31.9,61,0.0,8.6,248
2025-04-17T12:00,32.2,59,0.0,11.0,255
2025-04-17T13:00,32.3,59,0.0,12.5,252
2025-04-17T14:00,31.4,63,0.0,12.2,246
2025-04-17T15:00,31.7,61,0.1,12.5,255
2025-04-17T16:00,31.0,62,0.1,11.8,249
2025-04-17T17:00,30.5,64,0.1,8.6,233
2025-04-17T18:00,30.0,67,0.0,4.2,200
2025-04-17T19:00,28.9,75,0.0,4.8,160
2025-04-17T20:00,28.0,83,0.0,4.0,148
2025-04-17T21:00,27.5,88,0.0,4.5,140
2025-04-17T22:00,27.2,90,0.0,4.8,124
2025-04-17T23:00,26.9,90,0.0,5.4,127
2025-04-18T00:00,26.6,90,0.0,6.6,119
2025-04-18T01:00,26.2,90,0.0,4.9,126
2025-04-18T02:00,25.9,90,0.1,6.1,208
2025-04-18T03:00,25.6,90,0.0,5.5,161
2025-04-18T04:00,25.6,89,0.0,7.3,160
2025-04-18T05:00,25.1,91,0.0,6.7,126
2025-04-18T06:00,25.6,89,0.0,6.2,126
2025-04-18T07:00,27.1,80,0.0,3.8,121
2025-04-18T08:00,28.9,73,0.0,5.1,163
2025-04-18T09:00,30.1,69,0.0,6.6,201
2025-04-18T10:00,31.3,64,0.0,8.7,217
2025-04-18T11:00,32.0,60,0.0,11.5,228
2025-04-18T12:00,31.9,59,0.0,12.2,232
2025-04-18T13:00,32.3,57,0.0,14.8,240
2025-04-18T14:00,32.0,58,0.0,15.9,241
2025-04-18T15:00,31.2,61,0.0,15.0,241
2025-04-18T16:00,30.8,62,0.0,14.8,233
2025-04-18T17:00,30.1,63,0.1,11.1,223
2025-04-18T18:00,29.7,66,0.2,8.0,214
2025-04-18T19:00,29.2,70,0.0,6.1,194
2025-04-18T20:00,28.5,76,0.0,7.2,176
2025-04-18T21:00,28.1,80,0.0,6.8,178
2025-04-18T22:00,27.7,84,0.0,5.6,182
2025-04-18T23:00,27.4,86,0.0,5.0,193
2025-04-19T00:00,27.2,88,0.1,6.1,192
2025-04-19T01:00,26.9,90,0.0,7.0,193
2025-04-19T02:00,26.7,91,0.1,5.7,208
2025-04-19T03:00,26.2,87,0.5,5.6,249
2025-04-19T04:00,26.4,86,0.2,5.2,186
2025-04-19T05:00,26.3,90,0.0,6.3,165
2025-04-19T06:00,26.8,87,0.0,7.9,177
2025-04-19T07:00,27.8,81,0.1,3.3,171
2025-04-19T08:00,29.4,71,0.2,7.1,218
2025-04-19T09:00,31.0,62,0.1,11.3,234
2025-04-19T10:00,31.6,59,0.0,13.9,237
2025-04-19T11:00,31.8,58,0.1,14.9,239
2025-04-19T12:00,31.8,58,0.1,15.4,241
2025-04-19T13:00,32.0,57,0.1,16.1,243
2025-04-19T14:00,31.6,59,0.1,15.5,245
2025-04-19T15:00,31.2,60,0.1,16.6,244
2025-04-19T16:00,30.4,62,0.1,14.3,237
2025-04-19T17:00,29.8,66,0.3,12.3,232
2025-04-19T18:00,29.9,67,0.1,10.3,224
2025-04-19T19:00,29.6,69,0.1,8.2,212
2025-04-19T20:00,28.8,74,0.2,6.2,202
2025-04-19T21:00,28.5,75,0.2,6.5,203
2025-04-19T22:00,28.2,75,0.5,6.3,204
2025-04-19T23:00,27.1,82,0.4,4.1,203
2025-04-20T00:00,25.6,88,0.6,5.1,157
2025-04-20T01:00,25.4,90,0.2,7.2,153
2025-04-20T02:00,25.4,91,0.0,5.8,175
2025-04-20T03:00,25.8,91,0.0,6.1,192
2025-04-20T04:00,25.7,92,0.0,6.5,188
2025-04-20T05:00,25.5,94,0.0,5.8,187
2025-04-20T06:00,26.6,88,0.0,6.7,174
2025-04-20T07:00,28.2,81,0.0,6.2,168
2025-04-20T08:00,29.4,73,0.3,8.8,211
2025-04-20T09:00,30.7,65,0.2,10.3,226
2025-04-20T10:00,31.4,61,0.1,12.4,236
2025-04-20T11:00,31.8,60,0.1,13.3,240
2025-04-20T12:00,31.9,60,0.1,15.1,242
2025-04-20T13:00,31.5,62,0.1,15.9,244
2025-04-20T14:00,31.9,61,0.1,14.5,239
2025-04-20T15:00,30.2,68,0.3,12.3,230
2025-04-20T16:00,29.6,70,0.1,12.3,226
2025-04-20T17:00,29.2,72,0.1,10.7,221
2025-04-20T18:00,28.6,78,0.1,9.7,211
2025-04-20T19:00,27.9,81,0.2,6.4,218
2025-04-20T20:00,27.7,84,0.6,5.6,197
2025-04-20T21:00,27.2,85,0.9,8.3,174
2025-04-20T22:00,26.5,90,0.2,8.0,157
2025-04-20T23:00,26.0,91,0.4,7.5,153
2025-04-21T00:00,25.7,91,0.2,5.4,186
2025-04-21T01:00,25.8,91,0.1,4.4,192
2025-04-21T02:00,25.9,92,0.0,4.2,170
2025-04-21T03:00,25.5,93,0.2,4.3,180
2025-04-21T04:00,25.5,94,0.1,4.7,157
2025-04-21T05:00,25.4,96,0.0,5.6,140
2025-04-21T06:00,25.2,96,0.0,4.7,171
2025-04-21T07:00,26.6,85,0.0,3.1,130
2025-04-21T08:00,27.8,81,0.0,3.8,172
2025-04-21T09:00,29.1,76,0.0,5.5,224
2025-04-21T10:00,29.7,73,0.0,7.8,232
2025-04-21T11:00,30.1,72,0.0,8.6,237
2025-04-21T12:00,30.1,72,0.0,8.5,226
2025-04-21T13:00,30.6,69,0.1,10.8,237
2025-04-21T14:00,30.2,69,0.1,10.5,237
2025-04-21T15:00,30.2,68,0.0,11.9,229
2025-04-21T16:00,29.4,72,0.1,11.7,229
2025-04-21T17:00,28.9,74,0.1,9.8,221
2025-04-21T18:00,28.3,79,0.0,5.3,215
2025-04-21T19:00,28.1,80,0.1,5.4,184
2025-04-21T20:00,27.6,87,0.0,4.6,169
2025-04-21T21:00,26.4,90,0.8,1.5,249
2025-04-21T22:00,26.2,90,0.3,5.5,234
2025-04-21T23:00,26.0,91,0.1,3.8,163
2025-04-22T00:00,25.4,96,0.2,5.0,120
2025-04-22T01:00,25.3,92,0.5,4.9,152
2025-04-22T02:00,25.3,94,0.1,6.7,164
2025-04-22T03:00,25.1,96,0.0,8.9,174
2025-04-22T04:00,25.0,96,0.1,6.6,189
2025-04-22T05:00,24.9,96,0.1,2.9,158
2025-04-22T06:00,24.4,94,0.0,6.1,137
2025-04-22T07:00,25.3,90,0.0,5.5,134
2025-04-22T08:00,27.2,80,0.0,3.8,191
2025-04-22T09:00,28.7,73,0.1,6.1,227
2025-04-22T10:00,29.7,68,0.0,8.7,240
2025-04-22T11:00,30.2,66,0.2,10.5,246
2025-04-22T12:00,30.5,65,0.1,13.0,246
2025-04-22T13:00,30.3,67,0.2,14.7,245
2025-04-22T14:00,29.9,70,0.1,14.8,244
2025-04-22T15:00,29.7,72,0.0,13.9,241
2025-04-22T16:00,29.2,74,0.0,12.3,240
2025-04-22T17:00,28.9,74,0.1,9.7,239
2025-04-22T18:00,28.8,78,0.5,5.7,217
2025-04-22T19:00,27.9,84,0.2,5.3,208
2025-04-22T20:00,27.7,86,0.3,2.7,203
2025-04-22T21:00,27.2,91,0.1,3.1,183
2025-04-22T22:00,26.7,93,0.1,8.6,181
2025-04-22T23:00,26.7,91,0.0,4.8,169
2025-04-23T00:00,26.3,92,0.2,2.9,187
2025-04-23T01:00,26.0,94,0.2,5.1,157
2025-04-23T02:00,25.3,98,0.2,0.4,270
2025-04-23T03:00,25.4,98,0.1,2.4,243
2025-04-23T04:00,25.2,98,0.1,5.2,115
2025-04-23T05:00,25.1,97,0.1,3.6,200
2025-04-23T06:00,24.9,93,0.0,6.3,97
2025-04-23T07:00,26.4,89,0.0,6.7,106
2025-04-23T08:00,28.4,79,0.0,4.8,138
2025-04-23T09:00,29.7,73,0.2,6.4,205
2025-04-23T10:00,30.4,69,0.3,9.6,223
2025-04-23T11:00,31.2,64,0.1,11.9,229
2025-04-23T12:00,31.4,61,0.1,14.2,238
2025-04-23T13:00,31.0,63,0.2,14.6,241
2025-04-23T14:00,30.4,64,0.1,15.9,242
2025-04-23T15:00,29.4,70,0.1,15.1,241
2025-04-23T16:00,29.2,72,0.0,11.1,233
2025-04-23T17:00,28.5,72,0.1,11.2,220
2025-04-23T18:00,27.9,80,0.0,5.7,208
2025-04-23T19:00,27.5,85,0.0,6.4,172
2025-04-23T20:00,26.7,89,0.1,6.5,174
2025-04-23T21:00,26.3,91,0.1,6.1,178
2025-04-23T22:00,26.2,90,0.1,6.9,143
2025-04-23T23:00,25.8,91,0.1,4.8,158
2025-04-24T00:00,25.8,92,0.2,2.1,218
2025-04-24T01:00,25.9,92,0.1,5.6,197
2025-04-24T02:00,25.8,93,0.1,7.1,174
2025-04-24T03:00,25.6,94,0.1,6.7,200
2025-04-24T04:00,25.5,94,0.1,7.0,183
2025-04-24T05:00,25.4,95,0.1,5.7,167
2025-04-24T06:00,26.1,92,0.6,4.4,192
2025-04-24T07:00,27.3,89,0.1,2.8,153
2025-04-24T08:00,28.9,80,0.2,6.5,204
2025-04-24T09:00,30.3,70,0.1,9.9,224
2025-04-24T10:00,30.9,66,0.0,13.6,240
2025-04-24T11:00,31.1,65,0.1,13.8,244
2025-04-24T12:00,31.3,64,0.2,13.6,247
2025-04-24T13:00,30.8,67,0.1,13.0,246
2025-04-24T14:00,29.5,69,0.4,13.2,239
2025-04-24T15:00,29.7,72,0.1,9.8,232
2025-04-24T16:00,29.4,70,0.0,9.7,223
2025-04-24T17:00,27.9,79,0.1,7.3,230
2025-04-24T18:00,28.2,82,0.6,6.5,180
2025-04-24T19:00,27.9,85,0.0,6.2,172
2025-04-24T20:00,27.6,87,0.0,4.8,169
2025-04-24T21:00,27.1,89,0.0,7.1,150
2025-04-24T22:00,26.6,91,0.0,7.6,135
2025-04-24T23:00,26.4,90,0.0,5.8,150
2025-04-25T00:00,26.2,91,0.0,4.0,159
2025-04-25T01:00,26.0,92,0.0,4.1,142
2025-04-25T02:00,25.8,93,0.0,3.6,120
2025-04-25T03:00,25.4,90,0.6,5.8,185
2025-04-25T04:00,25.5,91,0.0,5.4,127
2025-04-25T05:00,25.8,91,0.0,6.0,170
2025-04-25T06:00,25.0,94,0.1,8.2,139
2025-04-25T07:00,26.1,88,0.0,4.8,135
2025-04-25T08:00,27.7,83,0.0,3.9,156
2025-04-25T09:00,29.1,77,0.0,4.4,218
2025-04-25T10:00,30.1,73,0.1,6.1,204
2025-04-25T11:00,30.3,72,0.1,7.7,233
2025-04-25T12:00,30.2,72,0.1,6.2,234
2025-04-25T13:00,30.3,70,0.0,7.3,247
2025-04-25T14:00,30.2,66,0.3,9.9,237
2025-04-25T15:00,29.7,73,0.3,6.5,222
2025-04-25T16:00,29.1,76,0.1,6.5,208
2025-04-25T17:00,27.5,82,0.8,5.2,205
2025-04-25T18:00,27.5,82,2.8,6.0,224
2025-04-25T19:00,26.3,91,2.6,6.8,102
2025-04-25T20:00,25.4,96,0.0,10.2,103
2025-04-25T21:00,25.0,95,0.0,6.2,105
2025-04-25T22:00,24.9,95,0.0,7.4,119
2025-04-25T23:00,24.9,93,0.0,5.7,118
2025-04-26T00:00,24.8,93,0.0,6.2,131
2025-04-26T01:00,24.7,93,0.0,6.5,120
2025-04-26T02:00,24.7,92,0.0,6.5,138
2025-04-26T03:00,24.7,92,0.0,6.7,156
2025-04-26T04:00,24.8,92,0.0,7.7,169
2025-04-26T05:00,24.8,94,0.0,8.4,161
2025-04-26T06:00,25.2,92,0.0,8.9,132
2025-04-26T07:00,27.0,85,0.0,6.3,160
2025-04-26T08:00,28.2,81,0.1,6.8,191
2025-04-26T09:00,29.2,75,0.1,10.0,221
2025-04-26T10:00,29.8,71,0.1,9.8,218
2025-04-26T11:00,30.3,71,0.0,11.6,224
2025-04-26T12:00,30.0,72,0.0,13.8,237
2025-04-26T13:00,30.4,68,0.1,11.4,233
2025-04-26T14:00,30.9,64,0.0,12.6,241
2025-04-26T15:00,30.1,67,0.3,12.9,240
2025-04-26T16:00,29.1,73,0.1,5.6,205
2025-04-26T17:00,28.4,74,0.1,8.0,198
2025-04-26T18:00,28.6,71,0.5,1.8,307
2025-04-26T19:00,27.6,76,0.0,3.4,198
2025-04-26T20:00,27.5,79,0.0,5.3,198
2025-04-26T21:00,27.2,80,0.0,7.8,167
2025-04-26T22:00,26.6,84,0.0,7.1,173
2025-04-26T23:00,26.2,87,0.0,6.6,137
2025-04-27T00:00,25.7,91,0.0,6.0,136
2025-04-27T01:00,25.5,92,0.0,5.9,145
2025-04-27T02:00,25.5,91,0.0,6.1,166
2025-04-27T03:00,25.3,91,0.8,7.9,159
2025-04-27T04:00,24.9,92,0.0,7.8,143
2025-04-27T05:00,24.8,91,0.0,8.0,144
2025-04-27T06:00,26.1,92,1.1,3.8,191
2025-04-27T07:00,26.2,87,3.1,7.1,201
2025-04-27T08:00,26.9,82,0.4,9.1,190
2025-04-27T09:00,27.8,80,0.1,9.0,182
2025-04-27T10:00,28.8,76,0.0,6.5,199
2025-04-27T11:00,29.6,72,0.0,7.5,217
2025-04-27T12:00,30.4,68,0.0,8.7,220
2025-04-27T13:00,30.9,65,0.0,10.4,233
2025-04-27T14:00,30.1,65,0.5,12.1,230
2025-04-27T15:00,29.9,68,0.4,10.4,228
2025-04-27T16:00,29.1,72,0.5,9.3,223
2025-04-27T17:00,28.7,75,0.0,7.5,220
2025-04-27T18:00,29.5,69,0.0,5.9,230
2025-04-27T19:00,29.1,70,0.0,2.4,189
2025-04-27T20:00,28.3,76,0.0,5.4,90
2025-04-27T21:00,27.3,84,0.1,5.0,92
2025-04-27T22:00,27.1,87,0.0,6.9,165
2025-04-27T23:00,26.8,88,0.0,6.4,169
2025-04-28T00:00,26.6,87,0.0,6.7,174
2025-04-28T01:00,26.4,88,0.0,7.7,156
2025-04-28T02:00,25.7,91,0.0,7.3,150
2025-04-28T03:00,25.5,92,0.0,7.3,152
2025-04-28T04:00,25.3,90,0.1,9.4,156
2025-04-28T05:00,25.4,88,0.0,7.3,164
2025-04-28T06:00,26.3,92,0.0,8.5,193
2025-04-28T07:00,27.1,83,0.0,10.4,200
2025-04-28T08:00,28.0,78,0.0,10.5,175
2025-04-28T09:00,29.5,70,0.0,11.5,181
2025-04-28T10:00,30.1,68,0.1,11.7,184
2025-04-28T11:00,30.8,65,0.1,11.6,195
2025-04-28T12:00,31.3,63,0.0,12.6,209
2025-04-28T13:00,31.2,62,0.0,14.8,221
2025-04-28T14:00,30.9,62,0.0,14.6,214
2025-04-28T15:00,30.4,65,0.1,14.8,217
2025-04-28T16:00,29.4,70,0.1,12.2,202
2025-04-28T17:00,28.8,72,0.1,9.9,182
2025-04-28T18:00,26.3,89,2.0,10.3,102
2025-04-28T19:00,26.3,89,0.9,4.7,148
2025-04-28T20:00,26.4,91,0.0,4.8,132
2025-04-28T21:00,26.3,92,0.0,6.0,127
2025-04-28T22:00,25.9,94,0.0,4.5,88
2025-04-28T23:00,25.7,93,0.4,5.7,193
2025-04-29T00:00,26.0,92,0.0,8.0,153
2025-04-29T01:00,25.6,94,0.0,8.4,164
2025-04-29T02:00,25.6,90,0.1,8.5,176
2025-04-29T03:00,24.0,96,5.1,9.8,133
2025-04-29T04:00,24.3,95,0.1,9.2,164
2025-04-29T05:00,24.5,96,0.1,8.7,148
2025-04-29T06:00,25.5,88,0.0,9.7,151
2025-04-29T07:00,26.8,83,0.0,9.3,152
2025-04-29T08:00,28.6,75,0.0,9.6,164
2025-04-29T09:00,30.3,67,0.0,9.9,177
2025-04-29T10:00,31.3,63,0.0,11.8,196
2025-04-29T11:00,31.9,61,0.0,13.5,205
2025-04-29T12:00,31.5,63,0.0,15.5,208
2025-04-29T13:00,30.6,66,0.1,17.6,195
2025-04-29T14:00,30.5,66,0.2,15.6,199
2025-04-29T15:00,29.8,69,0.1,12.0,192
2025-04-29T16:00,28.7,71,1.4,11.0,201
2025-04-29T17:00,27.3,80,1.2,7.4,202
2025-04-29T18:00,28.5,76,0.0,12.3,184
2025-04-29T19:00,27.8,80,0.1,9.9,175
2025-04-29T20:00,26.9,84,0.5,10.3,181
2025-04-29T21:00,25.8,91,1.6,9.3,164
2025-04-29T22:00,25.8,91,0.0,9.6,166
2025-04-29T23:00,25.9,91,0.0,10.7,166
2025-04-30T00:00,25.6,94,0.0,11.2,159
2025-04-30T01:00,25.1,93,0.3,10.0,154
2025-04-30T02:00,25.3,91,0.1,11.2,162
2025-04-30T03:00,25.2,92,0.0,11.1,157
2025-04-30T04:00,24.9,93,0.0,11.0,155
2025-04-30T05:00,24.9,93,0.0,10.1,147
2025-04-30T06:00,25.5,91,0.0,12.7,150
2025-04-30T07:00,26.3,86,0.0,13.8,168
2025-04-30T08:00,27.3,81,0.5,13.5,184
2025-04-30T09:00,28.3,76,0.2,12.6,200
2025-04-30T10:00,28.7,74,0.2,13.3,212
2025-04-30T11:00,29.1,74,0.2,13.1,228
2025-04-30T12:00,29.3,73,0.2,10.9,225
2025-04-30T13:00,27.3,80,6.0,13.1,217
2025-04-30T14:00,26.1,86,4.5,13.1,217
2025-04-30T15:00,25.9,86,0.6,8.6,191
2025-04-30T16:00,26.1,86,0.6,8.5,176
2025-04-30T17:00,25.9,87,0.3,11.2,191
2025-04-30T18:00,26.0,92,0.2,8.1,184
2025-04-30T19:00,25.6,92,0.1,8.4,164
2025-04-30T20:00,25.4,94,0.1,12.6,167
2025-04-30T21:00,25.4,94,0.1,11.7,169
2025-04-30T22:00,25.1,95,0.0,10.2,143
2025-04-30T23:00,24.7,95,0.0,9.2,149
2025-05-01T00:00,24.8,94,0.0,8.1,155
2025-05-01T01:00,24.8,93,0.0,8.8,149
2025-05-01T02:00,24.9,93,0.1,9.7,151
2025-05-01T03:00,24.8,95,0.1,8.8,154
2025-05-01T04:00,24.9,95,0.0,7.7,149
2025-05-01T05:00,24.7,95,0.0,7.3,118
2025-05-01T06:00,25.3,94,0.0,9.1,142
2025-05-01T07:00,26.2,90,0.0,8.9,140
2025-05-01T08:00,27.6,84,0.0,9.1,155
2025-05-01T09:00,28.9,77,0.1,10.2,187
2025-05-01T10:00,29.8,75,0.0,10.0,200
2025-05-01T11:00,30.4,73,0.0,10.5,205
2025-05-01T12:00,30.3,72,0.0,11.5,214
2025-05-01T13:00,29.9,74,0.0,13.5,216
2025-05-01T14:00,29.1,76,0.2,13.5,205
2025-05-01T15:00,28.7,79,0.5,13.1,216
2025-05-01T16:00,28.2,81,0.2,12.0,210
2025-05-01T17:00,28.1,81,0.0,11.3,207
2025-05-01T18:00,28.4,81,0.0,11.6,217
2025-05-01T19:00,28.2,83,0.0,10.3,216
2025-05-01T20:00,28.0,84,0.0,7.8,202
2025-05-01T21:00,27.4,87,0.1,6.7,188
2025-05-01T22:00,27.0,90,0.1,5.5,171
2025-05-01T23:00,26.5,92,0.1,3.9,146
2025-05-02T00:00,25.8,95,0.1,6.1,156
2025-05-02T01:00,25.7,95,0.1,4.7,130
2025-05-02T02:00,25.5,94,0.1,6.4,126
2025-05-02T03:00,25.5,93,0.1,4.9,126
2025-05-02T04:00,25.5,93,0.0,6.2,128
2025-05-02T05:00,25.5,93,0.0,6.9,137
2025-05-02T06:00,25.3,94,0.0,7.6,135
2025-05-02T07:00,26.8,88,0.0,6.1,148
2025-05-02T08:00,28.3,82,0.0,6.8,178
2025-05-02T09:00,29.4,78,0.0,7.3,187
2025-05-02T10:00,30.2,73,0.0,7.9,201
2025-05-02T11:00,30.8,70,0.0,9.0,215
2025-05-02T12:00,31.1,68,0.0,10.4,217
2025-05-02T13:00,30.7,69,0.0,11.8,214
2025-05-02T14:00,29.9,68,0.7,12.0,208
2025-05-02T15:00,29.5,70,1.5,12.3,202
2025-05-02T16:00,28.7,76,0.9,9.9,183
2025-05-02T17:00,28.6,77,0.2,7.6,184
2025-05-02T18:00,28.6,75,0.0,7.5,200
2025-05-02T19:00,28.1,80,0.0,7.0,190
2025-05-02T20:00,27.7,83,0.0,7.7,196
2025-05-02T21:00,27.5,85,0.0,5.9,194
2025-05-02T22:00,27.1,88,0.0,4.6,191
2025-05-02T23:00,26.8,91,0.0,4.2,170
2025-05-03T00:00,26.4,92,0.1,5.2,182
2025-05-03T01:00,26.2,94,0.1,4.9,182
2025-05-03T02:00,25.9,95,0.1,3.8,191
2025-05-03T03:00,25.6,93,0.7,4.5,151
2025-05-03T04:00,25.4,94,0.3,5.1,170
2025-05-03T05:00,25.6,94,0.0,4.4,161
2025-05-03T06:00,25.5,93,0.6,4.6,159
2025-05-03T07:00,26.3,85,1.1,1.1,162
2025-05-03T08:00,27.0,85,0.1,5.9,191
2025-05-03T09:00,28.2,80,0.0,6.0,213
2025-05-03T10:00,29.1,76,0.0,6.7,234
2025-05-03T11:00,29.9,72,0.0,9.6,237
2025-05-03T12:00,29.8,74,0.1,11.0,238
2025-05-03T13:00,29.5,76,0.0,10.9,236
2025-05-03T14:00,29.9,72,0.1,11.7,232
2025-05-03T15:00,28.7,77,3.2,8.7,214
2025-05-03T16:00,28.5,78,0.1,8.5,216
2025-05-03T17:00,26.7,87,3.5,8.3,210
2025-05-03T18:00,28.4,80,0.0,8.0,242
2025-05-03T19:00,27.8,84,0.1,6.0,221
2025-05-03T20:00,27.3,87,0.2,7.8,209
2025-05-03T21:00,27.2,86,0.1,6.5,246
2025-05-03T22:00,26.2,89,0.1,10.3,207
2025-05-03T23:00,25.9,89,0.0,6.5,177
2025-05-04T00:00,25.8,90,0.0,5.9,182
2025-05-04T01:00,25.7,91,0.2,5.8,194
2025-05-04T02:00,25.5,93,0.1,5.8,184
2025-05-04T03:00,25.2,94,0.1,7.4,187
2025-05-04T04:00,25.1,95,0.0,4.8,165
2025-05-04T05:00,24.8,96,0.0,3.6,108
2025-05-04T06:00,26.2,93,0.0,2.9,90
2025-05-04T07:00,27.7,84,0.0,2.6,115
2025-05-04T08:00,28.9,77,0.0,4.1,236
2025-05-04T09:00,30.1,72,0.1,7.2,243
2025-05-04T10:00,31.1,68,0.1,8.6,244
2025-05-04T11:00,31.5,66,0.1,10.2,249
2025-05-04T12:00,31.9,64,0.0,11.3,250
2025-05-04T13:00,32.1,63,0.0,13.4,244
2025-05-04T14:00,31.1,66,0.0,11.8,243
2025-05-04T15:00,31.3,59,0.4,12.5,243
2025-05-04T16:00,30.0,69,0.7,9.5,233
2025-05-04T17:00,29.8,69,0.1,7.9,225
2025-05-04T18:00,29.6,75,0.0,7.1,207
2025-05-04T19:00,28.9,80,0.0,5.6,187
2025-05-04T20:00,28.2,84,0.1,3.6,171
2025-05-04T21:00,27.5,88,0.0,5.5,167
2025-05-04T22:00,27.0,91,0.0,7.0,162
2025-05-04T23:00,26.8,91,0.0,6.8,155
2025-05-05T00:00,26.6,92,0.0,6.7,149
2025-05-05T01:00,26.5,92,0.0,5.3,142
2025-05-05T02:00,26.1,93,0.0,4.2,162
2025-05-05T03:00,25.8,95,0.0,1.1,171
2025-05-05T04:00,25.7,95,0.1,3.6,171
2025-05-05T05:00,25.8,94,0.0,4.7,157
2025-05-05T06:00,26.5,93,0.0,4.5,187
2025-05-05T07:00,27.5,86,0.1,4.0,231
2025-05-05T08:00,28.7,80,0.1,3.9,254
2025-05-05T09:00,29.6,75,0.1,6.9,229
2025-05-05T10:00,30.7,70,0.0,9.1,231
2025-05-05T11:00,31.2,67,0.0,12.5,231
2025-05-05T12:00,31.4,66,0.0,13.9,231
2025-05-05T13:00,31.2,67,0.0,15.0,228
2025-05-05T14:00,31.1,68,0.0,15.6,230
2025-05-05T15:00,30.7,70,0.0,15.1,231
2025-05-05T16:00,30.1,72,0.0,14.5,235
2025-05-05T17:00,28.5,76,1.2,11.8,227
2025-05-05T18:00,29.9,73,0.0,10.7,229
2025-05-05T19:00,29.1,77,0.0,7.1,214
2025-05-05T20:00,28.0,82,0.1,4.3,178
2025-05-05T21:00,27.6,85,0.1,5.8,154
2025-05-05T22:00,26.8,89,0.1,3.2,93
2025-05-05T23:00,26.5,91,0.0,4.8,121
2025-05-06T00:00,26.2,91,0.0,5.9,104
2025-05-06T01:00,25.8,93,0.1,3.1,140
2025-05-06T02:00,25.9,92,0.1,5.2,153
2025-05-06T03:00,25.6,91,0.1,4.0,144
2025-05-06T04:00,25.7,91,0.1,5.8,158
2025-05-06T05:00,25.7,91,0.0,5.3,172
2025-05-06T06:00,25.8,89,0.0,6.9,147
2025-05-06T07:00,27.3,85,0.0,6.9,165
2025-05-06T08:00,28.5,79,0.0,8.4,199
2025-05-06T09:00,29.8,73,0.0,8.9,205
2025-05-06T10:00,30.7,70,0.0,10.2,219
2025-05-06T11:00,31.4,67,0.0,11.6,222
2025-05-06T12:00,31.5,67,0.0,12.9,226
2025-05-06T13:00,30.8,69,0.1,14.9,228
2025-05-06T14:00,30.6,70,0.1,14.5,218
2025-05-06T15:00,30.5,67,0.0,13.9,220
2025-05-06T16:00,29.6,71,0.2,11.0,214
2025-05-06T17:00,28.5,76,0.0,12.0,198
2025-05-06T18:00,29.4,72,0.8,8.2,194
2025-05-06T19:00,28.0,82,0.0,7.7,156
2025-05-06T20:00,26.9,85,0.0,8.9,140
2025-05-06T21:00,26.9,84,0.0,6.9,147
2025-05-06T22:00,26.5,87,0.0,7.2,162
2025-05-06T23:00,26.5,89,0.0,5.8,160
2025-05-07T00:00,26.2,91,0.0,7.1,161
2025-05-07T01:00,26.2,90,0.2,7.3,211
2025-05-07T02:00,26.2,87,0.1,12.3,210
2025-05-07T03:00,24.8,90,1.7,5.1,157
2025-05-07T04:00,24.0,96,4.8,5.9,140
2025-05-07T05:00,23.9,95,1.1,8.9,133
2025-05-07T06:00,26.6,93,0.0,5.6,237
2025-05-07T07:00,27.3,86,0.1,8.5,218
2025-05-07T08:00,28.2,80,0.1,9.1,229
2025-05-07T09:00,29.3,75,0.1,9.8,239
2025-05-07T10:00,29.7,72,0.2,13.0,248
2025-05-07T11:00,30.5,69,0.1,12.3,245
2025-05-07T12:00,29.8,73,0.3,14.2,244
2025-05-07T13:00,26.7,80,2.2,15.3,217
2025-05-07T14:00,26.5,84,3.8,7.7,219
2025-05-07T15:00,26.0,85,0.5,11.3,233
2025-05-07T16:00,26.4,84,0.2,4.8,239
2025-05-07T17:00,26.8,83,0.2,10.1,197
2025-05-07T18:00,25.2,92,1.2,8.1,184
2025-05-07T19:00,25.2,96,1.8,4.6,149
2025-05-07T20:00,24.9,98,0.9,5.1,190
2025-05-07T21:00,25.0,98,0.4,5.6,140
2025-05-07T22:00,25.0,95,0.2,9.2,125
2025-05-07T23:00,24.5,96,0.1,6.1,120
2025-05-08T00:00,24.7,96,0.0,6.6,112
2025-05-08T01:00,24.8,94,0.0,5.9,117
2025-05-08T02:00,25.0,94,0.1,5.0,136
2025-05-08T03:00,25.0,94,0.1,3.3,144
2025-05-08T04:00,24.8,97,0.2,4.4,300
2025-05-08T05:00,24.8,98,0.2,1.5,120
2025-05-08T06:00,26.4,89,0.3,6.2,195
2025-05-08T07:00,27.5,88,0.1,7.1,225
2025-05-08T08:00,28.7,77,0.1,11.2,240
2025-05-08T09:00,29.3,72,0.1,13.9,250
2025-05-08T10:00,29.5,71,1.7,9.2,268
2025-05-08T11:00,30.4,67,0.1,12.7,255
2025-05-08T12:00,30.1,68,0.4,11.6,254
2025-05-08T13:00,30.6,65,0.1,13.6,258
2025-05-08T14:00,30.5,61,0.0,12.2,262
2025-05-08T15:00,30.4,64,0.0,11.5,253
2025-05-08T16:00,29.6,68,0.0,10.5,264
2025-05-08T17:00,29.0,74,0.0,9.7,255
2025-05-08T18:00,27.3,83,0.3,4.0,98
2025-05-08T19:00,26.0,93,0.3,7.8,98
2025-05-08T20:00,25.6,93,0.0,7.8,112
2025-05-08T21:00,25.6,90,0.0,6.0,129
2025-05-08T22:00,25.5,90,0.0,4.5,124
2025-05-08T23:00,25.2,91,0.0,5.4,120
2025-05-09T00:00,25.0,91,0.0,6.1,120
2025-05-09T01:00,24.9,90,0.0,5.2,124
2025-05-09T02:00,24.9,90,0.0,3.7,129
2025-05-09T03:00,25.0,90,0.0,4.0,120
2025-05-09T04:00,25.0,90,0.0,3.9,124
2025-05-09T05:00,25.2,89,0.0,4.0,122
2025-05-09T06:00,25.6,88,0.0,4.7,130
2025-05-09T07:00,27.5,85,0.0,3.5,168
2025-05-09T08:00,29.2,79,0.1,4.7,238
2025-05-09T09:00,30.2,73,0.1,10.7,254
2025-05-09T10:00,30.7,71,0.0,11.8,257
2025-05-09T11:00,30.8,70,0.0,13.5,257
2025-05-09T12:00,30.9,70,0.1,14.6,256
2025-05-09T13:00,31.1,69,0.0,12.9,255
2025-05-09T14:00,30.6,69,0.0,13.2,258
2025-05-09T15:00,30.6,69,0.0,13.2,256
2025-05-09T16:00,30.0,71,0.0,8.9,241
2025-05-09T17:00,29.2,76,0.0,6.5,236
2025-05-09T18:00,28.8,78,0.0,6.9,239
2025-05-09T19:00,28.3,82,0.0,5.6,207
2025-05-09T20:00,27.8,85,0.0,5.3,192
2025-05-09T21:00,27.5,88,0.0,5.4,195
2025-05-09T22:00,27.3,88,0.0,5.4,206
2025-05-09T23:00,27.0,90,0.0,5.0,199
2025-05-10T00:00,26.6,93,0.0,5.3,192
2025-05-10T01:00,26.5,94,0.0,5.4,188
2025-05-10T02:00,26.1,95,0.1,7.6,176
2025-05-10T03:00,25.0,97,0.7,5.1,174
2025-05-10T04:00,25.3,96,0.1,2.5,172
2025-05-10T05:00,25.7,94,0.4,5.0,180
2025-05-10T06:00,27.5,87,0.0,8.5,235
2025-05-10T07:00,28.6,81,0.0,6.0,237
2025-05-10T08:00,29.6,75,0.1,6.9,250
2025-05-10T09:00,30.3,69,0.1,8.7,253
2025-05-10T10:00,30.7,68,0.1,11.6,263
2025-05-10T11:00,31.2,66,0.0,11.9,267
2025-05-10T12:00,31.2,66,0.1,13.5,269
2025-05-10T13:00,31.1,67,0.0,14.2,270
2025-05-10T14:00,30.8,68,0.0,15.7,272
2025-05-10T15:00,30.4,70,0.0,15.3,267
2025-05-10T16:00,30.1,71,0.0,13.9,266
2025-05-10T17:00,29.4,74,0.0,11.6,262
2025-05-10T18:00,28.8,81,0.0,6.9,261
2025-05-10T19:00,28.5,83,0.0,7.1,243
2025-05-10T20:00,28.4,84,0.0,8.7,232
2025-05-10T21:00,28.3,84,0.0,8.7,223
2025-05-10T22:00,28.2,84,0.0,8.4,225
2025-05-10T23:00,27.9,85,0.0,8.0,226
2025-05-11T00:00,27.6,87,0.0,8.7,228
2025-05-11T01:00,27.1,88,0.3,8.7,225
2025-05-11T02:00,27.1,88,0.1,7.3,210
2025-05-11T03:00,26.2,91,0.1,9.0,213
2025-05-11T04:00,26.5,88,0.5,5.3,162
2025-05-11T05:00,25.7,93,0.1,2.9,158
2025-05-11T06:00,26.5,89,0.0,4.8,153
2025-05-11T07:00,28.0,87,0.0,4.4,189
2025-05-11T08:00,29.4,78,0.0,5.8,231
2025-05-11T09:00,30.4,65,0.1,11.7,252
2025-05-11T10:00,30.9,64,0.0,13.2,250
2025-05-11T11:00,31.2,63,0.0,13.2,248
2025-05-11T12:00,31.4,63,0.0,14.6,250
2025-05-11T13:00,31.1,65,0.0,16.0,251
2025-05-11T14:00,30.9,66,0.0,15.9,250
2025-05-11T15:00,30.5,67,0.0,15.2,248
2025-05-11T16:00,30.1,68,0.0,14.0,250
2025-05-11T17:00,29.5,70,0.0,13.1,247
2025-05-11T18:00,28.9,75,0.0,11.0,230
2025-05-11T19:00,28.6,77,0.0,10.8,227
2025-05-11T20:00,28.4,78,0.0,8.6,217
2025-05-11T21:00,28.0,81,0.0,8.0,216
2025-05-11T22:00,27.9,81,0.0,9.4,230
2025-05-11T23:00,27.8,80,0.0,9.9,233
2025-05-12T00:00,27.4,82,0.0,10.0,236
2025-05-12T01:00,27.1,84,0.3,9.5,243
2025-05-12T02:00,26.5,87,0.1,8.6,248
2025-05-12T03:00,26.3,88,0.2,6.7,250
2025-05-12T04:00,25.1,95,0.5,1.7,252
2025-05-12T05:00,25.4,93,0.3,2.8,117
2025-05-12T06:00,26.4,89,0.3,1.8,270
2025-05-12T07:00,27.7,85,0.5,4.6,244
2025-05-12T08:00,28.8,80,0.2,6.5,251
2025-05-12T09:00,30.0,71,0.1,11.9,264
2025-05-12T10:00,30.5,69,0.1,13.0,264
2025-05-12T11:00,30.8,68,0.1,13.2,266
2025-05-12T12:00,31.3,66,0.1,15.1,262
2025-05-12T13:00,31.3,65,0.1,16.7,263
2025-05-12T14:00,31.1,64,0.0,18.1,260
2025-05-12T15:00,31.1,64,0.1,18.3,259
2025-05-12T16:00,30.5,66,0.2,18.4,253
2025-05-12T17:00,30.1,67,0.0,16.5,252
2025-05-12T18:00,28.2,81,0.5,4.8,236
2025-05-12T19:00,27.0,88,0.7,3.4,162
2025-05-12T20:00,26.4,91,0.1,6.5,146
2025-05-12T21:00,26.0,94,0.0,4.7,176
2025-05-12T22:00,25.9,94,0.1,4.3,152
2025-05-12T23:00,25.9,94,0.0,4.9,156
2025-05-13T00:00,25.5,94,0.1,5.0,145
2025-05-13T01:00,25.5,93,0.1,4.8,151
2025-05-13T02:00,25.9,92,0.2,2.7,98
2025-05-13T03:00,25.6,93,0.4,2.4,228
2025-05-13T04:00,25.6,95,0.7,4.0,249
2025-05-13T05:00,25.5,94,0.6,9.1,232
2025-05-13T06:00,27.9,79,0.0,12.4,249
2025-05-13T07:00,28.4,79,0.4,8.5,232
2025-05-13T08:00,26.9,83,1.1,13.1,257
2025-05-13T09:00,27.8,81,0.9,3.2,207
2025-05-13T10:00,29.2,79,0.3,4.4,232
2025-05-13T11:00,29.7,77,0.4,9.1,248
2025-05-13T12:00,29.4,77,0.2,12.9,255
2025-05-13T13:00,30.0,74,0.2,14.1,256
2025-05-13T14:00,30.3,74,0.1,12.8,254
2025-05-13T15:00,29.7,75,0.2,13.8,259
2025-05-13T16:00,29.8,74,0.1,13.1,254
2025-05-13T17:00,28.6,79,0.2,12.5,249
2025-05-13T18:00,28.9,80,0.3,12.3,245
2025-05-13T19:00,28.5,83,0.0,10.2,234
2025-05-13T20:00,28.6,80,0.1,13.2,238
2025-05-13T21:00,28.9,78,0.0,12.4,239
2025-05-13T22:00,27.5,84,0.2,10.3,237
2025-05-13T23:00,26.8,87,1.1,2.4,257
2025-05-14T00:00,26.3,91,0.6,5.0,218
2025-05-14T01:00,26.2,91,1.5,2.4,207
2025-05-14T02:00,25.5,97,0.7,2.2,336
2025-05-14T03:00,25.7,96,1.0,0.8,207
2025-05-14T04:00,25.9,95,0.3,2.3,90
2025-05-14T05:00,25.5,93,0.9,5.9,45
2025-05-14T06:00,26.8,90,0.3,5.9,322
2025-05-14T07:00,27.4,88,0.5,1.6,90
2025-05-14T08:00,28.7,84,0.5,2.2,279
2025-05-14T09:00,29.9,73,0.5,6.6,292
2025-05-14T10:00,31.1,68,0.4,12.5,255
2025-05-14T11:00,31.4,69,0.0,12.6,257
2025-05-14T12:00,31.5,66,0.1,13.8,253
2025-05-14T13:00,31.4,66,0.0,16.7,249
2025-05-14T14:00,30.7,69,0.2,19.9,252
2025-05-14T15:00,30.0,73,0.3,19.8,249
2025-05-14T16:00,28.8,76,0.4,14.3,249
2025-05-14T17:00,27.7,81,1.0,13.8,230
2025-05-14T18:00,27.7,85,0.1,6.9,231
2025-05-14T19:00,26.6,90,0.3,4.3,135
2025-05-14T20:00,26.4,92,0.2,3.5,171
2025-05-14T21:00,26.4,94,0.2,4.4,173
2025-05-14T22:00,25.9,97,0.3,6.2,172
2025-05-14T23:00,25.3,98,0.5,6.5,109
2025-05-15T00:00,25.3,96,0.2,7.5,132
2025-05-15T01:00,24.9,97,0.1,7.7,123
2025-05-15T02:00,25.2,95,0.2,4.6,121
2025-05-15T03:00,25.5,94,0.2,5.4,138
2025-05-15T04:00,25.7,93,0.2,2.7,118
2025-05-15T05:00,25.8,93,0.2,3.2,133
2025-05-15T06:00,27.5,89,0.0,4.8,255
2025-05-15T07:00,28.7,83,0.0,5.8,254
2025-05-15T08:00,29.7,72,0.0,10.6,269
2025-05-15T09:00,30.3,68,0.0,13.7,265
2025-05-15T10:00,30.5,68,0.1,14.4,262
2025-05-15T11:00,30.9,66,0.2,16.3,265
2025-05-15T12:00,31.1,68,0.3,14.3,264
2025-05-15T13:00,31.1,68,0.0,15.1,261
2025-05-15T14:00,30.7,68,0.0,17.3,262
2025-05-15T15:00,30.3,70,0.1,17.1,262
2025-05-15T16:00,29.7,72,0.1,14.4,258
2025-05-15T17:00,28.9,76,0.2,15.1,250
2025-05-15T18:00,28.6,77,0.1,12.3,230
2025-05-15T19:00,27.2,86,0.0,6.8,238
2025-05-15T20:00,27.5,88,0.1,2.1,232
2025-05-15T21:00,27.3,88,0.0,4.4,232
2025-05-15T22:00,27.0,89,0.0,4.3,222
2025-05-15T23:00,26.9,89,0.3,4.3,228
2025-05-16T00:00,26.5,92,0.1,5.6,230
2025-05-16T01:00,27.1,86,0.4,6.5,242
2025-05-16T02:00,26.5,91,0.6,5.7,259
2025-05-16T03:00,25.7,95,0.4,7.7,219
2025-05-16T04:00,25.7,96,0.3,1.6,264
2025-05-16T05:00,25.4,97,0.7,2.2,270
2025-05-16T06:00,27.6,83,0.8,12.0,249
2025-05-16T07:00,28.7,79,0.5,12.5,249
2025-05-16T08:00,29.6,73,0.3,14.2,254
2025-05-16T09:00,30.1,70,0.2,17.2,255
2025-05-16T10:00,30.2,70,0.0,16.7,259
2025-05-16T11:00,30.0,71,1.8,16.8,261
2025-05-16T12:00,30.4,70,0.4,17.7,257
2025-05-16T13:00,30.5,71,0.1,16.5,259
2025-05-16T14:00,30.2,71,0.0,16.8,258
2025-05-16T15:00,30.1,72,0.0,15.3,254
2025-05-16T16:00,29.6,73,0.1,14.3,253
2025-05-16T17:00,29.2,76,0.1,12.6,246
2025-05-16T18:00,28.8,76,0.0,12.2,244
2025-05-16T19:00,28.7,77,0.0,11.0,249
2025-05-16T20:00,28.6,77,0.0,11.8,244
2025-05-16T21:00,28.5,78,0.0,13.2,242
2025-05-16T22:00,28.4,78,0.1,13.0,242
2025-05-16T23:00,28.3,79,0.1,12.7,239
2025-05-17T00:00,28.2,79,0.0,13.4,243
2025-05-17T01:00,28.1,80,0.0,13.5,245
2025-05-17T02:00,27.7,81,0.4,14.6,250
2025-05-17T03:00,27.0,85,0.6,12.1,265
2025-05-17T04:00,25.8,93,0.9,6.0,335
2025-05-17T05:00,25.7,94,1.0,6.5,247
2025-05-17T06:00,28.4,74,0.0,10.9,248
2025-05-17T07:00,28.9,71,0.0,11.8,259
2025-05-17T08:00,29.4,68,0.0,10.7,253
2025-05-17T09:00,29.8,64,0.0,15.4,263
2025-05-17T10:00,30.4,67,0.3,11.6,254
2025-05-17T11:00,29.9,67,0.1,15.2,263
2025-05-17T12:00,27.7,80,0.9,9.4,283
2025-05-17T13:00,27.0,81,0.4,10.1,266
2025-05-17T14:00,27.1,82,1.2,2.4,243
2025-05-17T15:00,27.2,84,0.6,6.7,204
2025-05-17T16:00,27.6,82,0.3,9.9,241
2025-05-17T17:00,26.1,87,0.9,10.3,259
2025-05-17T18:00,26.4,87,0.0,2.3,90
2025-05-17T19:00,26.2,90,0.0,2.5,150
2025-05-17T20:00,26.1,91,0.1,2.3,241
2025-05-17T21:00,26.1,92,0.2,3.3,257
2025-05-17T22:00,26.3,91,0.3,1.9,209
2025-05-17T23:00,26.0,91,0.1,2.5,225
2025-05-18T00:00,24.9,96,1.3,8.0,280
2025-05-18T01:00,25.4,92,0.2,8.5,241
2025-05-18T02:00,25.2,94,0.3,7.9,237
2025-05-18T03:00,25.5,92,0.3,7.7,239
2025-05-18T04:00,25.5,91,0.1,7.6,262
2025-05-18T05:00,25.0,92,2.4,9.2,281
2025-05-18T06:00,25.5,94,0.4,4.6,249
2025-05-18T07:00,26.5,90,0.2,8.4,259
2025-05-18T08:00,27.0,85,0.3,10.0,264
2025-05-18T09:00,27.8,83,0.2,12.7,235
2025-05-18T10:00,27.6,84,0.4,13.8,246
2025-05-18T11:00,28.3,82,0.3,13.8,239
2025-05-18T12:00,27.3,85,2.0,14.7,247
2025-05-18T13:00,27.7,84,0.2,12.9,250
2025-05-18T14:00,27.0,85,0.2,15.5,235
2025-05-18T15:00,26.8,84,0.3,13.1,240
2025-05-18T16:00,26.1,89,1.2,9.1,219
2025-05-18T17:00,26.1,89,1.1,12.3,248
2025-05-18T18:00,27.1,89,0.5,6.5,212
2025-05-18T19:00,26.5,92,0.2,6.5,214
2025-05-18T20:00,26.8,89,0.3,7.8,189
2025-05-18T21:00,26.2,93,0.3,2.3,209
2025-05-18T22:00,26.1,93,0.4,7.9,197
2025-05-18T23:00,25.8,92,0.6,9.8,212
2025-05-19T00:00,24.9,93,1.7,7.7,192
2025-05-19T01:00,25.0,90,2.4,8.2,221
2025-05-19T02:00,25.5,93,1.3,9.2,228
2025-05-19T03:00,24.8,98,0.3,7.5,233
2025-05-19T04:00,25.0,94,0.6,9.7,215
2025-05-19T05:00,24.9,92,0.4,10.4,222
2025-05-19T06:00,26.2,91,0.1,8.8,227
2025-05-19T07:00,26.7,88,0.0,10.4,225
2025-05-19T08:00,26.6,81,1.6,19.3,222
2025-05-19T09:00,27.2,81,0.6,15.0,218
2025-05-19T10:00,28.0,80,0.2,14.9,228
2025-05-19T11:00,28.4,79,0.2,16.6,229
2025-05-19T12:00,28.2,79,0.2,18.1,227
2025-05-19T13:00,27.7,82,0.3,17.6,227
2025-05-19T14:00,28.3,80,0.5,18.7,237
2025-05-19T15:00,26.9,81,2.9,20.0,239
2025-05-19T16:00,26.9,86,2.0,11.1,241
2025-05-19T17:00,26.9,87,0.8,13.4,244
2025-05-19T18:00,27.2,89,0.1,14.3,231
2025-05-19T19:00,26.5,86,0.3,16.4,228
2025-05-19T20:00,27.0,87,0.0,13.6,224
2025-05-19T21:00,25.9,90,0.4,15.8,212
2025-05-19T22:00,26.3,91,0.6,10.4,212
2025-05-19T23:00,26.1,87,0.9,16.3,229
2025-05-20T00:00,26.7,86,2.6,14.5,236
2025-05-20T01:00,27.2,85,0.3,18.1,235
2025-05-20T02:00,27.4,83,0.0,15.3,236
2025-05-20T03:00,27.3,82,0.2,17.0,240
2025-05-20T04:00,27.4,80,0.3,14.6,240
2025-05-20T05:00,27.6,79,0.0,13.4,250
2025-05-20T06:00,27.6,79,0.1,11.1,227
2025-05-20T07:00,28.7,77,0.0,11.2,255
2025-05-20T08:00,29.7,70,0.1,17.9,257
2025-05-20T09:00,29.8,69,0.0,20.9,263
2025-05-20T10:00,29.4,73,0.2,20.6,265
2025-05-20T11:00,29.3,74,0.1,19.3,266
2025-05-20T12:00,28.9,77,0.2,19.7,262
2025-05-20T13:00,29.5,73,0.1,18.9,266
2025-05-20T14:00,29.0,76,0.4,14.8,264
2025-05-20T15:00,27.8,85,1.6,9.9,258
2025-05-20T16:00,28.5,80,0.1,12.8,256
2025-05-20T17:00,28.1,80,0.4,13.0,250
2025-05-20T18:00,26.9,88,0.1,11.4,241
2025-05-20T19:00,27.1,86,0.4,7.1,229
2025-05-20T20:00,27.1,86,0.0,10.1,237
2025-05-20T21:00,27.3,81,0.1,10.9,219
2025-05-20T22:00,25.2,89,2.3,17.4,223
2025-05-20T23:00,25.9,91,0.4,11.8,224
2025-05-21T00:00,26.2,87,0.7,15.0,233
2025-05-21T01:00,25.7,89,3.6,15.3,240
2025-05-21T02:00,26.3,87,0.3,12.6,251
2025-05-21T03:00,26.1,90,0.1,11.9,245
2025-05-21T04:00,25.8,91,0.3,8.0,245
2025-05-21T05:00,25.3,93,2.1,5.4,240
2025-05-21T06:00,26.9,88,0.0,9.3,238
2025-05-21T07:00,27.8,83,0.1,12.7,241
2025-05-21T08:00,28.3,78,0.2,12.6,246
2025-05-21T09:00,28.4,77,0.2,15.3,248
2025-05-21T10:00,29.2,74,0.4,17.8,252
2025-05-21T11:00,29.4,70,0.0,18.1,249
2025-05-21T12:00,28.4,77,0.0,12.1,233
2025-05-21T13:00,28.3,79,0.0,12.4,230
2025-05-21T14:00,28.6,78,0.2,14.3,235
2025-05-21T15:00,28.0,81,0.1,13.0,231
2025-05-21T16:00,28.0,83,0.1,12.0,234
2025-05-21T17:00,28.2,82,0.0,12.0,233
2025-05-21T18:00,28.5,80,0.0,12.6,246
2025-05-21T19:00,28.3,81,0.0,10.7,245
2025-05-21T20:00,28.3,82,0.0,10.3,243
2025-05-21T21:00,28.2,82,0.1,11.1,245
2025-05-21T22:00,28.0,83,0.0,11.9,250
2025-05-21T23:00,28.0,82,0.0,12.4,246
2025-05-22T00:00,28.1,82,0.0,11.5,250
2025-05-22T01:00,28.0,82,0.0,11.6,252
2025-05-22T02:00,27.9,82,0.0,11.4,259
2025-05-22T03:00,27.6,84,0.3,10.0,255
2025-05-22T04:00,27.2,86,0.3,12.3,260
2025-05-22T05:00,27.1,88,0.0,7.4,241
2025-05-22T06:00,27.1,89,0.5,8.3,254
2025-05-22T07:00,27.5,92,2.1,4.5,236
2025-05-22T08:00,28.4,87,0.0,5.7,259
2025-05-22T09:00,29.1,81,0.3,8.6,255
2025-05-22T10:00,29.8,76,0.1,12.3,259
2025-05-22T11:00,29.9,76,0.1,14.3,256
2025-05-22T12:00,30.2,76,0.6,14.9,255
2025-05-22T13:00,30.0,78,0.4,15.4,249
2025-05-22T14:00,29.7,79,0.2,14.4,250
2025-05-22T15:00,28.9,82,0.5,12.9,238
2025-05-22T16:00,26.5,90,9.1,5.0,257
2025-05-22T17:00,25.8,92,2.9,3.3,261
2025-05-22T18:00,27.4,90,0.3,2.2,175
2025-05-22T19:00,27.1,92,0.0,5.9,166
2025-05-22T20:00,26.7,95,0.1,5.2,155
2025-05-22T21:00,26.4,92,0.9,5.2,186
2025-05-22T22:00,26.2,95,0.1,7.6,158
2025-05-22T23:00,26.3,95,0.1,6.5,152
2025-05-23T00:00,25.9,94,1.2,4.3,185
2025-05-23T01:00,25.7,96,0.2,4.5,194
2025-05-23T02:00,26.0,95,0.6,6.7,207
2025-05-23T03:00,25.7,96,0.1,8.1,219
2025-05-23T04:00,25.7,95,0.5,7.4,221
2025-05-23T05:00,26.2,93,0.2,6.3,204
2025-05-23T06:00,26.4,93,0.5,3.3,135
2025-05-23T07:00,27.9,88,0.3,5.1,207
2025-05-23T08:00,29.1,82,0.5,8.3,228
2025-05-23T09:00,30.0,74,0.0,13.2,232
2025-05-23T10:00,30.2,75,0.0,14.9,234
2025-05-23T11:00,30.2,75,0.2,17.5,238
2025-05-23T12:00,30.5,73,0.1,16.9,239
2025-05-23T13:00,29.9,73,0.2,18.2,239
2025-05-23T14:00,29.1,76,1.1,16.3,225
2025-05-23T15:00,28.9,80,0.2,13.6,222
2025-05-23T16:00,28.6,79,0.1,14.2,232
2025-05-23T17:00,28.5,81,0.1,12.7,227
2025-05-23T18:00,28.4,82,0.0,11.7,227
2025-05-23T19:00,27.3,87,0.3,14.3,239
2025-05-23T20:00,27.7,86,0.1,12.1,224
2025-05-23T21:00,27.5,87,0.2,11.1,224
2025-05-23T22:00,26.9,90,0.5,8.6,234
2025-05-23T23:00,26.6,92,0.5,8.3,219
2025-05-24T00:00,25.7,94,2.1,8.4,233
2025-05-24T01:00,25.7,96,0.3,7.6,218
2025-05-24T02:00,25.7,96,0.2,8.8,203
2025-05-24T03:00,25.6,91,1.0,6.9,225
2025-05-24T04:00,25.5,96,0.5,5.7,193
2025-05-24T05:00,26.0,91,0.7,8.2,216
2025-05-24T06:00,26.9,88,0.0,10.9,231
2025-05-24T07:00,26.3,90,3.2,13.6,259
2025-05-24T08:00,26.2,90,8.0,20.4,252
2025-05-24T09:00,26.9,86,2.5,17.1,251
2025-05-24T10:00,26.4,89,10.9,11.2,244
2025-05-24T11:00,27.2,85,0.1,11.6,237
2025-05-24T12:00,28.2,80,0.2,15.1,238
2025-05-24T13:00,27.9,82,2.8,16.9,237
2025-05-24T14:00,28.5,79,0.2,16.0,225
2025-05-24T15:00,28.0,82,0.2,17.1,231
2025-05-24T16:00,28.1,81,0.1,16.4,220
2025-05-24T17:00,27.8,83,0.1,14.5,225
2025-05-24T18:00,27.6,82,0.0,13.2,244
2025-05-24T19:00,27.6,83,0.0,11.0,236
2025-05-24T20:00,27.6,82,0.0,11.3,239
2025-05-24T21:00,27.9,80,0.0,11.4,241
2025-05-24T22:00,27.7,82,0.0,12.9,245
2025-05-24T23:00,27.3,85,0.0,15.4,253
2025-05-25T00:00,26.1,92,2.0,9.0,247
2025-05-25T01:00,26.5,90,0.0,9.5,231
2025-05-25T02:00,26.8,88,0.1,11.6,226
2025-05-25T03:00,26.6,89,0.2,10.6,235
2025-05-25T04:00,26.8,88,0.3,11.8,253
2025-05-25T05:00,26.6,91,0.0,12.9,250
2025-05-25T06:00,26.1,90,0.2,7.5,259
2025-05-25T07:00,27.1,88,0.2,8.7,248
2025-05-25T08:00,27.9,84,0.1,10.6,242
2025-05-25T09:00,28.5,79,0.1,15.6,248
2025-05-25T10:00,28.4,81,0.0,14.5,247
2025-05-25T11:00,29.0,77,0.1,16.5,243
2025-05-25T12:00,29.1,77,0.2,17.9,242
2025-05-25T13:00,29.6,75,0.1,16.9,242
2025-05-25T14:00,29.4,77,0.1,18.0,243
2025-05-25T15:00,28.9,80,0.5,21.2,249
2025-05-25T16:00,27.8,85,1.2,15.1,242
2025-05-25T17:00,28.2,83,0.1,13.1,238
2025-05-25T18:00,27.9,86,0.0,11.1,250
2025-05-25T19:00,27.8,85,0.0,13.7,257
2025-05-25T20:00,28.1,84,0.1,11.8,246
2025-05-25T21:00,28.1,83,0.2,12.6,246
2025-05-25T22:00,28.0,85,0.0,15.6,246
2025-05-25T23:00,28.1,84,0.0,16.0,241
2025-05-26T00:00,28.2,82,0.0,16.5,243
2025-05-26T01:00,27.9,85,0.0,16.0,237
2025-05-26T02:00,27.4,87,0.2,16.5,238
2025-05-26T03:00,26.6,90,0.3,14.1,245
2025-05-26T04:00,25.7,90,0.5,17.5,266
2025-05-26T05:00,25.5,92,3.9,19.4,253
2025-05-26T06:00,26.4,93,0.3,4.9,264
2025-05-26T07:00,27.3,93,0.1,9.6,257
2025-05-26T08:00,28.0,87,0.0,12.2,253
2025-05-26T09:00,29.0,78,0.1,14.7,252
2025-05-26T10:00,29.1,77,0.1,18.6,252
2025-05-26T11:00,29.4,75,0.7,19.8,254
2025-05-26T12:00,29.7,75,0.1,21.5,246
2025-05-26T13:00,29.8,74,0.1,21.8,243
2025-05-26T14:00,29.8,74,0.1,23.0,241
2025-05-26T15:00,29.2,77,0.3,21.9,239
2025-05-26T16:00,27.3,85,0.9,21.6,242
2025-05-26T17:00,27.3,85,0.1,15.4,236
2025-05-26T18:00,27.2,89,0.4,17.2,249
2025-05-26T19:00,25.3,90,3.5,13.1,283
2025-05-26T20:00,26.2,93,0.8,10.6,199
2025-05-26T21:00,26.6,93,0.0,12.7,224
2025-05-26T22:00,26.7,92,0.1,14.9,234
2025-05-26T23:00,26.7,90,0.7,17.4,237
2025-05-27T00:00,26.3,90,2.5,18.8,247
2025-05-27T01:00,25.3,93,2.5,23.9,256
2025-05-27T02:00,26.3,89,0.2,21.0,241
2025-05-27T03:00,26.7,88,0.2,19.6,236
2025-05-27T04:00,26.8,88,0.1,20.1,239
2025-05-27T05:00,26.9,86,0.1,18.4,238
2025-05-27T06:00,26.8,88,0.2,11.2,237
2025-05-27T07:00,26.6,91,0.6,13.9,229
2025-05-27T08:00,27.2,89,0.1,15.2,251
2025-05-27T09:00,27.7,85,0.1,13.3,230
2025-05-27T10:00,28.4,82,0.1,16.8,228
2025-05-27T11:00,29.3,81,0.0,16.1,228
2025-05-27T12:00,29.3,80,0.0,18.0,229
2025-05-27T13:00,28.1,83,0.0,17.4,247
2025-05-27T14:00,28.0,81,0.3,22.3,252
2025-05-27T15:00,27.5,81,0.3,21.7,246
2025-05-27T16:00,28.2,79,0.0,21.8,249
2025-05-27T17:00,27.9,85,0.0,18.0,254
2025-05-27T18:00,28.6,77,0.0,20.4,251
2025-05-27T19:00,28.4,79,0.0,20.3,249
2025-05-27T20:00,28.2,82,0.0,19.2,248
2025-05-27T21:00,27.9,86,0.0,16.8,242
2025-05-27T22:00,27.9,86,0.0,17.0,242
2025-05-27T23:00,28.1,85,0.1,17.8,240
2025-05-28T00:00,27.7,85,0.1,19.6,243
2025-05-28T01:00,27.4,87,0.1,20.7,247
2025-05-28T02:00,28.0,84,0.1,23.0,249
2025-05-28T03:00,27.4,85,0.6,24.4,247
2025-05-28T04:00,27.7,83,0.0,22.2,246
2025-05-28T05:00,27.6,82,0.2,21.8,245
2025-05-28T06:00,27.5,82,0.3,24.0,257
2025-05-28T07:00,28.4,81,0.0,22.0,252
2025-05-28T08:00,28.9,79,0.1,24.7,250
2025-05-28T09:00,29.3,77,0.1,23.8,248
2025-05-28T10:00,29.7,75,0.5,26.9,252
2025-05-28T11:00,30.0,76,0.4,24.8,255
2025-05-28T12:00,30.1,75,0.2,23.5,252
2025-05-28T13:00,29.9,76,0.1,25.7,246
2025-05-28T14:00,29.6,77,0.2,25.7,246
2025-05-28T15:00,29.6,76,0.1,24.9,248
2025-05-28T16:00,29.1,79,0.1,24.2,245
2025-05-28T17:00,28.6,80,0.2,21.8,243
2025-05-28T18:00,28.3,83,0.0,18.1,241
2025-05-28T19:00,28.3,83,0.0,17.8,236
2025-05-28T20:00,28.4,84,0.0,18.7,236
2025-05-28T21:00,28.4,83,0.0,19.3,234
2025-05-28T22:00,28.4,83,0.0,19.2,233
2025-05-28T23:00,28.4,82,0.0,20.0,237
2025-05-29T00:00,28.2,82,0.0,21.8,236
2025-05-29T01:00,27.6,85,0.3,24.7,235
2025-05-29T02:00,27.0,88,0.0,23.7,234
2025-05-29T03:00,27.3,87,0.0,22.1,234
2025-05-29T04:00,27.2,87,0.0,22.7,234
2025-05-29T05:00,27.4,86,0.0,21.9,234
2025-05-29T06:00,28.5,80,0.0,20.5,243
2025-05-29T07:00,28.8,79,0.1,22.9,246
2025-05-29T08:00,29.4,76,0.2,23.1,246
2025-05-29T09:00,29.4,76,0.5,26.2,248
2025-05-29T10:00,29.6,75,0.6,25.2,251
2025-05-29T11:00,29.2,74,0.2,25.5,251
2025-05-29T12:00,30.1,73,0.2,25.3,250
2025-05-29T13:00,30.3,72,0.1,25.0,243
2025-05-29T14:00,30.1,72,0.1,25.6,241
2025-05-29T15:00,29.8,73,0.9,27.4,240
2025-05-29T16:00,26.7,85,5.9,25.9,264
2025-05-29T17:00,26.8,88,2.8,20.6,246
2025-05-29T18:00,27.9,81,0.0,18.3,239
2025-05-29T19:00,28.1,82,0.0,18.2,237
2025-05-29T20:00,28.1,79,0.0,20.3,240
2025-05-29T21:00,27.9,82,0.0,20.9,246
2025-05-29T22:00,27.6,84,0.0,18.4,247
2025-05-29T23:00,27.1,86,0.0,20.9,246
2025-05-30T00:00,26.6,87,0.4,18.9,248
2025-05-30T01:00,26.6,85,0.0,18.7,248
2025-05-30T02:00,25.7,89,2.2,24.8,251
2025-05-30T03:00,26.2,89,2.1,23.1,246
2025-05-30T04:00,26.5,88,0.0,19.7,234
2025-05-30T05:00,26.5,87,0.2,19.2,244
2025-05-30T06:00,26.7,87,0.0,18.6,253
2025-05-30T07:00,26.6,85,0.5,23.2,257
2025-05-30T08:00,26.8,84,1.3,24.6,253
2025-05-30T09:00,26.8,86,1.5,24.6,252
2025-05-30T10:00,27.8,83,0.3,20.8,254
2025-05-30T11:00,28.6,81,0.1,21.6,245
2025-05-30T12:00,28.3,80,1.6,21.1,247
2025-05-30T13:00,28.4,81,0.8,17.9,244
2025-05-30T14:00,27.2,84,0.4,20.7,257
2025-05-30T15:00,28.0,82,0.1,18.7,244
2025-05-30T16:00,27.1,82,0.8,19.8,251
2025-05-30T17:00,26.2,89,1.1,15.4,256
2025-05-30T18:00,26.5,87,0.9,22.1,251
2025-05-30T19:00,26.6,86,0.7,22.0,256
2025-05-30T20:00,26.8,85,1.2,20.4,254
2025-05-30T21:00,26.8,86,0.8,22.4,261
2025-05-30T22:00,26.2,86,0.4,28.6,275
2025-05-30T23:00,26.3,86,0.3,22.2,279
2025-05-31T00:00,26.6,87,0.2,18.4,268
2025-05-31T01:00,26.5,87,0.1,17.7,260
2025-05-31T02:00,26.3,88,2.8,19.3,255
2025-05-31T03:00,26.5,87,0.4,21.6,255
2025-05-31T04:00,26.8,86,0.1,21.0,256
2025-05-31T05:00,26.4,87,0.4,20.3,255
2025-05-31T06:00,27.5,82,0.0,17.0,260
2025-05-31T07:00,27.4,86,0.2,15.7,267
2025-05-31T08:00,28.0,84,1.7,18.6,264
2025-05-31T09:00,28.9,77,0.1,18.9,261
2025-05-31T10:00,27.9,84,3.4,18.9,257
2025-05-31T11:00,28.5,79,0.3,22.4,261
2025-05-31T12:00,28.6,80,0.2,19.2,255
2025-05-31T13:00,28.3,79,1.1,19.7,260
2025-05-31T14:00,28.9,78,0.1,22.7,252
2025-05-31T15:00,28.5,79,0.2,21.9,254
2025-05-31T16:00,28.4,81,0.0,20.0,249
2025-05-31T17:00,27.8,84,0.2,21.3,249
2025-05-31T18:00,27.4,85,0.0,17.9,255
2025-05-31T19:00,27.2,87,0.7,16.0,249
2025-05-31T20:00,27.0,86,0.1,16.8,247
2025-05-31T21:00,27.3,85,0.3,16.2,249
2025-05-31T22:00,27.4,83,1.0,16.3,249
2025-05-31T23:00,27.1,88,0.7,17.8,249
2025-06-01T00:00,26.8,86,1.0,16.2,253
2025-06-01T01:00,26.8,90,0.3,15.3,257
2025-06-01T02:00,27.1,87,0.0,16.6,258
2025-06-01T03:00,27.2,88,0.0,15.9,260
2025-06-01T04:00,27.3,88,0.0,16.1,264
2025-06-01T05:00,27.3,88,0.0,15.5,262
2025-06-01T06:00,28.0,83,0.0,13.2,255
2025-06-01T07:00,28.8,80,0.2,14.1,260
2025-06-01T08:00,29.4,73,0.6,16.6,261
2025-06-01T09:00,29.5,80,0.4,14.8,252
2025-06-01T10:00,29.5,75,0.2,15.9,256
2025-06-01T11:00,29.8,74,0.1,16.7,256
2025-06-01T12:00,29.9,76,0.0,17.0,253
2025-06-01T13:00,29.5,78,0.1,18.0,256
2025-06-01T14:00,29.8,76,0.1,19.6,257
2025-06-01T15:00,29.4,79,0.1,19.8,258
2025-06-01T16:00,28.8,82,0.4,16.1,252
2025-06-01T17:00,28.3,84,0.1,15.8,253
2025-06-01T18:00,28.2,83,0.0,13.5,251
2025-06-01T19:00,27.7,86,0.0,15.4,247
2025-06-01T20:00,27.8,87,0.0,12.0,240
2025-06-01T21:00,27.5,85,0.3,11.1,245
2025-06-01T22:00,27.4,89,0.0,10.2,239
2025-06-01T23:00,27.2,86,0.0,11.3,241
2025-06-02T00:00,25.8,88,0.5,5.2,264
2025-06-02T01:00,25.3,93,0.7,5.7,215
2025-06-02T02:00,25.5,93,0.3,7.4,231
2025-06-02T03:00,25.5,95,0.4,3.2,243
2025-06-02T04:00,25.2,94,0.7,5.0,103
2025-06-02T05:00,24.8,93,0.5,5.8,112
2025-06-02T06:00,26.7,87,0.8,2.7,274
2025-06-02T07:00,27.7,86,0.1,3.1,263
2025-06-02T08:00,28.8,78,0.2,9.8,263
2025-06-02T09:00,29.5,74,0.2,14.4,261
2025-06-02T10:00,29.7,75,0.3,14.9,263
2025-06-02T11:00,29.5,76,1.1,17.0,260
2025-06-02T12:00,29.6,77,0.5,16.5,257
2025-06-02T13:00,29.8,76,0.3,16.7,256
2025-06-02T14:00,29.7,76,0.2,17.3,257
2025-06-02T15:00,29.4,76,0.3,16.8,254
2025-06-02T16:00,29.1,77,0.1,15.6,258
2025-06-02T17:00,28.6,81,0.1,11.9,260
2025-06-02T18:00,28.2,84,0.0,9.8,257
2025-06-02T19:00,27.8,87,0.0,8.1,231
2025-06-02T20:00,27.6,87,0.0,9.3,236
2025-06-02T21:00,27.6,85,0.0,8.0,242
2025-06-02T22:00,27.2,87,0.0,4.8,225
2025-06-02T23:00,26.8,90,0.0,4.7,242
2025-06-03T00:00,26.5,91,0.1,4.8,248
2025-06-03T01:00,26.4,91,0.1,6.8,243
2025-06-03T02:00,26.6,90,0.2,8.6,247
2025-06-03T03:00,26.8,88,0.1,10.2,253
2025-06-03T04:00,26.7,88,0.2,9.0,250
2025-06-03T05:00,26.5,90,0.1,9.4,257
2025-06-03T06:00,27.3,85,0.0,7.3,261
2025-06-03T07:00,28.6,80,0.1,7.8,262
2025-06-03T08:00,29.3,76,0.1,10.5,267
2025-06-03T09:00,29.6,75,0.0,11.7,267
2025-06-03T10:00,30.0,74,0.0,12.1,271
2025-06-03T11:00,30.3,72,0.0,11.7,267
2025-06-03T12:00,29.9,74,0.2,15.5,265
2025-06-03T13:00,30.0,74,0.2,15.0,264
2025-06-03T14:00,29.8,72,0.3,16.0,259
2025-06-03T15:00,29.4,75,0.2,16.3,257
2025-06-03T16:00,29.1,77,0.1,14.5,259
2025-06-03T17:00,28.6,78,0.9,12.9,257
2025-06-03T18:00,28.2,82,0.0,9.2,259
2025-06-03T19:00,28.1,83,0.0,8.1,252
2025-06-03T20:00,27.9,84,0.0,8.1,241
2025-06-03T21:00,27.6,86,0.0,7.4,241
2025-06-03T22:00,27.4,87,0.0,8.6,244
2025-06-03T23:00,27.4,87,0.0,6.4,207
2025-06-04T00:00,26.3,92,0.2,4.5,220
2025-06-04T01:00,24.8,97,3.1,3.9,202
2025-06-04T02:00,24.8,96,0.9,5.4,180
2025-06-04T03:00,24.6,98,0.1,8.7,150
2025-06-04T04:00,24.4,97,0.1,5.8,144
2025-06-04T05:00,24.5,98,0.5,6.6,171
2025-06-04T06:00,25.3,96,1.0,4.9,129
2025-06-04T07:00,26.2,94,0.1,3.9,146
2025-06-04T08:00,27.2,89,0.2,7.9,249
2025-06-04T09:00,28.7,78,0.1,13.8,255
2025-06-04T10:00,29.3,78,0.1,12.1,252
2025-06-04T11:00,29.6,77,0.0,12.2,253
2025-06-04T12:00,29.7,78,0.1,12.6,256
2025-06-04T13:00,29.3,78,0.0,16.5,257
2025-06-04T14:00,29.1,79,0.1,16.0,262
2025-06-04T15:00,28.4,82,0.0,17.3,259
2025-06-04T16:00,28.1,82,0.2,16.8,257
2025-06-04T17:00,28.1,80,0.1,14.0,255
2025-06-04T18:00,27.6,86,0.0,8.6,248
2025-06-04T19:00,27.3,88,0.0,7.4,223
2025-06-04T20:00,27.1,90,0.0,7.4,223
2025-06-04T21:00,26.9,91,0.0,6.7,216
2025-06-04T22:00,26.5,93,0.0,3.4,198
2025-06-04T23:00,26.2,95,0.0,2.9,202
2025-06-05T00:00,26.1,93,0.4,6.6,213
2025-06-05T01:00,26.1,93,0.0,6.0,217
2025-06-05T02:00,26.0,93,0.2,7.1,223
2025-06-05T03:00,25.8,95,0.3,6.0,224
2025-06-05T04:00,25.8,93,0.2,4.8,228
2025-06-05T05:00,25.9,93,0.1,5.4,230
2025-06-05T06:00,26.1,92,0.5,5.6,249
2025-06-05T07:00,27.4,88,0.4,5.3,242
2025-06-05T08:00,28.3,83,0.0,9.9,245
2025-06-05T09:00,29.2,78,0.1,13.7,256
2025-06-05T10:00,29.5,76,0.1,15.1,258
2025-06-05T11:00,29.8,75,0.2,16.1,252
2025-06-05T12:00,29.7,75,0.3,18.0,254
2025-06-05T13:00,29.7,75,0.0,19.0,253
2025-06-05T14:00,29.4,76,0.1,20.0,249
2025-06-05T15:00,29.3,75,0.0,17.9,249
2025-06-05T16:00,28.9,76,0.0,17.1,251
2025-06-05T17:00,28.5,79,0.0,15.9,247
2025-06-05T18:00,28.1,84,0.0,10.4,236
2025-06-05T19:00,27.6,86,0.0,10.7,226
2025-06-05T20:00,27.2,87,0.9,10.4,222
2025-06-05T21:00,27.0,89,0.4,8.7,228
2025-06-05T22:00,27.0,88,0.4,9.9,233
2025-06-05T23:00,26.7,90,0.2,6.6,233
2025-06-06T00:00,26.2,92,0.3,6.2,229
2025-06-06T01:00,26.1,92,0.4,6.2,237
2025-06-06T02:00,25.9,92,0.7,6.7,236
2025-06-06T03:00,26.0,91,0.4,6.4,218
2025-06-06T04:00,26.0,94,0.1,6.2,221
2025-06-06T05:00,26.2,94,0.1,5.8,219
2025-06-06T06:00,26.8,90,0.2,8.4,251
2025-06-06T07:00,28.1,84,0.1,8.9,249
2025-06-06T08:00,29.1,75,0.4,12.5,252
2025-06-06T09:00,29.4,73,0.0,14.1,251
2025-06-06T10:00,29.8,73,0.0,14.1,248
2025-06-06T11:00,30.0,71,0.0,14.6,249
2025-06-06T12:00,30.0,72,0.0,15.1,252
2025-06-06T13:00,29.9,72,0.1,16.1,250
2025-06-06T14:00,29.6,73,0.1,15.8,249
2025-06-06T15:00,29.4,73,0.1,16.2,246
2025-06-06T16:00,29.0,74,0.0,15.8,246
2025-06-06T17:00,28.6,76,0.1,13.1,247
2025-06-06T18:00,27.9,81,0.0,9.9,241
2025-06-06T19:00,27.7,83,0.0,9.2,228
2025-06-06T20:00,27.5,83,0.0,9.2,223
2025-06-06T21:00,27.3,84,0.1,9.7,225
2025-06-06T22:00,27.1,85,0.1,10.2,228
2025-06-06T23:00,26.9,86,0.0,10.4,228
2025-06-07T00:00,26.6,87,0.2,10.3,223
2025-06-07T01:00,26.6,88,0.1,12.7,227
2025-06-07T02:00,26.7,87,0.2,13.8,233
2025-06-07T03:00,26.8,86,0.1,13.4,233
2025-06-07T04:00,26.7,85,0.1,13.7,232
2025-06-07T05:00,26.4,85,0.4,12.6,229
2025-06-07T06:00,27.1,83,0.1,11.4,255
2025-06-07T07:00,28.1,79,0.0,12.1,253
2025-06-07T08:00,29.0,72,0.0,13.7,251
2025-06-07T09:00,29.4,70,0.0,14.7,250
2025-06-07T10:00,29.6,70,0.1,15.5,250
2025-06-07T11:00,29.7,70,0.1,16.3,250
2025-06-07T12:00,29.7,70,0.1,16.9,253
2025-06-07T13:00,29.6,70,0.1,17.6,254
2025-06-07T14:00,29.5,71,0.1,18.0,254
2025-06-07T15:00,29.0,72,0.1,17.7,253
2025-06-07T16:00,28.7,73,0.1,17.8,250
2025-06-07T17:00,28.2,77,0.1,14.9,247
2025-06-07T18:00,27.9,79,0.0,10.5,243
2025-06-07T19:00,27.5,80,0.0,10.2,224
2025-06-07T20:00,27.3,82,0.0,9.7,209
2025-06-07T21:00,27.1,84,0.0,9.6,213
2025-06-07T22:00,26.8,85,0.0,7.5,215
2025-06-07T23:00,26.8,85,0.0,8.9,227
2025-06-08T00:00,26.9,84,0.0,9.6,233
2025-06-08T01:00,26.8,85,0.0,9.2,237
2025-06-08T02:00,26.6,86,0.0,9.4,239
2025-06-08T03:00,26.6,86,0.0,10.6,242
2025-06-08T04:00,26.7,85,0.0,11.8,243
2025-06-08T05:00,26.9,84,0.0,13.3,249
2025-06-08T06:00,27.5,80,0.0,14.4,255
2025-06-08T07:00,28.3,77,0.0,13.8,246
2025-06-08T08:00,28.9,73,0.0,13.7,245
2025-06-08T09:00,29.3,72,0.0,13.1,252
2025-06-08T10:00,29.6,71,0.0,13.5,257
2025-06-08T11:00,29.7,71,0.3,14.4,260
2025-06-08T12:00,29.8,69,0.7,15.7,257
2025-06-08T13:00,29.8,70,0.4,17.0,254
2025-06-08T14:00,29.4,72,0.1,16.7,250
2025-06-08T15:00,29.1,73,0.0,16.2,244
2025-06-08T16:00,28.9,73,0.0,16.2,244
2025-06-08T17:00,28.5,76,0.0,13.8,237
2025-06-08T18:00,28.0,78,0.0,11.2,226
2025-06-08T19:00,27.6,81,0.0,9.9,222
2025-06-08T20:00,27.4,82,0.0,10.3,223
2025-06-08T21:00,27.4,82,0.0,11.8,226
2025-06-08T22:00,27.3,82,0.0,12.9,230
2025-06-08T23:00,27.3,82,0.0,13.9,234
2025-06-09T00:00,27.2,82,0.0,14.1,238
2025-06-09T01:00,27.2,82,0.2,17.2,241
2025-06-09T02:00,27.1,83,0.0,16.9,243
2025-06-09T03:00,27.2,82,0.0,16.5,246
2025-06-09T04:00,27.3,81,0.0,16.4,247
2025-06-09T05:00,27.1,82,0.0,16.6,248
2025-06-09T06:00,27.7,80,0.0,18.8,252
2025-06-09T07:00,28.5,74,0.0,19.6,252
2025-06-09T08:00,29.0,71,0.0,19.6,257
2025-06-09T09:00,29.2,70,0.0,19.6,257
2025-06-09T10:00,29.8,69,0.0,18.2,254
2025-06-09T11:00,29.8,69,0.1,21.1,255
2025-06-09T12:00,29.8,70,0.1,20.4,254
2025-06-09T13:00,29.9,69,0.1,20.0,253
2025-06-09T14:00,29.8,66,0.7,21.9,254
2025-06-09T15:00,29.6,65,0.4,21.5,254
2025-06-09T16:00,29.0,71,0.0,21.6,255
2025-06-09T17:00,28.6,74,0.0,18.2,252
2025-06-09T18:00,28.2,78,0.0,12.2,241
2025-06-09T19:00,28.1,78,0.0,12.6,243
2025-06-09T20:00,28.1,78,0.0,13.6,239
2025-06-09T21:00,27.5,81,0.1,13.6,240
2025-06-09T22:00,26.9,86,0.3,9.8,244
2025-06-09T23:00,26.3,89,0.8,7.9,240
2025-06-10T00:00,25.5,94,0.2,7.3,242
2025-06-10T01:00,25.8,94,0.3,7.1,234
2025-06-10T02:00,25.5,94,0.9,8.2,241
2025-06-10T03:00,25.5,96,0.2,8.4,251
2025-06-10T04:00,24.8,94,1.1,12.4,223
2025-06-10T05:00,25.1,95,0.4,6.9,237
2025-06-10T06:00,26.1,91,0.2,12.2,244
2025-06-10T07:00,27.3,87,0.2,11.5,250
2025-06-10T08:00,27.8,83,0.2,14.4,250
2025-06-10T09:00,27.1,83,0.4,15.3,251
2025-06-10T10:00,27.7,82,0.9,16.9,256
2025-06-10T11:00,26.7,88,2.5,11.4,237
2025-06-10T12:00,28.0,81,0.1,19.0,253
2025-06-10T13:00,27.3,84,2.8,21.2,245
2025-06-10T14:00,27.4,84,0.1,19.0,244
2025-06-10T15:00,27.3,83,0.2,16.8,246
2025-06-10T16:00,26.8,85,0.1,15.8,243
2025-06-10T17:00,26.1,90,0.4,12.9,229
2025-06-10T18:00,25.0,92,2.4,12.7,239
2025-06-10T19:00,25.1,94,2.7,11.3,236
2025-06-10T20:00,25.4,95,0.0,15.7,237
2025-06-10T21:00,25.6,89,1.0,22.5,248
2025-06-10T22:00,25.9,89,0.7,21.6,240
2025-06-10T23:00,25.9,88,3.1,23.3,241
2025-06-11T00:00,25.5,90,7.0,19.8,249
2025-06-11T01:00,25.7,90,2.5,17.3,243
2025-06-11T02:00,25.5,90,3.9,18.6,240
2025-06-11T03:00,25.6,89,0.9,22.3,250
2025-06-11T04:00,25.5,91,1.8,21.0,252
2025-06-11T05:00,25.6,91,3.2,16.2,253
2025-06-11T06:00,25.5,91,1.4,16.9,254
2025-06-11T07:00,26.3,88,1.5,17.7,235
2025-06-11T08:00,27.0,84,0.9,19.1,236
2025-06-11T09:00,26.9,84,0.1,20.9,246
2025-06-11T10:00,27.3,80,0.1,22.0,244
2025-06-11T11:00,26.3,84,2.2,19.9,243
2025-06-11T12:00,27.2,82,0.0,17.3,239
2025-06-11T13:00,27.4,81,0.1,18.2,249
2025-06-11T14:00,27.4,84,1.4,17.6,242
2025-06-11T15:00,27.3,84,0.5,17.6,237
2025-06-11T16:00,26.1,86,2.4,20.0,247
2025-06-11T17:00,26.1,88,0.9,20.2,245
2025-06-11T18:00,25.9,90,0.2,16.6,236
2025-06-11T19:00,25.3,93,5.6,16.8,237
2025-06-11T20:00,25.9,90,0.1,16.8,240
2025-06-11T21:00,25.5,88,1.2,21.0,244
2025-06-11T22:00,25.6,90,2.3,19.9,249
2025-06-11T23:00,25.9,88,0.5,19.7,242
2025-06-12T00:00,25.3,91,1.6,19.8,249
2025-06-12T01:00,24.8,90,1.4,20.8,256
2025-06-12T02:00,25.8,87,0.3,17.5,238
2025-06-12T03:00,25.0,88,1.9,17.2,241
2025-06-12T04:00,25.9,86,0.4,16.5,241
2025-06-12T05:00,25.7,86,1.9,17.7,249
2025-06-12T06:00,27.4,83,0.0,12.3,263
2025-06-12T07:00,28.1,81,0.0,14.1,255
2025-06-12T08:00,28.5,77,0.1,19.9,265
2025-06-12T09:00,28.4,76,0.7,16.9,263
2025-06-12T10:00,28.5,73,0.1,19.8,266
2025-06-12T11:00,28.2,76,0.2,17.8,263
2025-06-12T12:00,28.0,79,1.7,19.0,253
2025-06-12T13:00,28.1,79,0.2,17.1,250
2025-06-12T14:00,27.9,79,0.1,15.3,254
2025-06-12T15:00,27.1,83,0.1,13.4,243
2025-06-12T16:00,26.9,84,0.3,16.3,245
2025-06-12T17:00,27.0,82,0.2,14.8,240
2025-06-12T18:00,27.6,79,0.0,12.5,235
2025-06-12T19:00,26.7,81,0.3,10.5,237
2025-06-12T20:00,26.3,85,0.4,8.3,219
2025-06-12T21:00,26.0,87,0.4,7.2,207
2025-06-12T22:00,25.8,89,0.2,10.2,229
2025-06-12T23:00,25.5,88,0.8,14.3,237
2025-06-13T00:00,25.9,87,0.0,14.8,243
2025-06-13T01:00,25.9,89,0.0,14.3,242
2025-06-13T02:00,25.8,87,0.6,20.0,251
2025-06-13T03:00,25.6,90,1.1,15.5,245
2025-06-13T04:00,25.5,88,0.4,17.3,247
2025-06-13T05:00,25.8,88,0.6,13.0,226
2025-06-13T06:00,27.0,84,0.0,17.9,245
2025-06-13T07:00,27.1,84,0.0,19.5,248
2025-06-13T08:00,27.7,80,0.1,18.7,247
2025-06-13T09:00,28.4,79,0.0,19.8,244
2025-06-13T10:00,28.0,78,0.3,22.2,242
2025-06-13T11:00,28.8,76,0.3,18.9,236
2025-06-13T12:00,28.4,81,1.0,18.1,233
2025-06-13T13:00,28.1,79,0.1,20.9,243
2025-06-13T14:00,28.3,78,0.1,16.5,237
2025-06-13T15:00,27.1,86,5.2,16.1,231
2025-06-13T16:00,25.8,91,5.6,17.7,245
2025-06-13T17:00,26.0,89,0.1,15.8,220
2025-06-13T18:00,26.5,88,0.0,10.8,223
2025-06-13T19:00,25.2,93,3.9,14.9,232
2025-06-13T20:00,25.5,91,3.4,13.8,221
2025-06-13T21:00,25.6,91,0.6,18.7,241
2025-06-13T22:00,25.6,90,0.6,16.4,239
2025-06-13T23:00,26.1,88,0.5,16.3,229
2025-06-14T00:00,25.4,92,1.5,15.6,239
2025-06-14T01:00,25.5,92,0.2,12.4,223
2025-06-14T02:00,25.2,91,1.5,16.4,232
2025-06-14T03:00,25.4,92,1.4,16.5,229
2025-06-14T04:00,25.6,91,0.8,15.6,234
2025-06-14T05:00,24.9,93,2.7,17.6,228
2025-06-14T06:00,25.3,92,1.9,14.3,231
2025-06-14T07:00,25.6,91,2.1,15.5,231
2025-06-14T08:00,26.3,86,1.0,18.6,227
2025-06-14T09:00,27.0,84,0.2,15.2,224
2025-06-14T10:00,27.2,81,0.2,18.1,223
2025-06-14T11:00,26.6,86,2.2,18.8,224
2025-06-14T12:00,26.5,86,0.3,18.1,222
2025-06-14T13:00,27.5,81,0.8,18.3,227
2025-06-14T14:00,26.5,86,5.0,18.1,226
2025-06-14T15:00,26.3,83,0.6,22.0,233
2025-06-14T16:00,26.1,88,0.9,14.9,221
2025-06-14T17:00,26.3,87,0.3,14.7,227
2025-06-14T18:00,25.3,92,1.4,16.4,247
2025-06-14T19:00,25.7,89,2.0,14.8,248
2025-06-14T20:00,25.8,91,1.4,10.6,231
2025-06-14T21:00,25.8,91,1.4,11.5,224
2025-06-14T22:00,25.8,92,0.0,9.6,203
2025-06-14T23:00,25.6,92,0.0,10.8,212
2025-06-15T00:00,25.4,91,0.6,11.2,221
2025-06-15T01:00,25.2,92,0.8,9.0,209
2025-06-15T02:00,24.7,93,1.1,10.9,232
2025-06-15T03:00,25.1,92,5.9,17.6,235
2025-06-15T04:00,25.1,91,1.0,15.4,225
2025-06-15T05:00,25.0,92,0.4,17.5,233
2025-06-15T06:00,25.4,90,0.3,13.4,226
2025-06-15T07:00,25.6,90,0.6,13.6,229
2025-06-15T08:00,25.8,88,0.6,15.2,224
2025-06-15T09:00,26.9,82,0.1,15.9,222
2025-06-15T10:00,27.7,80,0.0,15.5,215
2025-06-15T11:00,26.5,84,2.6,19.1,224
2025-06-15T12:00,27.3,82,0.1,20.1,230
2025-06-15T13:00,26.5,84,0.9,17.7,232
2025-06-15T14:00,26.7,85,0.2,15.4,234
2025-06-15T15:00,27.0,81,0.2,17.5,230
2025-06-15T16:00,26.6,82,0.2,15.3,227
2025-06-15T17:00,26.5,86,0.2,14.3,217
2025-06-15T18:00,26.6,84,0.0,11.4,249
2025-06-15T19:00,26.6,84,0.0,11.1,247
2025-06-15T20:00,26.5,85,0.0,10.1,239
2025-06-15T21:00,26.2,86,0.0,10.5,232
2025-06-15T22:00,26.4,84,0.0,9.3,229
2025-06-15T23:00,26.2,86,0.7,11.2,230
2025-06-16T00:00,25.4,90,0.9,14.4,246
2025-06-16T01:00,24.8,93,2.8,13.6,244
2025-06-16T02:00,24.9,92,1.2,13.9,239
2025-06-16T03:00,24.9,91,0.9,18.6,235
2025-06-16T04:00,25.1,92,1.3,17.7,231
2025-06-16T05:00,25.1,91,6.6,15.1,225
2025-06-16T06:00,25.4,93,0.4,10.9,230
2025-06-16T07:00,26.1,91,0.6,11.0,238
2025-06-16T08:00,25.6,88,7.1,12.9,262
2025-06-16T09:00,26.5,87,1.3,10.0,221
2025-06-16T10:00,28.2,77,0.1,13.8,237
2025-06-16T11:00,28.2,77,0.0,12.5,229
2025-06-16T12:00,28.9,74,0.0,14.8,248
2025-06-16T13:00,28.6,74,0.0,13.0,246
2025-06-16T14:00,27.9,76,1.0,17.7,251
2025-06-16T15:00,28.2,76,0.1,12.2,248
2025-06-16T16:00,27.8,77,0.4,12.8,248
2025-06-16T17:00,27.7,80,0.0,13.3,242
2025-06-16T18:00,26.9,81,0.0,13.2,256
2025-06-16T19:00,26.6,83,0.0,10.6,238
2025-06-16T20:00,26.4,87,0.3,7.5,213
2025-06-16T21:00,25.9,90,0.0,5.4,195
2025-06-16T22:00,24.9,93,0.3,9.8,244
2025-06-16T23:00,24.8,90,1.8,8.4,250
2025-06-17T00:00,24.9,94,1.1,6.8,222
2025-06-17T01:00,25.1,94,0.3,7.2,215
2025-06-17T02:00,25.2,94,1.2,7.7,219
2025-06-17T03:00,24.8,94,1.9,15.4,259
2025-06-17T04:00,25.1,93,0.9,10.2,252
2025-06-17T05:00,25.1,94,2.6,7.1,234
2025-06-17T06:00,26.1,88,0.5,11.6,252
2025-06-17T07:00,26.3,88,0.0,12.9,250
2025-06-17T08:00,26.7,83,0.1,13.5,245
2025-06-17T09:00,27.6,82,0.0,11.3,245
2025-06-17T10:00,28.3,80,0.0,9.6,230
2025-06-17T11:00,28.9,76,0.0,10.9,226
2025-06-17T12:00,29.1,75,0.0,10.0,216
2025-06-17T13:00,28.8,75,0.0,10.7,215
2025-06-17T14:00,29.0,74,0.1,12.4,223
2025-06-17T15:00,28.6,76,0.4,13.8,231
2025-06-17T16:00,28.1,78,0.3,13.6,230
2025-06-17T17:00,27.5,82,0.6,12.5,237
2025-06-17T18:00,27.0,85,0.0,8.1,215
2025-06-17T19:00,26.5,89,0.0,5.8,210
2025-06-17T20:00,26.3,91,0.0,3.7,203
2025-06-17T21:00,26.1,92,0.0,3.4,164
2025-06-17T22:00,25.9,93,0.0,3.4,186
2025-06-17T23:00,25.9,93,0.0,4.4,199
2025-06-18T00:00,25.9,93,0.1,7.1,227
2025-06-18T01:00,25.8,92,0.4,7.0,230
2025-06-18T02:00,26.0,90,0.1,8.6,234
2025-06-18T03:00,26.0,90,0.1,8.9,228
2025-06-18T04:00,26.0,90,0.0,7.1,225
2025-06-18T05:00,25.7,91,0.2,7.2,238
2025-06-18T06:00,25.7,92,0.0,4.3,248
2025-06-18T07:00,26.9,89,0.0,4.4,243
2025-06-18T08:00,27.9,83,0.0,5.9,256
2025-06-18T09:00,28.8,79,0.0,7.4,248
2025-06-18T10:00,29.3,76,0.1,9.0,244
2025-06-18T11:00,29.5,76,0.0,11.1,247
2025-06-18T12:00,29.1,76,0.1,13.8,252
2025-06-18T13:00,29.0,75,0.0,13.6,248
2025-06-18T14:00,29.0,75,0.1,14.1,245
2025-06-18T15:00,28.6,76,0.1,13.9,246
2025-06-18T16:00,28.3,78,0.0,13.6,240
2025-06-18T17:00,28.0,80,0.0,10.8,233
2025-06-18T18:00,27.6,83,0.0,9.0,232
2025-06-18T19:00,27.6,83,0.0,9.5,231
2025-06-18T20:00,27.4,83,0.0,9.9,232
2025-06-18T21:00,27.2,85,0.0,8.4,230
2025-06-18T22:00,27.0,86,0.0,8.5,216
2025-06-18T23:00,26.9,87,0.0,8.6,217
2025-06-19T00:00,26.7,88,0.1,9.0,215
2025-06-19T01:00,26.5,90,0.0,10.7,215
2025-06-19T02:00,26.2,90,0.0,9.9,224
2025-06-19T03:00,26.3,89,0.1,10.9,220
2025-06-19T04:00,25.9,91,0.3,10.7,230
2025-06-19T05:00,25.8,92,0.1,9.5,209
2025-06-19T06:00,26.3,90,0.4,12.7,247
2025-06-19T07:00,26.8,88,0.4,10.4,252
2025-06-19T08:00,26.9,86,0.2,12.1,253
2025-06-19T09:00,28.5,81,0.2,13.4,250
2025-06-19T10:00,28.6,78,0.1,14.3,252
2025-06-19T11:00,29.0,77,0.1,14.7,253
2025-06-19T12:00,29.3,77,0.1,14.4,252
2025-06-19T13:00,29.1,77,0.0,16.0,253
2025-06-19T14:00,28.7,78,0.0,15.9,252
2025-06-19T15:00,28.5,77,0.1,15.7,252
2025-06-19T16:00,28.1,80,0.1,14.3,251
2025-06-19T17:00,27.1,85,0.9,10.1,243
2025-06-19T18:00,27.5,83,0.0,13.0,248
2025-06-19T19:00,27.3,85,0.0,11.5,240
2025-06-19T20:00,27.3,84,0.0,12.9,229
2025-06-19T21:00,27.0,87,0.0,13.1,224
2025-06-19T22:00,27.0,88,0.0,11.2,226
2025-06-19T23:00,26.9,88,0.0,13.6,231
2025-06-20T00:00,26.8,89,0.0,11.5,225
2025-06-20T01:00,26.3,91,0.1,11.4,231
2025-06-20T02:00,26.5,89,0.2,11.3,228
2025-06-20T03:00,26.1,91,0.1,12.2,236
2025-06-20T04:00,25.9,90,0.1,12.9,229
2025-06-20T05:00,25.7,91,0.3,11.5,236
2025-06-20T06:00,25.5,89,2.5,8.7,227
2025-06-20T07:00,25.9,91,0.1,10.7,226
2025-06-20T08:00,26.6,89,0.2,9.1,229
2025-06-20T09:00,27.2,84,0.3,9.3,229
2025-06-20T10:00,27.5,80,0.6,13.7,232
2025-06-20T11:00,27.8,81,0.4,12.0,227
2025-06-20T12:00,28.0,79,0.3,14.7,234
2025-06-20T13:00,28.4,79,0.0,15.7,239
2025-06-20T14:00,28.3,80,0.0,15.5,245
2025-06-20T15:00,28.6,77,0.1,14.4,242
2025-06-20T16:00,28.3,75,0.0,13.7,245
2025-06-20T17:00,28.0,78,0.1,12.2,239
2025-06-20T18:00,27.6,83,0.0,11.8,243
2025-06-20T19:00,27.2,85,0.0,10.2,226
2025-06-20T20:00,26.8,88,0.0,7.8,224
2025-06-20T21:00,26.5,86,0.3,9.0,235
2025-06-20T22:00,26.2,90,0.0,7.3,224
2025-06-20T23:00,26.2,89,0.2,8.0,226
2025-06-21T00:00,26.2,91,0.2,9.4,232
2025-06-21T01:00,25.7,92,0.4,8.7,246
2025-06-21T02:00,25.3,94,0.3,10.4,247
2025-06-21T03:00,25.1,93,0.9,10.2,240
2025-06-21T04:00,24.9,94,0.8,9.1,234
2025-06-21T05:00,24.7,96,0.2,8.8,242
2025-06-21T06:00,25.0,96,0.8,7.9,215
2025-06-21T07:00,26.3,91,0.2,6.5,212
2025-06-21T08:00,27.7,86,0.2,5.2,221
2025-06-21T09:00,28.8,76,0.2,12.4,260
2025-06-21T10:00,29.2,73,0.0,17.0,263
2025-06-21T11:00,28.4,77,0.2,17.4,263
2025-06-21T12:00,28.5,79,0.4,16.0,258
2025-06-21T13:00,28.7,77,0.0,17.0,255
2025-06-21T14:00,28.8,76,0.0,17.2,254
2025-06-21T15:00,28.4,78,0.2,17.8,254
2025-06-21T16:00,28.2,78,0.2,17.1,250
2025-06-21T17:00,27.7,82,0.2,15.8,249
2025-06-21T18:00,27.4,83,0.1,13.5,240
2025-06-21T19:00,27.0,86,0.2,10.9,237
2025-06-21T20:00,27.0,87,0.1,10.8,232
2025-06-21T21:00,27.0,86,0.1,12.0,231
2025-06-21T22:00,26.8,85,0.1,12.0,235
2025-06-21T23:00,26.8,86,0.0,11.9,232
2025-06-22T00:00,26.7,86,0.3,11.4,233
2025-06-22T01:00,26.4,86,0.0,10.1,241
2025-06-22T02:00,26.1,88,0.4,7.9,237
2025-06-22T03:00,24.9,95,0.3,8.4,261
2025-06-22T04:00,25.1,95,0.2,6.3,252
2025-06-22T05:00,25.2,95,0.3,6.0,254
2025-06-22T06:00,26.7,88,0.1,10.7,264
2025-06-22T07:00,27.4,80,0.9,14.4,252
2025-06-22T08:00,28.3,77,0.0,16.2,253
2025-06-22T09:00,28.7,77,0.0,16.2,255
2025-06-22T10:00,28.9,73,0.9,18.6,251
2025-06-22T11:00,29.4,72,0.0,20.0,257
2025-06-22T12:00,29.4,74,0.2,19.1,258
2025-06-22T13:00,29.2,75,0.1,19.4,253
2025-06-22T14:00,29.3,73,0.0,19.3,249
2025-06-22T15:00,28.6,77,0.5,19.8,248
2025-06-22T16:00,28.5,76,0.1,18.0,245
2025-06-22T17:00,28.0,80,0.0,14.4,241
2025-06-22T18:00,27.7,82,0.0,15.6,246
2025-06-22T19:00,27.7,78,0.0,15.5,247
2025-06-22T20:00,27.1,81,0.0,15.4,251
2025-06-22T21:00,26.8,86,0.7,11.3,245
2025-06-22T22:00,26.5,88,0.0,13.0,248
2025-06-22T23:00,26.6,88,0.1,11.1,243
2025-06-23T00:00,25.9,88,0.3,14.2,258
2025-06-23T01:00,26.1,87,0.1,12.5,247
2025-06-23T02:00,26.1,90,0.1,12.6,246
2025-06-23T03:00,24.9,94,0.8,11.6,263
2025-06-23T04:00,25.6,92,0.0,8.5,249
2025-06-23T05:00,25.3,95,0.0,8.5,238
2025-06-23T06:00,26.3,91,0.1,11.3,261
2025-06-23T07:00,26.9,89,0.1,15.2,259
2025-06-23T08:00,28.1,81,0.0,16.0,268
2025-06-23T09:00,28.4,80,0.0,16.6,272
2025-06-23T10:00,28.3,80,0.0,17.1,279
2025-06-23T11:00,27.7,85,0.6,13.8,282
2025-06-23T12:00,28.4,82,0.0,15.3,282
2025-06-23T13:00,28.7,80,0.1,13.0,265
2025-06-23T14:00,28.6,81,0.1,15.9,258
2025-06-23T15:00,28.1,82,0.4,17.1,263
2025-06-23T16:00,28.0,83,1.0,13.9,259
2025-06-23T17:00,28.1,81,0.1,12.8,242
2025-06-23T18:00,27.2,86,0.5,12.1,245
2025-06-23T19:00,26.6,91,0.5,12.5,226
2025-06-23T20:00,26.5,90,0.0,13.0,226
2025-06-23T21:00,26.6,90,0.0,14.3,223
2025-06-23T22:00,26.8,88,0.0,14.5,224
2025-06-23T23:00,26.7,88,0.0,14.5,228
2025-06-24T00:00,26.7,88,0.0,14.7,230
2025-06-24T01:00,26.6,89,0.0,15.3,232
2025-06-24T02:00,26.6,89,0.0,14.1,227
2025-06-24T03:00,26.7,88,0.0,12.8,228
2025-06-24T04:00,26.6,89,0.0,15.0,237
2025-06-24T05:00,26.7,88,0.0,15.0,240
2025-06-24T06:00,26.6,88,0.0,9.2,250
2025-06-24T07:00,27.4,85,0.0,12.7,239
2025-06-24T08:00,28.0,83,0.1,15.3,252
2025-06-24T09:00,28.9,78,0.1,15.6,254
2025-06-24T10:00,28.7,79,0.1,16.9,255
2025-06-24T11:00,29.4,75,0.1,15.9,257
2025-06-24T12:00,29.6,74,0.1,14.6,250
2025-06-24T13:00,29.6,72,0.8,20.5,257
2025-06-24T14:00,29.1,75,0.7,22.5,257
2025-06-24T15:00,28.6,77,0.5,20.4,256
2025-06-24T16:00,28.4,78,0.1,18.2,250
2025-06-24T17:00,28.0,79,0.1,15.9,248
2025-06-24T18:00,27.4,85,0.0,9.9,241
2025-06-24T19:00,27.4,81,0.1,13.0,252
2025-06-24T20:00,27.6,82,0.0,12.9,245
2025-06-24T21:00,27.5,83,0.0,14.1,247
2025-06-24T22:00,27.3,85,0.0,12.9,245
2025-06-24T23:00,27.2,85,0.0,13.2,242
2025-06-25T00:00,27.3,84,0.0,13.0,243
2025-06-25T01:00,27.1,85,0.0,14.4,242
2025-06-25T02:00,27.1,85,0.0,13.8,239
2025-06-25T03:00,26.3,89,0.3,13.6,241
2025-06-25T04:00,26.2,89,0.0,11.4,244
2025-06-25T05:00,25.9,90,0.2,11.8,236
2025-06-25T06:00,26.0,88,0.2,12.8,214
2025-06-25T07:00,27.3,84,0.0,9.7,230
2025-06-25T08:00,28.0,80,0.0,10.7,235
2025-06-25T09:00,26.2,84,0.8,13.0,250
2025-06-25T10:00,26.9,85,1.1,6.5,175
2025-06-25T11:00,28.2,82,0.0,11.1,234
2025-06-25T12:00,28.7,79,0.0,14.4,240
2025-06-25T13:00,28.9,79,0.1,15.1,229
2025-06-25T14:00,28.5,79,0.8,17.8,240
2025-06-25T15:00,28.8,77,1.1,17.2,238
2025-06-25T16:00,28.1,81,0.5,14.6,231
2025-06-25T17:00,27.4,84,0.1,13.8,234
2025-06-25T18:00,27.5,86,0.1,12.7,247
2025-06-25T19:00,26.7,86,0.6,12.8,259
2025-06-25T20:00,27.4,84,0.0,11.8,246
2025-06-25T21:00,27.5,82,0.0,12.8,241
2025-06-25T22:00,27.2,82,0.3,12.1,249
2025-06-25T23:00,26.3,85,0.6,8.5,215
2025-06-26T00:00,25.8,90,0.7,9.4,223
2025-06-26T01:00,25.6,93,0.5,7.3,232
2025-06-26T02:00,24.9,97,0.6,2.9,240
2025-06-26T03:00,24.8,95,1.2,4.8,135
2025-06-26T04:00,24.6,95,0.7,5.3,170
2025-06-26T05:00,23.9,97,1.4,3.5,125
2025-06-26T06:00,24.2,96,2.1,6.6,254
2025-06-26T07:00,24.3,94,2.3,5.7,127
2025-06-26T08:00,25.4,93,0.1,5.4,116
2025-06-26T09:00,27.5,86,0.1,4.7,152
2025-06-26T10:00,27.0,82,2.8,13.5,243
2025-06-26T11:00,27.8,81,0.3,8.5,218
2025-06-26T12:00,28.6,76,0.1,11.1,217
2025-06-26T13:00,27.0,85,0.3,14.4,237
2025-06-26T14:00,27.7,81,0.3,12.9,245
2025-06-26T15:00,28.1,79,0.2,13.3,240
2025-06-26T16:00,26.7,87,4.6,10.6,235
2025-06-26T17:00,26.9,85,0.1,10.3,230
2025-06-26T18:00,27.3,84,0.2,12.4,261
2025-06-26T19:00,25.3,89,0.7,11.5,212
2025-06-26T20:00,25.2,91,0.9,2.5,210
2025-06-26T21:00,25.4,94,0.4,4.5,194
2025-06-26T22:00,25.1,96,0.1,2.4,207
2025-06-26T23:00,25.1,96,0.0,3.3,135
2025-06-27T00:00,24.6,96,0.0,4.9,118
2025-06-27T01:00,24.4,96,0.0,4.4,109
2025-06-27T02:00,24.4,96,0.0,2.9,169
2025-06-27T03:00,24.5,96,0.0,1.1,180
2025-06-27T04:00,24.5,96,0.4,4.6,231
2025-06-27T05:00,24.8,95,2.1,6.2,206
2025-06-27T06:00,24.7,95,2.3,8.1,223
2025-06-27T07:00,25.8,91,0.2,5.0,154
2025-06-27T08:00,27.1,87,0.0,8.3,243
2025-06-27T09:00,27.7,82,0.1,10.7,247
2025-06-27T10:00,28.8,80,0.0,9.1,218
2025-06-27T11:00,29.1,78,0.1,14.2,244
2025-06-27T12:00,28.8,80,0.1,13.6,242
2025-06-27T13:00,28.7,81,0.2,16.0,244
2025-06-27T14:00,28.7,79,0.0,16.5,243
2025-06-27T15:00,28.8,78,0.0,14.4,240
2025-06-27T16:00,28.6,77,0.1,14.1,242
2025-06-27T17:00,28.2,79,0.1,14.2,244
2025-06-27T18:00,27.3,86,0.0,8.5,241
2025-06-27T19:00,27.0,88,0.0,7.8,228
2025-06-27T20:00,26.8,88,0.3,6.7,224
2025-06-27T21:00,26.7,89,0.0,7.3,222
2025-06-27T22:00,26.5,90,0.1,6.5,210
2025-06-27T23:00,26.1,89,1.1,7.0,238
2025-06-28T00:00,25.0,95,1.5,5.6,241
2025-06-28T01:00,25.0,96,0.1,5.6,202
2025-06-28T02:00,24.8,95,0.5,6.0,249
2025-06-28T03:00,24.9,96,0.7,3.7,235
2025-06-28T04:00,24.2,99,1.5,5.9,235
2025-06-28T05:00,24.4,97,0.2,6.6,131
2025-06-28T06:00,24.7,96,0.6,4.6,169
2025-06-28T07:00,25.1,95,0.5,3.4,196
2025-06-28T08:00,26.1,87,0.3,5.1,157
2025-06-28T09:00,26.6,87,0.2,7.0,235
2025-06-28T10:00,28.0,80,0.2,10.9,248
2025-06-28T11:00,27.8,82,0.3,13.5,249
2025-06-28T12:00,27.4,85,1.0,11.2,246
2025-06-28T13:00,27.7,80,0.2,10.3,243
2025-06-28T14:00,27.4,82,0.2,11.8,245
2025-06-28T15:00,26.1,86,0.9,12.6,250
2025-06-28T16:00,27.0,82,0.2,11.7,227
2025-06-28T17:00,26.5,87,0.2,9.6,244
2025-06-28T18:00,27.2,83,0.0,11.2,260
2025-06-28T19:00,26.6,86,0.3,8.8,229
2025-06-28T20:00,26.0,87,1.5,8.6,255
2025-06-28T21:00,26.2,89,2.1,10.0,256
2025-06-28T22:00,25.5,92,0.2,10.1,270
2025-06-28T23:00,25.8,89,0.8,13.1,263
2025-06-29T00:00,26.1,89,0.1,13.5,262
2025-06-29T01:00,25.8,91,0.4,11.5,266
2025-06-29T02:00,25.5,91,0.3,8.7,266
2025-06-29T03:00,25.4,92,0.3,8.6,268
2025-06-29T04:00,25.0,91,3.1,8.2,260
2025-06-29T05:00,25.1,94,0.9,7.2,257
2025-06-29T06:00,25.7,94,0.0,4.3,327
2025-06-29T07:00,26.6,91,0.0,5.6,292
2025-06-29T08:00,27.8,83,0.1,6.7,270
2025-06-29T09:00,28.1,81,0.2,6.8,248
2025-06-29T10:00,28.3,80,0.3,6.9,237
2025-06-29T11:00,28.6,78,0.3,11.0,251
2025-06-29T12:00,28.7,76,0.0,10.0,244
2025-06-29T13:00,29.0,75,0.0,10.5,246
2025-06-29T14:00,28.9,73,0.0,12.5,252
2025-06-29T15:00,28.5,73,0.0,11.5,248
2025-06-29T16:00,28.0,77,0.0,11.1,253
2025-06-29T17:00,27.7,81,0.0,9.9,251
2025-06-29T18:00,27.5,85,0.0,8.5,216
2025-06-29T19:00,27.1,87,0.0,8.1,211
2025-06-29T20:00,26.9,88,0.0,9.1,205
2025-06-29T21:00,26.8,88,0.0,10.0,208
2025-06-29T22:00,26.8,89,0.0,10.0,214
2025-06-29T23:00,26.7,90,0.0,8.2,220
2025-06-30T00:00,26.4,91,0.0,7.3,220
2025-06-30T01:00,26.4,91,0.0,8.1,239
2025-06-30T02:00,26.4,91,0.0,7.9,246
2025-06-30T03:00,26.4,90,0.1,10.3,254
2025-06-30T04:00,26.7,86,0.1,11.2,251
2025-06-30T05:00,26.7,85,0.1,11.6,255
2025-06-30T06:00,27.5,83,0.1,13.0,260
2025-06-30T07:00,27.9,81,0.0,12.8,261
2025-06-30T08:00,28.3,79,0.0,16.2,262
2025-06-30T09:00,29.1,75,0.0,17.6,262
2025-06-30T10:00,29.4,75,0.1,18.0,268
2025-06-30T11:00,29.6,75,0.0,16.4,268
2025-06-30T12:00,29.7,75,0.0,15.7,265
2025-06-30T13:00,29.6,75,0.0,15.7,265
2025-06-30T14:00,29.4,76,0.0,15.8,262
2025-06-30T15:00,29.2,77,0.0,13.8,250
2025-06-30T16:00,28.9,77,0.0,12.9,247
2025-06-30T17:00,28.3,79,0.0,12.6,245
2025-06-30T18:00,27.8,83,0.1,11.9,235
2025-06-30T19:00,27.5,84,0.1,12.1,228
2025-06-30T20:00,27.4,84,0.0,12.6,227
2025-06-30T21:00,27.4,84,0.0,13.0,232
2025-06-30T22:00,27.3,84,0.0,13.5,237
2025-06-30T23:00,27.2,85,0.1,15.3,234
2025-07-01T00:00,27.1,84,0.0,16.6,236
2025-07-01T01:00,27.2,84,0.0,16.8,244
2025-07-01T02:00,27.2,82,0.0,17.7,249
2025-07-01T03:00,26.9,83,0.0,16.9,250
2025-07-01T04:00,26.7,85,0.0,15.1,252
2025-07-01T05:00,26.8,84,0.0,14.1,245
2025-07-01T06:00,26.5,87,0.3,10.8,249
2025-07-01T07:00,27.6,82,0.2,12.5,254
2025-07-01T08:00,28.6,72,0.0,13.9,253
2025-07-01T09:00,28.7,74,0.9,16.1,260
2025-07-01T10:00,29.2,73,0.1,16.3,254
2025-07-01T11:00,29.6,70,0.1,16.2,255
2025-07-01T12:00,29.5,71,0.0,16.2,255
2025-07-01T13:00,29.5,71,0.1,18.1,254
2025-07-01T14:00,29.4,72,0.0,17.3,249
2025-07-01T15:00,29.1,72,0.1,17.8,247
2025-07-01T16:00,28.8,73,0.0,16.1,235
2025-07-01T17:00,28.2,76,0.0,14.1,226
2025-07-01T18:00,27.7,80,0.0,11.2,232
2025-07-01T19:00,27.4,82,0.0,11.1,231
2025-07-01T20:00,27.4,82,0.0,10.7,228
2025-07-01T21:00,27.2,82,0.1,12.3,230
2025-07-01T22:00,27.2,83,0.1,12.4,230
2025-07-01T23:00,27.1,83,0.0,12.5,224
2025-07-02T00:00,26.9,83,0.0,13.6,236
2025-07-02T01:00,27.0,82,0.0,12.3,233
2025-07-02T02:00,26.6,83,0.0,11.4,237
2025-07-02T03:00,26.2,85,0.1,10.0,231
2025-07-02T04:00,26.1,85,0.3,10.8,226
2025-07-02T05:00,25.1,91,0.5,8.2,232
2025-07-02T06:00,26.4,87,0.0,8.2,241
2025-07-02T07:00,26.9,84,0.3,8.9,251
2025-07-02T08:00,27.9,81,0.0,9.3,234
2025-07-02T09:00,28.8,77,0.1,13.1,238
2025-07-02T10:00,29.2,74,0.1,13.9,245
2025-07-02T11:00,29.4,74,0.0,13.5,247
2025-07-02T12:00,29.6,74,0.1,13.6,252
2025-07-02T13:00,29.6,74,0.1,14.3,260
2025-07-02T14:00,29.6,73,0.1,14.6,261
2025-07-02T15:00,29.0,76,0.1,13.4,258
2025-07-02T16:00,28.8,76,0.0,13.9,267
2025-07-02T17:00,28.2,78,0.0,13.5,266
2025-07-02T18:00,27.6,85,0.0,6.8,241
2025-07-02T19:00,27.4,87,0.0,6.6,237
2025-07-02T20:00,27.2,89,0.0,6.4,243
2025-07-02T21:00,27.0,89,0.0,7.3,239
2025-07-02T22:00,26.8,90,0.0,6.8,228
2025-07-02T23:00,26.8,90,0.1,6.9,250
2025-07-03T00:00,26.7,90,0.0,6.0,224
2025-07-03T01:00,26.6,89,0.2,10.3,243
2025-07-03T02:00,26.7,90,0.0,8.6,234
2025-07-03T03:00,26.0,94,0.0,6.2,229
2025-07-03T04:00,25.4,94,0.7,5.5,218
2025-07-03T05:00,24.7,95,1.6,7.2,202
2025-07-03T06:00,25.0,97,0.6,4.6,189
2025-07-03T07:00,25.6,91,0.7,7.5,188
2025-07-03T08:00,26.1,90,0.8,9.7,214
2025-07-03T09:00,27.3,85,0.3,8.5,215
2025-07-03T10:00,26.2,83,3.7,12.2,250
2025-07-03T11:00,27.7,83,1.7,11.8,239
2025-07-03T12:00,28.6,79,0.0,14.7,246
2025-07-03T13:00,28.3,81,0.1,13.7,236
2025-07-03T14:00,28.6,79,0.1,14.7,237
2025-07-03T15:00,28.6,77,0.1,14.3,237
2025-07-03T16:00,28.4,76,0.1,14.7,244
2025-07-03T17:00,28.0,78,0.1,13.8,241
2025-07-03T18:00,27.6,83,0.0,9.3,241
2025-07-03T19:00,27.4,84,0.0,8.9,238
2025-07-03T20:00,27.2,85,0.0,7.9,231
2025-07-03T21:00,26.9,87,0.0,7.1,227
2025-07-03T22:00,26.7,89,0.0,7.5,226
2025-07-03T23:00,26.5,89,0.0,8.1,231
2025-07-04T00:00,26.7,87,0.1,10.0,237
2025-07-04T01:00,26.8,86,0.0,11.7,239
2025-07-04T02:00,26.3,88,0.1,9.6,240
2025-07-04T03:00,25.7,91,0.1,6.2,229
2025-07-04T04:00,25.5,93,0.1,4.6,225
2025-07-04T05:00,25.3,95,0.1,6.0,224
2025-07-04T06:00,26.1,91,0.1,3.8,225
2025-07-04T07:00,27.1,90,0.0,4.5,230
2025-07-04T08:00,27.5,82,0.3,11.9,248
2025-07-04T09:00,27.6,79,0.2,6.7,226
2025-07-04T10:00,28.8,78,0.0,10.7,235
2025-07-04T11:00,29.1,77,0.0,11.1,240
2025-07-04T12:00,29.5,76,0.1,10.2,246
2025-07-04T13:00,29.4,77,0.0,10.8,244
2025-07-04T14:00,29.3,77,0.0,10.6,236
2025-07-04T15:00,28.9,79,0.0,10.8,233
2025-07-04T16:00,28.6,79,0.0,10.0,229
2025-07-04T17:00,28.1,82,0.0,10.1,221
2025-07-04T18:00,27.8,84,0.0,7.9,240
2025-07-04T19:00,27.5,86,0.0,5.7,235
2025-07-04T20:00,27.4,86,0.0,7.9,246
2025-07-04T21:00,27.3,86,0.0,9.4,244
2025-07-04T22:00,27.2,86,0.0,8.6,240
2025-07-04T23:00,27.0,88,0.0,7.7,221
2025-07-05T00:00,26.8,89,0.0,7.7,229
2025-07-05T01:00,26.6,91,0.0,5.6,225
2025-07-05T02:00,26.4,91,0.0,7.0,230
2025-07-05T03:00,26.4,91,0.0,7.7,234
2025-07-05T04:00,26.6,89,0.0,8.3,243
2025-07-05T05:00,26.6,89,0.0,7.6,234
2025-07-05T06:00,27.2,87,0.0,9.0,254
2025-07-05T07:00,28.0,83,0.2,11.3,252
2025-07-05T08:00,28.6,81,0.0,11.7,249
2025-07-05T09:00,28.9,79,0.1,14.2,252
2025-07-05T10:00,29.4,78,0.0,13.7,251
2025-07-05T11:00,29.7,75,0.1,13.4,253
2025-07-05T12:00,29.4,72,0.9,17.3,265
2025-07-05T13:00,29.4,76,0.3,17.3,260
2025-07-05T14:00,29.3,78,0.0,15.3,253
2025-07-05T15:00,29.0,78,0.0,15.2,256
2025-07-05T16:00,28.7,78,0.1,16.6,255
2025-07-05T17:00,28.1,81,0.1,16.2,251
2025-07-05T18:00,28.0,82,0.1,13.0,246
2025-07-05T19:00,27.8,83,0.0,12.7,247
2025-07-05T20:00,27.7,83,0.1,13.6,246
2025-07-05T21:00,27.5,84,0.1,13.1,247
2025-07-05T22:00,27.5,84,0.0,13.6,248
2025-07-05T23:00,27.3,85,0.0,14.8,248
2025-07-06T00:00,27.2,85,0.0,17.4,254
2025-07-06T01:00,27.0,85,0.0,17.2,259
2025-07-06T02:00,26.7,85,0.6,14.4,257
2025-07-06T03:00,25.7,91,1.2,14.9,242
2025-07-06T04:00,25.6,89,1.5,12.6,246
2025-07-06T05:00,25.5,93,0.2,9.8,238
2025-07-06T06:00,26.4,86,0.5,10.3,247
2025-07-06T07:00,27.1,83,0.1,11.5,256
2025-07-06T08:00,27.9,79,0.1,10.2,262
2025-07-06T09:00,28.4,77,0.1,13.5,265
2025-07-06T10:00,28.4,76,0.8,12.7,255
2025-07-06T11:00,28.6,76,0.0,14.6,265
2025-07-06T12:00,28.5,76,0.0,15.9,267
2025-07-06T13:00,29.0,74,0.1,16.2,267
2025-07-06T14:00,29.2,72,0.0,16.6,266
2025-07-06T15:00,28.4,74,0.1,18.2,262
2025-07-06T16:00,28.4,77,0.2,15.1,255
2025-07-06T17:00,28.2,77,0.0,15.1,250
2025-07-06T18:00,28.3,76,0.0,13.5,245
2025-07-06T19:00,28.1,77,0.0,15.1,242
2025-07-06T20:00,27.8,81,0.0,14.9,238
2025-07-06T21:00,27.6,83,0.0,14.7,237
2025-07-06T22:00,27.5,82,0.0,14.2,234
2025-07-06T23:00,27.8,78,0.0,14.2,240
2025-07-07T00:00,27.9,78,0.0,15.4,243
2025-07-07T01:00,27.8,78,0.0,14.9,243
2025-07-07T02:00,27.8,78,0.0,14.6,248
2025-07-07T03:00,27.7,79,0.0,15.4,249
2025-07-07T04:00,27.6,79,0.0,14.2,252
2025-07-07T05:00,27.4,81,0.0,13.7,249
2025-07-07T06:00,26.6,85,0.0,8.8,251
2025-07-07T07:00,28.1,78,0.0,9.5,248
2025-07-07T08:00,29.3,70,0.1,12.8,248
2025-07-07T09:00,29.6,69,0.2,15.8,255
2025-07-07T10:00,29.7,69,0.3,16.8,261
2025-07-07T11:00,30.1,68,0.2,17.8,264
2025-07-07T12:00,29.8,68,0.3,20.2,266
2025-07-07T13:00,30.0,67,0.2,18.4,265
2025-07-07T14:00,30.1,67,0.0,16.7,258
2025-07-07T15:00,29.8,69,0.0,15.0,254
2025-07-07T16:00,29.5,70,0.0,14.6,254
2025-07-07T17:00,28.9,73,0.0,13.7,249
2025-07-07T18:00,28.2,79,0.0,9.8,244
2025-07-07T19:00,28.0,80,0.0,10.6,244
2025-07-07T20:00,27.9,81,0.0,12.3,248
2025-07-07T21:00,27.7,81,0.0,13.1,247
2025-07-07T22:00,27.7,80,0.0,14.1,249
2025-07-07T23:00,27.7,79,0.1,15.2,249
2025-07-08T00:00,27.7,79,0.0,16.3,252
2025-07-08T01:00,27.7,80,0.0,18.1,254
2025-07-08T02:00,27.5,80,0.0,17.5,255
2025-07-08T03:00,27.4,82,0.0,18.5,257
2025-07-08T04:00,27.0,85,0.0,14.6,251
2025-07-08T05:00,27.0,84,0.0,16.2,256
2025-07-08T06:00,26.1,93,0.0,5.9,252
2025-07-08T07:00,27.3,85,0.1,8.1,273
2025-07-08T08:00,28.6,80,0.0,6.7,270
2025-07-08T09:00,29.9,68,0.0,15.2,274
2025-07-08T10:00,30.3,67,0.0,14.8,269
2025-07-08T11:00,30.5,67,0.1,16.4,267
2025-07-08T12:00,30.5,67,0.2,16.5,262
2025-07-08T13:00,30.6,68,0.0,16.0,259
2025-07-08T14:00,30.4,68,0.0,17.2,257
2025-07-08T15:00,30.0,69,0.0,17.5,251
2025-07-08T16:00,29.6,70,0.0,16.2,249
2025-07-08T17:00,29.0,73,0.0,14.5,248
2025-07-08T18:00,28.5,77,0.0,11.0,246
2025-07-08T19:00,28.4,77,0.0,13.4,252
2025-07-08T20:00,28.2,78,0.0,14.1,248
2025-07-08T21:00,28.1,78,0.0,14.9,249
2025-07-08T22:00,27.9,80,0.0,14.1,254
2025-07-08T23:00,28.0,80,0.0,14.6,257
2025-07-09T00:00,27.8,82,0.1,15.0,259
2025-07-09T01:00,27.6,82,0.0,14.5,253
2025-07-09T02:00,27.5,81,0.1,13.4,252
2025-07-09T03:00,27.4,80,0.1,12.6,256
2025-07-09T04:00,27.2,81,0.2,13.1,262
2025-07-09T05:00,27.2,85,0.1,11.4,258
2025-07-09T06:00,27.2,85,0.0,9.9,273
2025-07-09T07:00,28.3,78,0.2,15.5,273
2025-07-09T08:00,29.1,75,0.1,17.0,276
2025-07-09T09:00,29.6,72,0.0,15.0,267
2025-07-09T10:00,29.8,71,0.1,14.4,267
2025-07-09T11:00,30.0,70,0.2,18.4,270
2025-07-09T12:00,29.9,72,0.7,17.8,268
2025-07-09T13:00,30.0,73,0.0,16.4,265
2025-07-09T14:00,30.2,66,0.4,19.4,264
2025-07-09T15:00,29.4,74,0.7,18.8,265
2025-07-09T16:00,29.2,74,0.1,16.9,258
2025-07-09T17:00,28.7,76,0.0,16.8,255
2025-07-09T18:00,28.5,76,0.1,13.4,252
2025-07-09T19:00,28.3,78,0.0,12.0,244
2025-07-09T20:00,28.1,79,0.0,11.3,248
2025-07-09T21:00,28.1,80,0.0,12.5,252
2025-07-09T22:00,28.1,79,0.0,13.4,258
2025-07-09T23:00,27.8,81,0.3,13.1,262
2025-07-10T00:00,27.4,83,0.1,11.2,264
2025-07-10T01:00,26.8,85,0.0,9.9,261
2025-07-10T02:00,26.3,88,0.1,4.4,261
2025-07-10T03:00,25.4,90,1.0,3.1,135
2025-07-10T04:00,24.5,94,0.4,3.3,174
2025-07-10T05:00,25.0,92,0.4,3.3,151
2025-07-10T06:00,26.1,91,0.0,2.0,45
2025-07-10T07:00,27.3,83,0.9,3.8,278
2025-07-10T08:00,28.2,82,0.0,9.8,283
2025-07-10T09:00,29.0,74,0.2,14.1,286
2025-07-10T10:00,29.2,77,0.1,14.2,290
2025-07-10T11:00,29.9,74,0.1,13.8,282
2025-07-10T12:00,29.8,73,0.1,15.4,277
2025-07-10T13:00,30.1,71,0.1,16.6,273
2025-07-10T14:00,29.9,71,0.0,16.9,271
2025-07-10T15:00,29.5,73,0.0,16.5,262
2025-07-10T16:00,28.9,76,0.3,15.7,265
2025-07-10T17:00,28.4,80,0.3,13.4,253
2025-07-10T18:00,28.0,85,0.0,8.9,230
2025-07-10T19:00,27.7,88,0.0,7.7,231
2025-07-10T20:00,27.6,88,0.0,9.9,237
2025-07-10T21:00,27.6,87,0.0,11.4,242
2025-07-10T22:00,27.7,87,0.0,11.1,248
2025-07-10T23:00,27.4,87,0.0,12.8,248
2025-07-11T00:00,26.8,88,0.1,13.7,252
2025-07-11T01:00,27.0,84,0.1,12.9,250
2025-07-11T02:00,27.1,85,0.0,13.8,259
2025-07-11T03:00,26.9,85,0.1,14.7,264
2025-07-11T04:00,27.2,84,0.1,16.0,262
2025-07-11T05:00,27.5,79,0.0,17.0,257
2025-07-11T06:00,27.6,80,0.0,20.2,256
2025-07-11T07:00,28.0,78,0.1,20.9,263
2025-07-11T08:00,28.5,75,0.2,21.8,268
2025-07-11T09:00,29.0,73,0.3,21.8,267
2025-07-11T10:00,29.4,71,0.1,22.3,270
2025-07-11T11:00,29.6,70,0.2,25.6,272
2025-07-11T12:00,29.6,70,0.2,26.3,270
2025-07-11T13:00,29.4,70,0.3,27.1,274
2025-07-11T14:00,29.7,69,0.1,25.5,275
2025-07-11T15:00,29.4,70,0.1,25.1,275
2025-07-11T16:00,29.0,73,0.1,23.6,271
2025-07-11T17:00,28.7,73,0.0,22.1,270
2025-07-11T18:00,28.4,73,0.0,17.9,255
2025-07-11T19:00,28.3,73,0.0,18.3,255
2025-07-11T20:00,28.1,74,0.0,17.7,257
2025-07-11T21:00,28.2,73,0.0,18.0,256
2025-07-11T22:00,28.0,74,0.0,17.2,259
2025-07-11T23:00,27.9,75,0.0,15.8,262
2025-07-12T00:00,27.5,73,0.0,17.3,268
2025-07-12T01:00,27.8,75,0.1,18.2,267
2025-07-12T02:00,27.3,76,0.3,19.8,272
2025-07-12T03:00,26.3,82,1.0,11.5,271
2025-07-12T04:00,25.5,90,0.2,10.4,269
2025-07-12T05:00,25.8,90,0.1,10.9,278
2025-07-12T06:00,27.9,78,0.1,16.1,288
2025-07-12T07:00,28.2,76,0.1,16.7,284
2025-07-12T08:00,28.9,71,0.3,18.5,277
2025-07-12T09:00,29.0,72,1.1,17.6,278
2025-07-12T10:00,29.3,71,0.3,19.9,276
2025-07-12T11:00,28.7,78,2.2,17.1,271
2025-07-12T12:00,29.3,75,0.1,18.4,266
2025-07-12T13:00,29.4,73,0.0,16.9,259
2025-07-12T14:00,29.3,75,0.0,16.9,261
2025-07-12T15:00,29.2,75,0.0,18.0,259
2025-07-12T16:00,28.4,79,0.2,17.2,255
2025-07-12T17:00,28.2,79,0.0,13.7,249
2025-07-12T18:00,28.0,81,0.0,10.4,250
2025-07-12T19:00,27.8,84,0.0,9.6,220
2025-07-12T20:00,28.1,81,0.0,13.4,242
2025-07-12T21:00,28.0,82,0.0,14.7,242
2025-07-12T22:00,27.9,82,0.0,19.3,249
2025-07-12T23:00,27.7,84,0.0,17.1,244
2025-07-13T00:00,27.6,85,0.0,13.7,238
2025-07-13T01:00,27.3,86,0.1,13.3,237
2025-07-13T02:00,26.6,86,1.0,12.5,243
2025-07-13T03:00,26.5,84,0.7,13.5,256
2025-07-13T04:00,26.2,83,2.9,12.4,251
2025-07-13T05:00,26.1,89,0.7,12.1,255
2025-07-13T06:00,26.7,83,0.1,12.4,271
2025-07-13T07:00,28.1,75,0.1,15.3,269
2025-07-13T08:00,28.9,75,0.4,18.7,271
2025-07-13T09:00,29.2,76,0.6,16.2,271
2025-07-13T10:00,29.1,77,0.0,15.9,265
2025-07-13T11:00,30.0,71,0.0,18.0,266
2025-07-13T12:00,29.6,69,0.9,20.6,265
2025-07-13T13:00,29.6,70,2.7,18.7,263
2025-07-13T14:00,29.1,72,1.1,19.2,258
2025-07-13T15:00,29.0,73,0.9,21.1,259
2025-07-13T16:00,28.6,76,0.2,20.2,256
2025-07-13T17:00,28.1,81,0.0,17.8,250
2025-07-13T18:00,28.1,80,0.0,14.7,241
2025-07-13T19:00,27.9,81,0.0,15.4,237
2025-07-13T20:00,27.6,83,0.0,17.2,239
2025-07-13T21:00,27.3,84,0.0,16.7,242
2025-07-13T22:00,27.4,83,0.0,15.7,252
2025-07-13T23:00,27.0,85,0.0,17.2,254
2025-07-14T00:00,26.0,90,1.6,13.9,253
2025-07-14T01:00,26.3,89,0.1,14.2,252
2025-07-14T02:00,26.1,88,0.3,13.3,251
2025-07-14T03:00,25.7,90,0.0,13.6,259
2025-07-14T04:00,25.2,91,8.5,13.1,270
2025-07-14T05:00,25.6,89,0.2,15.3,255
2025-07-14T06:00,25.9,93,0.3,7.7,261
2025-07-14T07:00,26.9,89,0.1,8.7,252
2025-07-14T08:00,28.1,83,0.1,11.2,252
2025-07-14T09:00,28.7,79,0.0,16.4,257
2025-07-14T10:00,27.9,84,4.8,14.8,268
2025-07-14T11:00,28.4,80,0.3,17.7,274
2025-07-14T12:00,27.4,85,6.2,15.3,261
2025-07-14T13:00,28.2,79,0.1,16.8,265
2025-07-14T14:00,28.0,79,0.3,17.1,268
2025-07-14T15:00,28.0,79,0.3,19.3,262
2025-07-14T16:00,27.9,80,0.3,17.4,262
2025-07-14T17:00,27.6,81,0.3,17.8,257
2025-07-14T18:00,27.1,82,0.2,16.5,252
2025-07-14T19:00,27.3,83,0.0,14.5,248
2025-07-14T20:00,27.0,82,0.1,19.6,255
2025-07-14T21:00,26.7,85,0.2,17.9,255
2025-07-14T22:00,26.5,87,0.0,12.1,247
2025-07-14T23:00,26.5,88,0.0,13.8,249
2025-07-15T00:00,26.6,87,0.1,14.2,254
2025-07-15T01:00,26.3,87,0.0,15.2,263
2025-07-15T02:00,26.3,88,0.0,16.6,269
2025-07-15T03:00,26.4,87,0.0,15.7,276
2025-07-15T04:00,26.0,87,0.3,17.8,277
2025-07-15T05:00,26.0,88,0.2,16.3,276
2025-07-15T06:00,27.2,81,0.0,14.8,270
2025-07-15T07:00,26.9,81,0.1,17.2,265
2025-07-15T08:00,27.8,82,0.0,15.3,266
2025-07-15T09:00,28.3,79,0.0,14.2,268
2025-07-15T10:00,27.9,79,0.2,16.7,271
2025-07-15T11:00,28.4,78,0.4,17.7,273
2025-07-15T12:00,28.5,77,0.0,19.6,272
2025-07-15T13:00,28.9,76,0.0,16.7,262
2025-07-15T14:00,29.2,71,0.0,15.0,250
2025-07-15T15:00,28.6,74,0.0,16.9,246
2025-07-15T16:00,28.5,75,0.0,19.6,251
2025-07-15T17:00,27.8,80,0.0,17.8,258
2025-07-15T18:00,27.5,84,0.0,14.7,244
2025-07-15T19:00,27.6,83,0.0,15.3,246
2025-07-15T20:00,27.3,83,0.1,13.2,242
2025-07-15T21:00,26.9,82,0.3,11.9,238
2025-07-15T22:00,26.4,87,0.3,7.2,233
2025-07-15T23:00,25.7,93,0.5,9.3,238
2025-07-16T00:00,25.3,93,2.1,5.8,256
2025-07-16T01:00,24.7,96,2.2,5.8,234
2025-07-16T02:00,25.4,93,0.5,9.3,245
2025-07-16T03:00,25.2,94,0.1,10.0,256
2025-07-16T04:00,25.6,92,0.1,12.1,260
2025-07-16T05:00,25.3,93,0.6,11.0,264
2025-07-16T06:00,25.8,89,0.0,10.4,255
2025-07-16T07:00,26.5,87,1.0,10.4,249
2025-07-16T08:00,27.6,80,0.1,10.7,253
2025-07-16T09:00,28.3,78,0.2,14.7,255
2025-07-16T10:00,28.1,77,2.6,16.4,258
2025-07-16T11:00,28.3,77,0.2,16.4,258
2025-07-16T12:00,28.2,77,0.2,16.2,261
2025-07-16T13:00,27.9,80,3.8,13.6,262
2025-07-16T14:00,27.4,83,10.5,14.6,261
2025-07-16T15:00,27.1,87,3.1,13.2,267
2025-07-16T16:00,26.6,88,3.7,14.5,264
2025-07-16T17:00,25.7,92,13.1,16.8,267
2025-07-16T18:00,26.8,86,0.1,12.2,239
2025-07-16T19:00,26.8,86,0.1,14.7,245
2025-07-16T20:00,26.9,86,0.0,13.3,243
2025-07-16T21:00,27.1,85,0.0,17.0,250
2025-07-16T22:00,26.7,86,0.0,18.0,256
2025-07-16T23:00,26.9,85,0.0,16.8,255
2025-07-17T00:00,26.5,87,0.8,19.1,262
2025-07-17T01:00,26.7,85,0.0,16.3,264
2025-07-17T02:00,26.7,86,0.0,16.8,265
2025-07-17T03:00,26.6,86,0.0,16.4,274
2025-07-17T04:00,26.6,84,0.0,14.8,265
2025-07-17T05:00,26.6,83,0.0,11.8,262
2025-07-17T06:00,26.8,81,0.0,13.9,253
2025-07-17T07:00,27.5,78,0.0,15.5,250
2025-07-17T08:00,27.9,76,0.0,23.4,263
2025-07-17T09:00,28.3,76,0.0,20.4,250
2025-07-17T10:00,28.6,74,0.0,22.1,251
2025-07-17T11:00,28.8,74,0.0,22.2,246
2025-07-17T12:00,28.7,75,0.0,21.9,252
2025-07-17T13:00,29.1,68,0.2,20.3,255
2025-07-17T14:00,29.0,68,0.6,19.4,257
2025-07-17T15:00,28.7,74,0.8,17.4,252
2025-07-17T16:00,28.1,79,0.0,17.8,247
2025-07-17T17:00,27.7,78,0.2,17.7,250
2025-07-17T18:00,27.2,84,0.0,18.9,243
2025-07-17T19:00,26.9,85,0.2,16.7,240
2025-07-17T20:00,26.9,84,0.0,17.9,239
2025-07-17T21:00,26.7,85,0.7,21.3,251
2025-07-17T22:00,26.7,87,0.1,19.5,249
2025-07-17T23:00,26.7,86,0.0,18.6,256
2025-07-18T00:00,26.9,83,0.0,18.1,265
2025-07-18T01:00,26.7,86,0.0,16.6,264
2025-07-18T02:00,26.6,86,0.0,17.7,264
2025-07-18T03:00,26.5,86,0.0,17.5,270
2025-07-18T04:00,26.3,86,0.1,17.8,269
2025-07-18T05:00,26.3,86,0.2,16.0,268
2025-07-18T06:00,26.9,86,0.0,14.5,253
2025-07-18T07:00,27.4,84,0.0,15.3,261
2025-07-18T08:00,27.6,82,0.1,16.1,263
2025-07-18T09:00,28.1,81,0.3,17.1,266
2025-07-18T10:00,27.8,83,1.4,16.6,264
2025-07-18T11:00,28.9,78,0.1,17.2,257
2025-07-18T12:00,28.8,78,0.5,20.6,256
2025-07-18T13:00,28.5,81,1.2,21.4,255
2025-07-18T14:00,27.7,80,0.3,24.6,257
2025-07-18T15:00,27.6,81,0.1,26.5,260
2025-07-18T16:00,27.1,83,0.3,26.0,253
2025-07-18T17:00,26.7,86,2.7,25.8,256
2025-07-18T18:00,27.0,84,0.0,21.2,258
2025-07-18T19:00,26.7,85,0.0,20.1,257
2025-07-18T20:00,26.4,86,0.0,20.0,257
2025-07-18T21:00,26.4,88,0.0,19.8,239
2025-07-18T22:00,26.0,90,1.9,23.1,247
2025-07-18T23:00,26.3,89,0.2,23.9,256
2025-07-19T00:00,26.0,89,0.1,22.5,258
2025-07-19T01:00,25.9,90,1.2,23.6,260
2025-07-19T02:00,26.1,90,0.2,23.4,260
2025-07-19T03:00,26.2,89,0.0,21.1,266
2025-07-19T04:00,26.1,89,0.0,24.8,269
2025-07-19T05:00,26.4,86,0.0,23.2,277
2025-07-19T06:00,26.3,87,0.1,18.5,291
2025-07-19T07:00,26.8,83,0.0,21.6,280
2025-07-19T08:00,27.1,84,0.4,21.9,282
2025-07-19T09:00,27.3,83,0.2,22.7,287
2025-07-19T10:00,27.2,80,0.1,25.7,286
2025-07-19T11:00,27.8,80,0.0,23.7,285
2025-07-19T12:00,27.8,77,0.1,24.6,284
2025-07-19T13:00,28.0,77,0.3,26.7,280
2025-07-19T14:00,27.3,81,0.2,24.1,273
2025-07-19T15:00,27.5,79,0.1,21.8,270
2025-07-19T16:00,27.2,80,1.0,21.5,264
2025-07-19T17:00,26.0,87,1.4,21.4,270
2025-07-19T18:00,26.2,85,1.6,20.4,267
2025-07-19T19:00,26.2,84,0.6,21.1,268
2025-07-19T20:00,25.6,89,2.2,20.5,273
2025-07-19T21:00,25.5,90,0.4,16.9,262
2025-07-19T22:00,25.6,89,1.4,18.5,264
2025-07-19T23:00,26.0,87,0.1,19.4,264
2025-07-20T00:00,26.2,86,0.0,20.8,265
2025-07-20T01:00,25.8,86,0.0,24.2,266
2025-07-20T02:00,25.7,87,1.2,24.3,267
2025-07-20T03:00,25.9,87,0.1,21.3,273
2025-07-20T04:00,26.1,86,0.0,18.0,272
2025-07-20T05:00,25.3,87,0.7,17.5,275
2025-07-20T06:00,26.0,86,0.1,21.6,267
2025-07-20T07:00,26.4,82,0.0,19.8,262
2025-07-20T08:00,26.4,84,0.5,21.2,263
2025-07-20T09:00,27.2,82,0.1,20.9,263
2025-07-20T10:00,26.1,85,0.4,19.6,260
2025-07-20T11:00,27.2,80,0.2,23.4,258
2025-07-20T12:00,27.3,80,0.2,21.0,258
2025-07-20T13:00,26.7,84,0.1,20.9,259
2025-07-20T14:00,27.0,83,0.1,20.9,257
2025-07-20T15:00,26.0,86,2.1,19.1,251
2025-07-20T16:00,25.6,87,1.9,19.0,258
2025-07-20T17:00,25.6,87,1.0,19.4,260
2025-07-20T18:00,25.7,87,0.4,15.3,257
2025-07-20T19:00,25.3,88,0.8,17.6,257
2025-07-20T20:00,25.7,91,0.3,13.1,249
2025-07-20T21:00,25.6,89,1.3,14.7,252
2025-07-20T22:00,25.7,89,1.2,16.7,256
2025-07-20T23:00,25.5,90,1.6,16.3,262
2025-07-21T00:00,25.6,90,0.6,15.3,249
2025-07-21T01:00,25.4,93,3.2,16.0,245
2025-07-21T02:00,25.0,91,3.1,18.8,247
2025-07-21T03:00,25.0,90,2.3,19.1,259
2025-07-21T04:00,25.4,90,0.4,16.3,254
2025-07-21T05:00,25.6,87,0.2,15.6,255
2025-07-21T06:00,25.4,88,1.0,15.2,256
2025-07-21T07:00,26.0,87,1.1,14.6,254
2025-07-21T08:00,25.6,90,1.3,19.1,254
2025-07-21T09:00,26.2,84,0.3,14.1,257
2025-07-21T10:00,26.5,85,1.5,14.9,255
2025-07-21T11:00,27.3,81,0.3,16.7,251
2025-07-21T12:00,26.7,85,1.4,14.7,234
2025-07-21T13:00,26.3,85,0.1,15.8,243
2025-07-21T14:00,26.3,85,0.1,15.6,235
2025-07-21T15:00,25.5,89,2.7,15.8,234
2025-07-21T16:00,26.4,86,0.0,17.6,235
2025-07-21T17:00,26.2,85,0.2,19.2,243
2025-07-21T18:00,25.6,90,0.0,8.7,233
2025-07-21T19:00,25.2,89,0.5,14.3,239
2025-07-21T20:00,25.1,90,0.2,15.7,252
2025-07-21T21:00,25.8,87,0.1,16.3,244
2025-07-21T22:00,25.6,90,1.1,11.1,230
2025-07-21T23:00,25.3,91,0.7,15.3,234
2025-07-22T00:00,25.8,89,0.0,13.1,229
2025-07-22T01:00,25.5,91,0.0,13.9,227
2025-07-22T02:00,25.4,91,0.1,15.6,237
2025-07-22T03:00,24.9,92,5.0,15.5,242
2025-07-22T04:00,25.4,92,0.1,13.5,237
2025-07-22T05:00,25.0,91,0.1,16.1,242
2025-07-22T06:00,25.5,90,2.8,13.4,239
2025-07-22T07:00,25.7,89,0.5,17.0,246
2025-07-22T08:00,25.6,90,1.8,18.6,238
2025-07-22T09:00,26.8,85,0.2,16.9,236
2025-07-22T10:00,27.5,80,0.1,15.8,238
2025-07-22T11:00,27.0,85,1.0,18.0,238
2025-07-22T12:00,27.3,82,0.3,17.5,238
2025-07-22T13:00,27.1,82,0.1,16.8,238
2025-07-22T14:00,27.5,80,0.2,16.8,241
2025-07-22T15:00,26.5,87,3.9,15.8,244
2025-07-22T16:00,26.2,85,1.0,18.0,244
2025-07-22T17:00,26.2,87,0.1,16.9,241
2025-07-22T18:00,26.7,86,0.0,11.1,234
2025-07-22T19:00,26.2,89,0.0,12.3,231
2025-07-22T20:00,26.0,90,0.0,11.3,227
2025-07-22T21:00,26.1,86,0.1,12.6,239
2025-07-22T22:00,26.2,86,0.7,11.6,246
2025-07-22T23:00,26.0,86,1.2,12.6,246
2025-07-23T00:00,25.6,90,0.4,12.0,249
2025-07-23T01:00,25.3,90,0.5,13.6,244
2025-07-23T02:00,24.7,91,1.6,12.7,249
2025-07-23T03:00,25.3,91,0.0,12.8,250
2025-07-23T04:00,25.2,90,0.4,15.7,254
2025-07-23T05:00,24.1,92,2.1,17.7,257
2025-07-23T06:00,25.1,90,0.2,14.4,252
2025-07-23T07:00,25.0,90,1.6,13.6,259
2025-07-23T08:00,26.1,85,1.1,17.3,258
2025-07-23T09:00,26.5,85,0.5,14.1,247
2025-07-23T10:00,27.3,83,0.0,12.0,249
2025-07-23T11:00,27.8,81,0.1,15.3,251
2025-07-23T12:00,27.7,80,0.1,16.5,254
2025-07-23T13:00,27.8,81,0.0,15.4,247
2025-07-23T14:00,27.5,82,0.1,15.1,245
2025-07-23T15:00,27.7,80,0.2,16.4,243
2025-07-23T16:00,27.3,81,0.5,18.2,240
2025-07-23T17:00,27.0,82,0.3,17.5,241
2025-07-23T18:00,26.7,86,0.1,13.8,239
2025-07-23T19:00,26.5,87,0.1,11.5,240
2025-07-23T20:00,26.2,87,0.1,15.4,256
2025-07-23T21:00,26.1,86,0.1,14.8,254
2025-07-23T22:00,26.0,86,0.4,13.2,260
2025-07-23T23:00,25.1,90,0.3,15.5,266
2025-07-24T00:00,25.5,90,1.7,12.5,263
2025-07-24T01:00,25.6,89,0.2,15.4,254
2025-07-24T02:00,25.6,89,0.2,13.9,249
2025-07-24T03:00,25.9,88,0.0,13.0,246
2025-07-24T04:00,25.9,88,0.0,13.4,242
2025-07-24T05:00,25.6,89,0.2,11.5,243
2025-07-24T06:00,25.8,86,0.2,10.4,253
2025-07-24T07:00,26.4,85,0.2,9.1,243
2025-07-24T08:00,26.9,79,0.2,13.8,254
2025-07-24T09:00,27.4,80,0.0,13.4,246
2025-07-24T10:00,27.2,83,2.1,14.3,245
2025-07-24T11:00,25.8,84,2.6,23.6,258
2025-07-24T12:00,27.1,80,0.2,15.6,254
2025-07-24T13:00,27.6,79,0.1,21.3,258
2025-07-24T14:00,27.1,82,3.1,19.9,252
2025-07-24T15:00,26.6,85,0.8,16.0,249
2025-07-24T16:00,26.5,83,0.2,14.3,250
2025-07-24T17:00,26.3,85,0.1,15.7,248
2025-07-24T18:00,26.3,84,0.0,10.0,262
2025-07-24T19:00,26.2,86,0.0,8.6,260
2025-07-24T20:00,26.1,87,0.0,10.8,249
2025-07-24T21:00,26.0,88,0.0,11.6,244
2025-07-24T22:00,25.7,89,0.3,10.2,242
2025-07-24T23:00,25.5,90,0.3,8.1,227
2025-07-25T00:00,25.6,91,0.0,8.8,219
2025-07-25T01:00,25.4,91,0.0,8.7,220
2025-07-25T02:00,25.2,93,0.7,7.8,203
2025-07-25T03:00,25.3,93,0.1,9.0,215
2025-07-25T04:00,25.3,93,0.0,9.1,202
2025-07-25T05:00,25.1,93,0.2,8.6,202
2025-07-25T06:00,25.2,93,0.0,8.0,185
2025-07-25T07:00,26.1,91,0.0,7.4,177
2025-07-25T08:00,27.2,82,0.1,11.5,209
2025-07-25T09:00,28.0,78,0.0,12.8,215
2025-07-25T10:00,28.0,78,0.1,14.2,221
2025-07-25T11:00,27.4,80,0.7,18.1,236
2025-07-25T12:00,27.3,81,0.1,17.0,228
2025-07-25T13:00,27.5,79,0.2,16.8,226
2025-07-25T14:00,27.1,83,0.2,18.5,233
2025-07-25T15:00,26.3,86,0.2,15.5,227
2025-07-25T16:00,26.6,85,0.0,18.0,229
2025-07-25T17:00,26.5,84,0.2,14.0,221
2025-07-25T18:00,26.5,84,0.0,11.9,221
2025-07-25T19:00,25.8,87,0.5,13.7,224
2025-07-25T20:00,25.5,88,0.1,15.0,225
2025-07-25T21:00,26.1,87,0.2,13.3,221
2025-07-25T22:00,25.9,83,0.5,12.2,236
2025-07-25T23:00,25.6,88,0.0,10.6,249
2025-07-26T00:00,25.0,89,2.6,14.0,271
2025-07-26T01:00,24.9,91,4.9,14.9,263
2025-07-26T02:00,25.2,91,0.2,12.2,256
2025-07-26T03:00,25.1,92,0.3,11.8,245
2025-07-26T04:00,25.1,93,0.8,9.2,228
2025-07-26T05:00,25.0,93,0.0,9.0,210
2025-07-26T06:00,24.9,95,0.1,6.0,241
2025-07-26T07:00,24.5,93,2.6,12.8,271
2025-07-26T08:00,25.0,93,1.6,10.5,221
2025-07-26T09:00,26.1,87,0.0,10.2,212
2025-07-26T10:00,27.5,79,0.0,7.5,213
2025-07-26T11:00,27.8,74,0.0,4.6,231
2025-07-26T12:00,28.4,72,0.0,5.2,266
2025-07-26T13:00,28.5,72,0.0,6.7,251
2025-07-26T14:00,27.6,77,0.0,8.4,251
2025-07-26T15:00,27.4,80,0.0,7.9,259
2025-07-26T16:00,27.4,80,0.0,11.6,263
2025-07-26T17:00,26.9,82,0.0,11.3,269
2025-07-26T18:00,25.7,85,0.6,15.3,282
2025-07-26T19:00,25.7,86,1.3,13.9,283
2025-07-26T20:00,25.1,91,8.2,13.4,266
2025-07-26T21:00,25.5,90,0.8,12.0,249
2025-07-26T22:00,25.5,91,1.0,8.8,247
2025-07-26T23:00,25.3,92,0.9,6.7,236
2025-07-27T00:00,25.0,94,0.1,2.7,203
2025-07-27T01:00,24.6,96,0.0,4.4,159
2025-07-27T02:00,24.3,97,0.0,2.8,145
2025-07-27T03:00,23.9,98,0.1,1.7,148
2025-07-27T04:00,23.9,97,0.0,2.8,145
2025-07-27T05:00,23.7,97,0.0,5.1,129
2025-07-27T06:00,25.0,91,0.0,5.9,142
2025-07-27T07:00,25.9,88,0.0,6.1,148
2025-07-27T08:00,27.1,84,0.1,7.1,204
2025-07-27T09:00,27.9,79,0.0,8.5,235
2025-07-27T10:00,28.3,75,0.0,11.5,256
2025-07-27T11:00,28.5,74,0.0,11.8,261
2025-07-27T12:00,28.5,74,0.0,16.2,262
2025-07-27T13:00,28.6,75,0.0,12.8,248
2025-07-27T14:00,28.5,75,0.0,12.4,249
2025-07-27T15:00,28.0,76,0.0,12.9,261
2025-07-27T16:00,27.6,79,0.0,10.0,257
2025-07-27T17:00,27.1,82,0.0,11.0,267
2025-07-27T18:00,26.6,82,0.0,8.6,241
2025-07-27T19:00,26.2,87,0.0,10.1,230
2025-07-27T20:00,26.3,89,0.0,10.3,229
2025-07-27T21:00,26.2,89,0.0,10.3,224
2025-07-27T22:00,26.1,90,0.0,9.0,227
2025-07-27T23:00,25.9,92,0.0,7.2,217
2025-07-28T00:00,25.8,93,0.0,7.3,230
2025-07-28T01:00,25.6,93,0.0,6.5,231
2025-07-28T02:00,25.6,93,0.0,5.5,232
2025-07-28T03:00,25.6,93,0.0,5.7,238
2025-07-28T04:00,25.6,92,0.0,6.3,252
2025-07-28T05:00,25.6,92,0.1,6.6,257
2025-07-28T06:00,25.4,92,0.2,1.4,230
2025-07-28T07:00,26.5,90,0.0,2.3,209
2025-07-28T08:00,27.5,83,0.1,4.0,219
2025-07-28T09:00,28.4,78,0.0,7.2,238
2025-07-28T10:00,28.7,75,0.0,9.9,243
2025-07-28T11:00,28.9,74,0.0,11.0,252
2025-07-28T12:00,28.8,76,0.0,11.5,241
2025-07-28T13:00,28.7,77,0.0,14.2,248
2025-07-28T14:00,28.5,78,0.0,14.8,248
2025-07-28T15:00,28.1,81,0.1,14.9,247
2025-07-28T16:00,27.8,81,0.1,18.8,257
2025-07-28T17:00,27.4,83,0.0,16.0,256
2025-07-28T18:00,26.9,88,0.0,8.9,228
2025-07-28T19:00,26.6,89,0.0,6.6,213
2025-07-28T20:00,26.4,90,0.0,4.7,173
2025-07-28T21:00,26.2,92,0.0,5.4,166
2025-07-28T22:00,26.0,92,0.0,6.3,156
2025-07-28T23:00,25.7,93,0.0,5.5,153
2025-07-29T00:00,25.4,94,0.1,2.5,240
2025-07-29T01:00,25.6,92,0.0,6.9,264
2025-07-29T02:00,26.0,89,0.0,8.4,260
2025-07-29T03:00,25.7,90,0.0,5.4,262
2025-07-29T04:00,24.9,93,0.0,0.6,214
2025-07-29T05:00,24.4,96,0.0,1.6,174
2025-07-29T06:00,24.8,93,0.0,3.7,137
2025-07-29T07:00,26.2,91,0.0,4.5,157
2025-07-29T08:00,27.6,85,0.0,4.2,185
2025-07-29T09:00,28.6,78,0.0,6.4,243
2025-07-29T10:00,29.1,71,0.0,7.6,271
2025-07-29T11:00,29.4,70,0.0,9.0,293
2025-07-29T12:00,29.5,69,0.0,9.4,277
2025-07-29T13:00,29.1,73,0.0,10.8,266
2025-07-29T14:00,28.7,76,0.0,12.4,272
2025-07-29T15:00,28.6,77,0.0,13.9,273
2025-07-29T16:00,28.1,80,0.0,15.9,265
2025-07-29T17:00,27.4,84,0.0,13.0,260
2025-07-29T18:00,26.6,88,0.0,6.4,238
2025-07-29T19:00,26.6,86,0.0,7.6,248
2025-07-29T20:00,26.7,85,0.0,5.2,236
2025-07-29T21:00,26.4,87,0.0,3.7,231
2025-07-29T22:00,26.4,85,0.0,2.8,135
2025-07-29T23:00,25.5,91,0.0,5.1,117
2025-07-30T00:00,24.9,94,0.0,4.8,124
2025-07-30T01:00,24.7,95,0.0,3.2,142
2025-07-30T02:00,24.5,95,0.0,3.3,112
2025-07-30T03:00,24.2,95,0.0,2.0,117
2025-07-30T04:00,24.4,93,0.0,2.5,120
2025-07-30T05:00,24.6,92,0.0,4.2,211
2025-07-30T06:00,24.9,89,0.0,6.5,136
2025-07-30T07:00,26.2,88,0.0,6.5,157
2025-07-30T08:00,27.8,83,0.0,7.7,205
2025-07-30T09:00,28.5,78,0.0,9.2,247
2025-07-30T10:00,28.8,77,0.0,9.2,263
2025-07-30T11:00,28.9,76,0.0,10.1,272
2025-07-30T12:00,29.2,74,0.0,9.8,278
2025-07-30T13:00,28.8,77,0.0,14.3,263
2025-07-30T14:00,28.5,78,0.0,15.5,269
2025-07-30T15:00,28.2,80,0.0,13.9,272
2025-07-30T16:00,28.0,81,0.0,11.3,271
2025-07-30T17:00,27.4,84,0.0,9.4,268
2025-07-30T18:00,26.9,88,0.0,6.7,236
2025-07-30T19:00,26.7,89,0.0,7.5,230
2025-07-30T20:00,26.6,89,0.0,6.8,230
2025-07-30T21:00,26.6,89,0.0,5.7,215
2025-07-30T22:00,26.6,89,0.0,7.5,224
2025-07-30T23:00,26.6,89,0.0,9.0,233
2025-07-31T00:00,26.7,88,0.0,9.3,233
2025-07-31T01:00,26.4,89,0.0,12.7,249
2025-07-31T02:00,26.3,90,0.0,14.5,265
2025-07-31T03:00,26.2,85,0.9,18.6,279
2025-07-31T04:00,25.8,91,0.5,17.9,279
2025-07-31T05:00,26.1,91,0.0,11.2,280
2025-07-31T06:00,25.9,90,0.1,6.6,261
2025-07-31T07:00,26.8,87,0.0,9.9,268
2025-07-31T08:00,27.4,83,0.1,12.4,268
2025-07-31T09:00,27.9,80,0.4,12.4,268
2025-07-31T10:00,28.1,80,0.2,11.9,271
2025-07-31T11:00,28.4,81,0.0,12.5,266
2025-07-31T12:00,28.4,80,0.0,13.9,266
2025-07-31T13:00,28.6,78,0.1,13.1,261
2025-07-31T14:00,28.0,80,0.0,14.8,261
2025-07-31T15:00,28.0,80,0.0,11.9,266
2025-07-31T16:00,27.5,82,0.0,7.1,254
2025-07-31T17:00,27.1,84,0.0,7.8,236
2025-07-31T18:00,26.9,87,0.0,9.2,253
2025-07-31T19:00,26.6,88,0.0,7.4,247
2025-07-31T20:00,26.5,89,0.0,6.2,237
2025-07-31T21:00,26.5,89,0.0,6.4,238
2025-07-31T22:00,26.4,90,0.0,4.2,239
2025-07-31T23:00,26.1,91,0.0,3.9,217
2025-08-01T00:00,25.9,92,0.1,6.7,250
2025-08-01T01:00,26.0,91,0.0,9.4,266
2025-08-01T02:00,26.1,91,0.1,13.0,272
2025-08-01T03:00,26.1,87,0.1,14.7,278
2025-08-01T04:00,26.1,86,0.6,15.0,286
2025-08-01T05:00,26.1,88,0.3,19.1,290
2025-08-01T06:00,26.1,91,0.3,12.5,293
2025-08-01T07:00,26.7,90,0.1,17.2,290
2025-08-01T08:00,27.3,87,0.2,14.9,282
2025-08-01T09:00,28.0,84,0.0,14.1,276
2025-08-01T10:00,28.4,82,0.1,12.8,284
2025-08-01T11:00,28.4,83,0.1,12.7,281
2025-08-01T12:00,28.5,82,0.0,12.8,275
2025-08-01T13:00,28.6,79,0.2,14.2,279
2025-08-01T14:00,28.0,82,0.1,15.0,276
2025-08-01T15:00,27.5,84,0.0,15.7,271
2025-08-01T16:00,27.4,84,0.0,15.5,267
2025-08-01T17:00,27.1,86,0.0,13.2,266
2025-08-01T18:00,26.6,88,1.0,9.6,247
2025-08-01T19:00,26.5,88,0.7,10.2,247
2025-08-01T20:00,26.2,92,1.1,7.6,255
2025-08-01T21:00,26.1,94,0.0,6.0,261
2025-08-01T22:00,25.7,88,1.7,6.3,252
2025-08-01T23:00,25.5,94,0.0,5.2,226
2025-08-02T00:00,25.2,96,0.3,8.0,256
2025-08-02T01:00,25.2,93,0.8,9.8,265
2025-08-02T02:00,25.3,93,0.7,11.6,264
2025-08-02T03:00,25.7,91,0.1,12.4,273
2025-08-02T04:00,25.7,89,0.2,13.6,277
2025-08-02T05:00,25.8,87,0.2,15.9,276
2025-08-02T06:00,25.6,88,0.8,14.9,261
2025-08-02T07:00,26.2,87,0.1,17.8,268
2025-08-02T08:00,26.8,83,0.1,20.0,274
2025-08-02T09:00,27.5,80,0.2,18.7,269
2025-08-02T10:00,27.6,79,1.1,19.3,274
2025-08-02T11:00,27.1,83,0.5,19.1,273
2025-08-02T12:00,27.8,81,0.1,18.9,277
2025-08-02T13:00,27.8,81,0.0,18.2,272
2025-08-02T14:00,27.2,83,0.1,18.7,272
2025-08-02T15:00,27.5,82,0.3,19.5,273
2025-08-02T16:00,26.8,86,0.1,17.8,277
2025-08-02T17:00,26.8,84,0.1,14.6,266
2025-08-02T18:00,26.4,88,0.2,9.5,248
2025-08-02T19:00,26.2,89,0.0,9.2,235
2025-08-02T20:00,26.3,88,0.0,12.2,234
2025-08-02T21:00,26.1,87,0.1,15.2,244
2025-08-02T22:00,26.2,87,0.3,16.9,255
2025-08-02T23:00,26.0,89,0.2,17.3,261
2025-08-03T00:00,26.0,89,0.1,16.4,271
2025-08-03T01:00,26.0,88,0.0,13.5,274
2025-08-03T02:00,26.0,90,0.1,14.1,277
2025-08-03T03:00,26.0,88,0.3,17.7,275
2025-08-03T04:00,25.9,89,0.5,16.3,263
2025-08-03T05:00,25.7,90,0.4,13.9,271
2025-08-03T06:00,25.5,90,1.2,17.1,237
2025-08-03T07:00,25.2,93,1.8,12.4,210
2025-08-03T08:00,25.3,94,1.5,9.6,210
2025-08-03T09:00,26.3,89,0.8,10.3,235
2025-08-03T10:00,26.7,82,1.9,16.0,241
2025-08-03T11:00,25.7,86,4.3,17.3,249
2025-08-03T12:00,25.3,90,1.4,10.7,234
2025-08-03T13:00,26.3,85,1.1,13.9,243
2025-08-03T14:00,26.7,83,0.8,15.2,244
2025-08-03T15:00,26.6,85,0.3,13.0,246
2025-08-03T16:00,26.4,86,0.2,16.7,249
2025-08-03T17:00,26.0,88,0.1,14.5,256
2025-08-03T18:00,26.0,89,0.0,4.7,270
2025-08-03T19:00,25.8,91,0.0,3.5,246
2025-08-03T20:00,25.6,92,0.0,3.8,211
2025-08-03T21:00,25.6,92,0.0,6.5,222
2025-08-03T22:00,25.4,91,0.0,7.1,214
2025-08-03T23:00,25.2,91,0.0,7.3,226
2025-08-04T00:00,25.0,92,0.0,7.3,245
2025-08-04T01:00,25.2,89,0.0,10.7,258
2025-08-04T02:00,25.6,87,0.0,12.6,257
2025-08-04T03:00,25.7,87,0.0,11.7,253
2025-08-04T04:00,25.6,88,0.0,10.5,250
2025-08-04T05:00,25.4,89,0.0,9.2,244
2025-08-04T06:00,25.2,92,0.0,9.6,200
2025-08-04T07:00,26.3,87,0.0,13.3,220
2025-08-04T08:00,27.2,80,0.3,17.8,237
2025-08-04T09:00,27.8,80,0.1,16.5,236
2025-08-04T10:00,28.2,78,0.0,14.7,234
2025-08-04T11:00,28.7,75,0.0,15.8,235
2025-08-04T12:00,28.7,75,0.0,15.9,233
2025-08-04T13:00,28.6,74,0.0,16.8,232
2025-08-04T14:00,27.9,77,0.6,20.4,243
2025-08-04T15:00,27.5,78,1.0,21.1,246
2025-08-04T16:00,27.3,80,0.7,18.5,249
2025-08-04T17:00,26.9,81,0.2,16.8,247
2025-08-04T18:00,26.4,85,0.0,10.0,218
2025-08-04T19:00,26.2,87,0.0,9.0,215
2025-08-04T20:00,25.9,91,0.0,6.9,195
2025-08-04T21:00,25.6,93,0.0,7.5,207
2025-08-04T22:00,25.7,90,0.2,11.1,226
2025-08-04T23:00,25.3,90,0.2,12.0,234
2025-08-05T00:00,25.4,89,0.2,10.7,243
2025-08-05T01:00,25.1,93,0.3,13.4,248
2025-08-05T02:00,25.4,90,0.1,10.6,238
2025-08-05T03:00,24.9,89,0.5,11.9,256
2025-08-05T04:00,25.1,91,0.1,10.3,258
2025-08-05T05:00,24.9,91,0.6,13.5,257
2025-08-05T06:00,25.6,87,0.7,9.8,256
2025-08-05T07:00,26.3,88,0.0,7.8,257
2025-08-05T08:00,27.3,79,0.0,9.5,255
2025-08-05T09:00,27.7,78,0.1,13.0,260
2025-08-05T10:00,27.3,82,1.0,13.1,255
2025-08-05T11:00,27.4,81,0.2,12.6,253
2025-08-05T12:00,27.9,77,0.0,13.2,253
2025-08-05T13:00,27.6,79,0.2,17.2,250
2025-08-05T14:00,26.5,85,5.1,16.5,259
2025-08-05T15:00,27.1,80,0.2,14.1,256
2025-08-05T16:00,26.8,80,0.0,17.0,254
2025-08-05T17:00,26.5,82,0.1,16.7,249
2025-08-05T18:00,26.3,85,0.0,11.9,228
2025-08-05T19:00,26.2,85,0.0,16.0,236
2025-08-05T20:00,26.1,85,0.0,13.6,236
2025-08-05T21:00,26.0,86,0.0,11.5,231
2025-08-05T22:00,25.8,88,0.0,9.9,232
2025-08-05T23:00,25.8,88,0.0,11.0,245
2025-08-06T00:00,25.7,88,0.0,11.3,241
2025-08-06T01:00,25.5,89,0.0,9.6,233
2025-08-06T02:00,25.5,87,0.2,12.7,247
2025-08-06T03:00,25.7,85,0.2,16.5,254
2025-08-06T04:00,25.7,87,0.0,15.7,261
2025-08-06T05:00,25.8,86,0.0,16.3,265
2025-08-06T06:00,25.9,88,0.0,11.8,245
2025-08-06T07:00,26.6,84,0.0,11.8,241
2025-08-06T08:00,27.0,82,0.1,14.9,250
2025-08-06T09:00,27.3,81,0.2,17.3,256
2025-08-06T10:00,27.6,80,0.2,17.3,262
2025-08-06T11:00,27.9,79,0.1,17.7,268
2025-08-06T12:00,27.9,79,0.1,18.6,268
2025-08-06T13:00,27.9,78,0.1,18.9,268
2025-08-06T14:00,27.9,78,0.0,17.8,269
2025-08-06T15:00,27.6,81,0.0,13.8,261
2025-08-06T16:00,27.3,82,0.0,13.5,258
2025-08-06T17:00,26.9,83,0.0,13.4,255
2025-08-06T18:00,26.4,87,0.0,9.5,231
2025-08-06T19:00,26.3,88,0.0,8.9,225
2025-08-06T20:00,26.2,89,0.0,7.7,219
2025-08-06T21:00,26.0,89,0.0,7.5,226
2025-08-06T22:00,25.9,90,0.0,7.4,221
2025-08-06T23:00,25.7,92,0.0,6.7,224
2025-08-07T00:00,25.7,91,0.1,8.8,231
2025-08-07T01:00,25.9,89,0.0,12.8,246
2025-08-07T02:00,25.9,89,0.1,13.4,243
2025-08-07T03:00,25.9,90,0.1,14.2,249
2025-08-07T04:00,25.8,90,0.0,13.6,253
2025-08-07T05:00,25.7,91,0.1,11.7,255
2025-08-07T06:00,25.0,89,0.3,4.5,254
2025-08-07T07:00,25.9,90,0.1,2.7,242
2025-08-07T08:00,27.2,84,0.0,7.7,240
2025-08-07T09:00,27.9,79,0.1,11.6,242
2025-08-07T10:00,28.2,78,0.2,14.3,245
2025-08-07T11:00,28.2,78,0.4,16.7,250
2025-08-07T12:00,28.3,78,0.3,16.5,248
2025-08-07T13:00,28.3,78,0.2,16.4,249
2025-08-07T14:00,28.1,79,0.2,17.0,248
2025-08-07T15:00,27.6,80,0.5,16.5,243
2025-08-07T16:00,27.3,80,0.1,14.7,245
2025-08-07T17:00,27.0,82,0.2,13.7,243
2025-08-07T18:00,26.7,86,0.0,8.7,207
2025-08-07T19:00,26.5,88,0.1,8.9,212
2025-08-07T20:00,26.3,89,0.1,8.9,209
2025-08-07T21:00,26.2,89,0.0,9.5,209
2025-08-07T22:00,26.1,89,0.0,10.5,215
2025-08-07T23:00,25.7,90,0.1,11.7,225
2025-08-08T00:00,25.9,89,0.1,12.7,226
2025-08-08T01:00,26.0,87,0.0,12.3,230
2025-08-08T02:00,26.0,85,0.1,13.4,244
2025-08-08T03:00,25.8,88,0.0,14.1,243
2025-08-08T04:00,25.6,90,0.0,14.9,248
2025-08-08T05:00,25.9,89,0.0,13.9,249
2025-08-08T06:00,25.8,88,0.0,7.5,262
2025-08-08T07:00,26.5,86,0.0,8.7,252
2025-08-08T08:00,27.2,82,0.2,11.8,244
2025-08-08T09:00,28.0,79,0.1,13.4,244
2025-08-08T10:00,28.3,78,0.2,15.1,244
2025-08-08T11:00,28.5,77,0.0,15.9,248
2025-08-08T12:00,28.5,77,0.0,16.1,246
2025-08-08T13:00,28.7,76,0.0,15.9,245
2025-08-08T14:00,28.4,71,0.8,16.3,244
2025-08-08T15:00,28.0,73,0.4,16.1,240
2025-08-08T16:00,27.5,79,0.1,15.3,236
2025-08-08T17:00,27.1,80,0.1,13.0,229
2025-08-08T18:00,26.8,86,0.0,6.5,208
2025-08-08T19:00,26.6,85,0.0,8.3,202
2025-08-08T20:00,26.4,87,0.0,8.5,201
2025-08-08T21:00,26.1,88,0.1,8.0,194
2025-08-08T22:00,25.9,89,0.3,8.9,193
2025-08-08T23:00,25.9,88,0.1,9.0,203
2025-08-09T00:00,26.0,87,0.0,10.8,208
2025-08-09T01:00,25.8,88,0.0,9.3,204
2025-08-09T02:00,25.6,89,0.0,9.2,203
2025-08-09T03:00,25.2,90,0.1,9.3,205
2025-08-09T04:00,25.1,92,0.0,8.7,202
2025-08-09T05:00,25.1,90,0.1,7.0,203
2025-08-09T06:00,25.1,92,0.0,6.6,191
2025-08-09T07:00,25.8,92,0.0,4.9,172
2025-08-09T08:00,26.6,85,0.1,5.3,215
2025-08-09T09:00,27.1,82,0.2,8.4,208
2025-08-09T10:00,27.9,78,0.0,8.9,209
2025-08-09T11:00,28.5,75,0.0,11.6,222
2025-08-09T12:00,28.6,74,0.1,13.0,221
2025-08-09T13:00,28.7,73,0.0,12.8,228
2025-08-09T14:00,28.5,74,0.0,14.2,232
2025-08-09T15:00,27.9,75,0.0,14.5,232
2025-08-09T16:00,27.7,76,0.0,13.8,231
2025-08-09T17:00,27.3,77,0.1,12.6,222
2025-08-09T18:00,26.9,84,0.0,10.0,216
2025-08-09T19:00,26.6,86,0.0,9.0,213
2025-08-09T20:00,26.4,87,0.0,9.0,211
2025-08-09T21:00,26.3,88,0.0,8.6,210
2025-08-09T22:00,26.1,89,0.0,7.8,203
2025-08-09T23:00,25.8,90,0.0,8.3,200
2025-08-10T00:00,25.7,90,0.0,8.8,200
2025-08-10T01:00,25.6,89,0.2,9.1,197
2025-08-10T02:00,25.4,90,0.1,8.5,197
2025-08-10T03:00,25.0,91,0.1,9.0,202
2025-08-10T04:00,24.9,91,0.2,8.0,203
2025-08-10T05:00,24.8,92,0.1,7.3,189
2025-08-10T06:00,25.2,92,0.1,6.5,185
2025-08-10T07:00,26.3,88,0.1,7.1,187
2025-08-10T08:00,27.4,80,0.0,9.0,210
2025-08-10T09:00,28.2,74,0.1,12.6,217
2025-08-10T10:00,28.7,72,0.4,13.9,220
2025-08-10T11:00,28.8,72,0.4,16.2,222
2025-08-10T12:00,29.0,72,0.2,17.2,224
2025-08-10T13:00,29.1,70,0.0,18.4,229
2025-08-10T14:00,28.8,71,0.0,19.5,231
2025-08-10T15:00,28.5,69,0.4,19.0,232
2025-08-10T16:00,28.0,73,0.1,16.7,229
2025-08-10T17:00,27.7,72,0.1,14.6,231
2025-08-10T18:00,27.1,80,0.0,9.6,227
2025-08-10T19:00,26.4,83,0.5,8.6,231
2025-08-10T20:00,26.3,84,0.0,9.0,218
2025-08-10T21:00,26.2,85,0.0,10.3,209
2025-08-10T22:00,26.1,85,0.0,9.4,211
2025-08-10T23:00,26.0,86,0.0,7.1,199
2025-08-11T00:00,25.7,86,0.1,7.4,214
2025-08-11T01:00,25.0,87,0.6,8.5,222
2025-08-11T02:00,24.8,90,0.3,7.2,205
2025-08-11T03:00,24.1,91,0.6,6.7,183
2025-08-11T04:00,24.1,94,0.6,8.0,172
2025-08-11T05:00,23.9,96,0.4,9.8,197
2025-08-11T06:00,24.4,90,1.7,2.2,246
2025-08-11T07:00,24.8,91,1.6,4.4,69
2025-08-11T08:00,25.1,90,0.1,3.8,82
2025-08-11T09:00,25.5,90,0.7,5.9,153
2025-08-11T10:00,26.1,85,0.2,5.8,248
2025-08-11T11:00,25.6,87,0.5,10.2,239
2025-08-11T12:00,26.6,83,0.2,11.3,224
2025-08-11T13:00,26.9,81,0.1,14.2,240
2025-08-11T14:00,27.1,77,0.2,13.6,241
2025-08-11T15:00,27.4,81,0.1,13.0,237
2025-08-11T16:00,27.0,82,0.0,12.1,237
2025-08-11T17:00,26.6,81,0.3,12.0,240
2025-08-11T18:00,26.3,87,0.2,7.2,202
2025-08-11T19:00,25.9,90,0.0,6.8,197
2025-08-11T20:00,25.8,91,0.0,8.3,213
2025-08-11T21:00,25.7,91,0.0,9.5,216
2025-08-11T22:00,25.6,91,0.0,8.1,219
2025-08-11T23:00,25.4,89,0.3,9.9,233
2025-08-12T00:00,25.6,90,0.0,8.9,234
2025-08-12T01:00,25.8,87,0.0,11.6,237
2025-08-12T02:00,25.6,86,0.5,12.5,247
2025-08-12T03:00,25.3,86,0.7,13.9,247
2025-08-12T04:00,25.2,88,0.3,13.6,252
2025-08-12T05:00,25.3,89,0.1,12.6,246
2025-08-12T06:00,25.1,88,0.2,12.8,250
2025-08-12T07:00,26.1,86,0.1,10.0,237
2025-08-12T08:00,27.4,80,0.0,13.1,238
2025-08-12T09:00,27.4,79,0.4,16.0,247
2025-08-12T10:00,27.7,77,0.0,18.7,253
2025-08-12T11:00,28.0,75,0.3,20.1,253
2025-08-12T12:00,28.2,77,0.2,18.4,258
2025-08-12T13:00,26.5,79,0.6,22.0,255
2025-08-12T14:00,27.2,80,0.1,15.2,249
2025-08-12T15:00,27.3,80,0.2,15.5,247
2025-08-12T16:00,26.5,82,0.5,18.5,255
2025-08-12T17:00,26.3,82,0.4,17.5,248
2025-08-12T18:00,26.5,83,0.5,11.5,238
2025-08-12T19:00,25.9,86,0.0,13.8,244
2025-08-12T20:00,26.1,86,0.0,15.9,245
2025-08-12T21:00,26.0,87,0.0,13.5,236
2025-08-12T22:00,26.0,87,0.0,17.1,246
2025-08-12T23:00,25.9,88,0.0,17.5,245
2025-08-13T00:00,25.8,89,0.0,16.9,243
2025-08-13T01:00,25.7,87,0.0,16.3,245
2025-08-13T02:00,25.4,87,0.7,17.4,259
2025-08-13T03:00,25.7,86,0.1,17.1,253
2025-08-13T04:00,25.1,88,0.2,16.3,254
2025-08-13T05:00,24.4,91,2.5,17.1,262
2025-08-13T06:00,25.5,87,0.1,14.1,251
2025-08-13T07:00,25.9,88,0.1,15.2,253
2025-08-13T08:00,26.7,83,0.1,17.5,261
2025-08-13T09:00,27.6,79,0.0,17.0,260
2025-08-13T10:00,28.0,80,0.0,15.6,254
2025-08-13T11:00,28.5,78,0.0,17.4,254
2025-08-13T12:00,28.4,78,0.1,17.4,259
2025-08-13T13:00,28.3,77,0.1,18.8,258
2025-08-13T14:00,28.0,78,0.0,19.6,255
2025-08-13T15:00,27.0,81,0.1,16.5,254
2025-08-13T16:00,26.3,86,0.7,11.4,246
2025-08-13T17:00,26.4,86,0.0,12.2,242
2025-08-13T18:00,26.6,84,0.0,14.3,255
2025-08-13T19:00,26.4,86,0.0,10.9,246
2025-08-13T20:00,26.3,88,0.0,10.3,243
2025-08-13T21:00,26.3,86,0.0,11.4,243
2025-08-13T22:00,26.4,85,0.1,12.3,243
2025-08-13T23:00,26.3,87,0.0,12.7,240
2025-08-14T00:00,26.2,87,0.0,10.8,232
2025-08-14T01:00,25.6,86,0.5,11.1,239
2025-08-14T02:00,25.2,90,0.3,7.0,222
2025-08-14T03:00,24.8,92,0.6,8.9,228
2025-08-14T04:00,24.4,95,0.2,6.8,228
2025-08-14T05:00,24.4,95,0.1,7.8,228
2025-08-14T06:00,24.0,91,0.8,2.8,195
2025-08-14T07:00,24.8,91,0.5,6.8,162
2025-08-14T08:00,26.2,90,0.0,3.8,191
2025-08-14T09:00,27.7,82,0.1,9.3,224
2025-08-14T10:00,28.2,76,0.0,12.4,244
2025-08-14T11:00,28.0,77,0.1,15.2,249
2025-08-14T12:00,27.9,79,0.5,15.2,257
2025-08-14T13:00,28.0,76,0.2,14.6,251
2025-08-14T14:00,28.4,75,0.1,14.3,251
2025-08-14T15:00,28.1,74,0.9,15.7,242
2025-08-14T16:00,27.5,78,0.2,16.2,249
2025-08-14T17:00,27.1,80,0.1,16.2,243
2025-08-14T18:00,26.7,84,0.1,8.9,238
2025-08-14T19:00,26.5,85,0.0,10.3,227
2025-08-14T20:00,26.2,85,0.1,10.6,238
2025-08-14T21:00,26.1,86,0.0,11.5,231
2025-08-14T22:00,25.5,87,0.1,14.0,237
2025-08-14T23:00,25.1,90,0.4,12.3,235
2025-08-15T00:00,24.8,91,0.4,10.9,232
2025-08-15T01:00,24.6,91,0.6,9.1,231
2025-08-15T02:00,24.6,94,0.1,7.8,238
2025-08-15T03:00,24.0,95,0.4,8.0,243
2025-08-15T04:00,24.4,94,0.4,7.0,252
2025-08-15T05:00,23.8,97,0.2,8.1,266
2025-08-15T06:00,25.8,83,0.0,13.3,243
2025-08-15T07:00,26.3,81,0.0,13.0,251
2025-08-15T08:00,26.6,80,0.5,13.1,254
2025-08-15T09:00,26.6,80,0.2,13.5,247
2025-08-15T10:00,27.8,75,0.0,17.7,255
2025-08-15T11:00,28.4,72,0.1,17.9,258
2025-08-15T12:00,28.7,70,0.0,20.3,264
2025-08-15T13:00,28.6,71,0.1,19.4,264
2025-08-15T14:00,28.5,72,0.0,18.4,261
2025-08-15T15:00,28.0,74,0.1,19.7,262
2025-08-15T16:00,27.7,75,0.1,18.1,260
2025-08-15T17:00,27.2,78,0.2,16.9,258
2025-08-15T18:00,26.9,83,0.1,12.1,247
2025-08-15T19:00,26.8,83,0.0,12.9,245
2025-08-15T20:00,26.7,83,0.0,14.5,243
2025-08-15T21:00,26.7,82,0.0,15.3,248
2025-08-15T22:00,26.6,83,0.0,14.0,244
2025-08-15T23:00,26.7,82,0.0,15.7,246
2025-08-16T00:00,26.7,82,0.0,14.4,244
2025-08-16T01:00,26.3,84,0.0,12.8,244
2025-08-16T02:00,25.8,84,0.3,13.9,249
2025-08-16T03:00,25.7,86,0.0,13.1,243
2025-08-16T04:00,25.3,88,0.0,12.4,251
2025-08-16T05:00,24.7,88,0.3,12.2,257
2025-08-16T06:00,26.2,81,0.2,19.2,260
2025-08-16T07:00,26.7,79,0.0,18.3,256
2025-08-16T08:00,26.1,82,0.3,12.7,249
2025-08-16T09:00,27.7,75,0.4,19.8,259
2025-08-16T10:00,28.1,74,0.7,20.7,262
2025-08-16T11:00,28.3,74,0.6,20.7,263
2025-08-16T12:00,28.7,72,0.1,18.6,258
2025-08-16T13:00,28.7,73,0.1,18.2,253
2025-08-16T14:00,28.3,75,0.3,19.4,255
2025-08-16T15:00,27.9,75,0.2,20.7,255
2025-08-16T16:00,27.5,74,0.3,20.5,255
2025-08-16T17:00,27.2,79,0.1,16.7,251
2025-08-16T18:00,27.2,80,0.0,14.2,246
2025-08-16T19:00,27.0,81,0.0,15.6,246
2025-08-16T20:00,26.7,82,0.0,16.5,250
2025-08-16T21:00,26.5,81,0.1,18.3,250
2025-08-16T22:00,25.6,88,0.9,14.5,253
2025-08-16T23:00,26.0,85,0.3,17.2,257
2025-08-17T00:00,25.9,87,0.3,14.3,255
2025-08-17T01:00,25.8,85,0.7,16.1,264
2025-08-17T02:00,26.1,87,0.0,16.3,247
2025-08-17T03:00,25.6,91,1.8,16.1,254
2025-08-17T04:00,25.8,89,0.0,16.0,246
2025-08-17T05:00,25.5,88,0.1,15.7,245
2025-08-17T06:00,25.7,87,1.8,16.7,244
2025-08-17T07:00,26.1,88,0.2,13.9,256
2025-08-17T08:00,26.9,86,2.1,11.3,239
2025-08-17T09:00,26.6,84,0.2,17.3,255
2025-08-17T10:00,27.7,82,0.0,16.0,247
2025-08-17T11:00,28.2,80,0.0,14.3,245
2025-08-17T12:00,28.2,80,0.1,13.1,237
2025-08-17T13:00,28.3,78,0.2,14.0,241
2025-08-17T14:00,28.0,79,0.4,17.6,247
2025-08-17T15:00,27.8,80,0.2,17.8,247
2025-08-17T16:00,27.6,81,0.2,16.3,247
2025-08-17T17:00,27.3,82,0.1,15.1,244
2025-08-17T18:00,26.9,86,0.0,11.1,234
2025-08-17T19:00,26.7,86,0.0,11.4,235
2025-08-17T20:00,26.8,86,0.0,11.0,230
2025-08-17T21:00,26.9,85,0.0,11.9,232
2025-08-17T22:00,26.6,86,0.2,12.6,237
2025-08-17T23:00,26.1,87,0.1,11.6,234
2025-08-18T00:00,25.5,90,0.3,12.6,239
2025-08-18T01:00,25.8,89,0.2,11.2,229
2025-08-18T02:00,25.6,92,0.0,11.6,231
2025-08-18T03:00,25.6,90,0.0,13.4,235
2025-08-18T04:00,24.7,92,0.1,11.7,255
2025-08-18T05:00,25.4,91,0.1,10.6,219
2025-08-18T06:00,25.5,93,0.0,6.5,278
2025-08-18T07:00,25.8,93,0.3,3.1,220
2025-08-18T08:00,26.9,91,0.1,5.4,222
2025-08-18T09:00,28.4,81,0.1,9.0,226
2025-08-18T10:00,26.7,82,0.9,10.5,243
2025-08-18T11:00,28.6,77,0.2,12.6,243
2025-08-18T12:00,28.4,78,0.4,15.8,249
2025-08-18T13:00,28.9,74,0.0,16.9,254
2025-08-18T14:00,28.7,75,0.0,16.7,256
2025-08-18T15:00,28.5,76,0.1,15.5,255
2025-08-18T16:00,28.1,78,0.1,14.3,258
2025-08-18T17:00,27.6,80,0.1,14.1,256
2025-08-18T18:00,27.0,86,0.0,7.6,227
2025-08-18T19:00,26.7,88,0.0,8.9,225
2025-08-18T20:00,26.6,88,0.0,10.3,229
2025-08-18T21:00,26.5,89,0.0,9.2,228
2025-08-18T22:00,26.3,89,0.0,9.6,229
2025-08-18T23:00,26.2,90,0.0,8.2,230
2025-08-19T00:00,26.1,90,0.0,7.3,228
2025-08-19T01:00,25.9,90,0.0,7.4,221
2025-08-19T02:00,25.8,91,0.0,7.3,226
2025-08-19T03:00,25.8,90,0.0,7.2,235
2025-08-19T04:00,25.8,89,0.0,7.2,238
2025-08-19T05:00,25.8,88,0.0,7.7,242
2025-08-19T06:00,26.4,86,0.0,9.2,253
2025-08-19T07:00,27.1,84,0.0,8.9,256
2025-08-19T08:00,27.8,81,0.0,9.4,252
2025-08-19T09:00,28.3,78,0.0,9.4,253
2025-08-19T10:00,28.7,77,0.0,10.7,257
2025-08-19T11:00,28.9,75,0.0,11.7,266
2025-08-19T12:00,29.0,75,0.0,11.0,268
2025-08-19T13:00,29.0,75,0.0,12.6,268
2025-08-19T14:00,28.8,76,0.1,12.7,263
2025-08-19T15:00,28.6,76,0.0,12.3,262
2025-08-19T16:00,28.2,78,0.0,11.8,257
2025-08-19T17:00,27.7,81,0.0,9.1,248
2025-08-19T18:00,27.2,84,0.0,8.1,233
2025-08-19T19:00,26.8,86,0.0,7.6,202
2025-08-19T20:00,26.4,90,0.0,8.1,198
2025-08-19T21:00,26.2,91,0.0,7.7,189
2025-08-19T22:00,26.0,92,0.0,7.8,195
2025-08-19T23:00,25.9,93,0.0,7.8,188
2025-08-20T00:00,25.6,94,0.0,5.3,168
2025-08-20T01:00,25.3,95,0.0,3.5,171
2025-08-20T02:00,24.9,96,0.1,2.6,192
2025-08-20T03:00,24.8,96,0.0,2.6,196
2025-08-20T04:00,24.4,97,0.1,2.3,184
2025-08-20T05:00,24.4,97,0.1,1.3,214
2025-08-20T06:00,24.9,94,0.0,2.2,185
2025-08-20T07:00,26.1,92,0.0,1.8,174
2025-08-20T08:00,27.6,83,0.1,3.0,245
2025-08-20T09:00,28.5,78,0.0,7.6,274
2025-08-20T10:00,28.9,76,0.1,9.7,273
2025-08-20T11:00,29.2,74,0.0,9.9,271
2025-08-20T12:00,29.4,72,0.0,12.1,275
2025-08-20T13:00,29.3,74,0.0,10.8,270
2025-08-20T14:00,29.2,74,0.0,12.3,267
2025-08-20T15:00,28.8,77,0.0,11.2,259
2025-08-20T16:00,28.3,79,0.0,13.1,254
2025-08-20T17:00,27.7,81,0.0,10.6,252
2025-08-20T18:00,27.1,86,0.0,7.9,240
2025-08-20T19:00,26.9,87,0.0,8.3,231
2025-08-20T20:00,26.7,87,0.0,7.0,228
2025-08-20T21:00,26.4,90,0.0,5.7,212
2025-08-20T22:00,25.9,93,0.0,4.7,184
2025-08-20T23:00,25.6,94,0.0,5.0,182
2025-08-21T00:00,25.3,96,0.0,5.0,178
2025-08-21T01:00,25.2,96,0.0,5.2,178
2025-08-21T02:00,25.1,96,0.0,4.8,205
2025-08-21T03:00,25.1,96,0.0,5.1,198
2025-08-21T04:00,25.0,96,0.0,5.6,180
2025-08-21T05:00,24.8,97,0.0,4.7,180
2025-08-21T06:00,24.7,97,0.0,5.0,139
2025-08-21T07:00,26.0,91,0.0,4.2,160
2025-08-21T08:00,27.6,83,0.1,5.8,219
2025-08-21T09:00,28.5,77,0.0,7.1,232
2025-08-21T10:00,29.1,73,0.0,8.6,247
2025-08-21T11:00,29.5,70,0.0,9.1,249
2025-08-21T12:00,29.7,69,0.0,10.4,253
2025-08-21T13:00,29.4,70,0.0,11.2,252
2025-08-21T14:00,29.3,69,0.0,12.0,252
2025-08-21T15:00,28.9,71,0.0,12.5,250
2025-08-21T16:00,28.4,73,0.0,11.8,246
2025-08-21T17:00,27.9,74,0.0,12.3,243
2025-08-21T18:00,27.3,81,0.0,10.1,230
2025-08-21T19:00,26.9,85,0.0,8.4,222
2025-08-21T20:00,26.8,85,0.0,8.2,221
2025-08-21T21:00,26.7,87,0.0,7.2,207
2025-08-21T22:00,26.3,89,0.0,6.2,197
2025-08-21T23:00,26.1,91,0.0,7.4,209
2025-08-22T00:00,26.0,91,0.0,7.0,215
2025-08-22T01:00,25.8,92,0.0,6.9,211
2025-08-22T02:00,25.7,92,0.0,7.8,209
2025-08-22T03:00,25.7,92,0.0,8.5,216
2025-08-22T04:00,25.4,93,0.0,7.2,231
2025-08-22T05:00,25.4,91,0.3,6.5,219
2025-08-22T06:00,25.2,93,0.4,6.5,208
2025-08-22T07:00,25.7,90,0.2,5.1,225
2025-08-22T08:00,26.8,84,0.3,5.7,215
2025-08-22T09:00,27.1,83,0.3,6.8,207
2025-08-22T10:00,27.2,81,0.2,8.5,209
2025-08-22T11:00,28.1,78,0.1,11.5,210
2025-08-22T12:00,29.0,73,0.2,13.9,234
2025-08-22T13:00,29.1,72,0.4,17.9,248
2025-08-22T14:00,28.9,74,0.2,18.8,248
2025-08-22T15:00,28.8,74,0.1,17.9,248
2025-08-22T16:00,28.4,75,0.1,16.2,241
2025-08-22T17:00,27.8,77,0.1,14.6,240
2025-08-22T18:00,27.4,82,0.0,11.1,230
2025-08-22T19:00,26.9,85,0.0,11.0,230
2025-08-22T20:00,26.8,85,0.0,10.5,239
2025-08-22T21:00,26.7,86,0.0,9.8,238
2025-08-22T22:00,26.6,87,0.0,9.5,237
2025-08-22T23:00,26.3,89,0.0,7.9,215
2025-08-23T00:00,26.1,90,0.0,9.0,215
2025-08-23T01:00,25.9,90,0.1,9.6,223
2025-08-23T02:00,25.9,90,0.1,10.3,223
2025-08-23T03:00,26.0,88,0.1,8.4,222
2025-08-23T04:00,25.8,87,0.1,9.1,232
2025-08-23T05:00,25.6,88,0.2,8.4,233
2025-08-23T06:00,24.2,93,1.9,7.1,223
2025-08-23T07:00,24.9,89,1.5,6.1,212
2025-08-23T08:00,25.2,89,0.4,8.2,128
2025-08-23T09:00,26.9,81,0.1,9.7,195
2025-08-23T10:00,27.8,78,0.0,11.3,217
2025-08-23T11:00,27.3,81,0.3,7.6,218
2025-08-23T12:00,26.5,83,0.5,9.3,241
2025-08-23T13:00,27.5,76,0.2,7.5,253
2025-08-23T14:00,28.0,75,0.1,8.4,223
2025-08-23T15:00,27.9,77,0.0,8.2,213
2025-08-23T16:00,27.6,79,0.0,8.2,202
2025-08-23T17:00,27.4,80,0.0,9.4,227
2025-08-23T18:00,27.4,82,0.0,8.5,222
2025-08-23T19:00,26.9,86,0.0,8.5,215
2025-08-23T20:00,26.7,88,0.0,8.5,207
2025-08-23T21:00,26.4,90,0.0,6.3,204
2025-08-23T22:00,26.1,92,0.1,5.9,211
2025-08-23T23:00,25.9,92,0.0,6.0,219
2025-08-24T00:00,25.7,92,0.0,6.9,221
2025-08-24T01:00,25.7,92,0.0,7.3,232
2025-08-24T02:00,25.7,91,0.0,7.6,234
2025-08-24T03:00,25.5,91,0.1,7.1,234
2025-08-24T04:00,25.5,90,0.1,7.3,242
2025-08-24T05:00,25.5,90,0.1,7.6,242
2025-08-24T06:00,25.8,90,0.0,6.4,245
2025-08-24T07:00,27.1,84,0.0,4.6,244
2025-08-24T08:00,28.2,78,0.1,8.9,246
2025-08-24T09:00,29.1,72,0.1,10.4,244
2025-08-24T10:00,29.5,70,0.0,10.5,243
2025-08-24T11:00,29.8,68,0.0,11.4,246
2025-08-24T12:00,29.9,68,0.0,12.6,250
2025-08-24T13:00,29.6,70,0.1,13.6,255
2025-08-24T14:00,29.5,70,0.0,12.6,253
2025-08-24T15:00,29.3,71,0.0,13.0,256
2025-08-24T16:00,28.8,72,0.0,13.4,248
2025-08-24T17:00,28.2,74,0.0,13.0,243
2025-08-24T18:00,27.4,82,0.0,9.0,226
2025-08-24T19:00,27.1,85,0.0,7.0,215
2025-08-24T20:00,26.9,88,0.0,6.3,217
2025-08-24T21:00,26.5,91,0.0,6.1,204
2025-08-24T22:00,26.1,93,0.0,6.0,213
2025-08-24T23:00,26.0,93,0.0,6.8,220
2025-08-25T00:00,25.9,93,0.0,6.1,223
2025-08-25T01:00,25.7,94,0.0,5.9,235
2025-08-25T02:00,25.6,94,0.0,5.3,237
2025-08-25T03:00,25.5,94,0.0,5.5,234
2025-08-25T04:00,25.5,93,0.0,4.9,231
2025-08-25T05:00,25.4,94,0.0,4.9,242
2025-08-25T06:00,25.5,96,0.0,3.8,245
2025-08-25T07:00,26.8,89,0.0,3.6,240
2025-08-25T08:00,28.1,79,0.0,7.9,243
2025-08-25T09:00,29.3,71,0.0,8.5,242
2025-08-25T10:00,29.9,67,0.0,9.0,240
2025-08-25T11:00,30.3,64,0.0,9.6,236
2025-08-25T12:00,30.5,64,0.0,11.9,231
2025-08-25T13:00,30.3,65,0.0,15.6,231
2025-08-25T14:00,29.9,66,0.0,18.3,231
2025-08-25T15:00,29.5,66,0.0,19.4,230
2025-08-25T16:00,28.9,68,0.0,18.9,231
2025-08-25T17:00,28.2,71,0.1,15.9,232
2025-08-25T18:00,27.7,77,0.1,14.7,231
2025-08-25T19:00,27.6,79,0.0,12.0,237
2025-08-25T20:00,27.4,79,0.0,12.2,229
2025-08-25T21:00,27.4,79,0.0,12.0,224
2025-08-25T22:00,27.2,80,0.0,12.9,228
2025-08-25T23:00,27.0,80,0.1,14.3,230
2025-08-26T00:00,26.7,81,0.3,15.6,234
2025-08-26T01:00,26.1,83,0.1,14.4,234
2025-08-26T02:00,26.3,81,0.2,13.6,238
2025-08-26T03:00,26.7,81,0.0,15.2,243
2025-08-26T04:00,26.7,80,0.1,14.2,248
2025-08-26T05:00,26.6,80,0.0,13.0,244
2025-08-26T06:00,25.5,90,0.1,8.2,244
2025-08-26T07:00,26.0,82,0.1,7.6,243
2025-08-26T08:00,28.1,71,0.6,10.3,254
2025-08-26T09:00,29.4,64,0.1,16.7,258
2025-08-26T10:00,29.8,63,0.1,17.0,253
2025-08-26T11:00,30.2,63,0.1,16.0,251
2025-08-26T12:00,30.4,63,0.0,14.8,247
2025-08-26T13:00,30.2,64,0.0,17.0,248
2025-08-26T14:00,29.8,65,0.0,18.5,251
2025-08-26T15:00,29.6,65,0.0,18.8,250
2025-08-26T16:00,28.8,69,0.2,18.1,253
2025-08-26T17:00,28.2,73,0.2,17.3,248
2025-08-26T18:00,27.9,75,0.2,14.5,247
2025-08-26T19:00,27.5,78,0.0,12.2,245
2025-08-26T20:00,27.4,79,0.0,11.1,236
2025-08-26T21:00,27.2,80,0.0,11.4,231
2025-08-26T22:00,27.2,80,0.0,11.8,230
2025-08-26T23:00,27.2,79,0.0,13.0,231
2025-08-27T00:00,27.1,79,0.0,13.2,235
2025-08-27T01:00,26.8,81,0.0,14.2,240
2025-08-27T02:00,26.6,80,0.1,14.1,243
2025-08-27T03:00,26.0,84,0.1,11.4,251
2025-08-27T04:00,26.2,80,0.4,11.4,252
2025-08-27T05:00,25.9,81,0.5,11.3,252
2025-08-27T06:00,26.8,81,0.1,14.5,250
2025-08-27T07:00,27.7,76,0.1,17.5,253
2025-08-27T08:00,28.4,72,0.2,18.8,255
2025-08-27T09:00,29.0,69,0.2,18.8,256
2025-08-27T10:00,29.5,66,0.1,18.9,252
2025-08-27T11:00,29.7,65,0.2,20.7,253
2025-08-27T12:00,29.6,65,0.1,20.4,254
2025-08-27T13:00,29.6,65,0.0,21.1,253
2025-08-27T14:00,28.4,71,0.3,21.0,248
2025-08-27T15:00,27.9,74,0.2,20.5,242
2025-08-27T16:00,27.4,76,0.1,17.8,239
2025-08-27T17:00,26.7,78,0.1,18.2,235
2025-08-27T18:00,26.7,82,0.0,13.4,233
2025-08-27T19:00,26.1,84,0.0,14.2,234
2025-08-27T20:00,26.2,85,0.0,12.2,239
2025-08-27T21:00,25.4,85,0.2,8.3,236
2025-08-27T22:00,25.1,93,0.1,9.6,247
2025-08-27T23:00,25.7,88,0.0,11.1,248
2025-08-28T00:00,25.4,89,0.1,13.8,246
2025-08-28T01:00,24.8,89,1.5,14.4,262
2025-08-28T02:00,24.9,89,0.6,17.9,251
2025-08-28T03:00,25.1,89,2.2,16.3,248
2025-08-28T04:00,25.3,89,0.5,12.3,248
2025-08-28T05:00,25.4,88,0.0,12.0,233
2025-08-28T06:00,26.5,83,0.0,16.0,247
2025-08-28T07:00,26.9,80,0.0,18.1,249
2025-08-28T08:00,27.7,77,0.0,17.2,242
2025-08-28T09:00,28.2,76,0.0,18.1,247
2025-08-28T10:00,28.3,75,0.0,19.4,251
2025-08-28T11:00,28.8,75,0.1,19.6,247
2025-08-28T12:00,28.6,76,0.1,20.9,251
2025-08-28T13:00,28.9,74,0.2,19.3,249
2025-08-28T14:00,28.5,75,0.4,19.3,248
2025-08-28T15:00,28.0,77,0.8,19.7,250
2025-08-28T16:00,27.8,78,0.2,18.6,255
2025-08-28T17:00,27.1,81,0.3,16.9,258
2025-08-28T18:00,27.4,81,0.0,10.9,253
2025-08-28T19:00,27.1,81,0.0,11.4,258
2025-08-28T20:00,26.2,84,0.2,13.6,278
2025-08-28T21:00,25.6,90,0.1,11.2,249
2025-08-28T22:00,25.4,91,0.6,10.8,249
2025-08-28T23:00,24.9,91,1.8,13.0,241
2025-08-29T00:00,24.7,93,1.1,16.0,258
2025-08-29T01:00,25.0,90,0.9,19.4,254
2025-08-29T02:00,24.9,89,1.6,19.4,257
2025-08-29T03:00,24.9,91,4.5,16.5,256
2025-08-29T04:00,25.4,88,0.4,13.9,245
2025-08-29T05:00,24.9,91,2.7,10.0,264
2025-08-29T06:00,25.8,90,0.2,10.2,244
2025-08-29T07:00,26.8,86,0.2,10.3,245
2025-08-29T08:00,27.6,79,0.7,16.8,244
2025-08-29T09:00,28.2,77,0.3,15.1,243
2025-08-29T10:00,28.7,76,0.2,15.8,241
2025-08-29T11:00,28.8,75,0.8,18.2,249
2025-08-29T12:00,28.8,75,0.5,19.1,251
2025-08-29T13:00,28.3,78,0.3,19.8,249
2025-08-29T14:00,28.2,78,0.1,18.8,248
2025-08-29T15:00,26.3,86,6.2,12.5,252
2025-08-29T16:00,27.0,83,0.0,17.1,245
2025-08-29T17:00,26.6,83,0.3,14.6,244
2025-08-29T18:00,26.8,85,0.3,10.3,239
2025-08-29T19:00,26.7,87,0.0,8.4,236
2025-08-29T20:00,26.7,86,0.0,10.4,240
2025-08-29T21:00,26.6,86,0.0,9.5,243
2025-08-29T22:00,26.5,86,0.0,9.9,238
2025-08-29T23:00,26.2,87,0.0,12.3,239
2025-08-30T00:00,24.1,93,5.2,15.6,231
2025-08-30T01:00,24.7,93,0.1,11.8,227
2025-08-30T02:00,25.2,91,0.2,11.1,236
2025-08-30T03:00,24.9,92,0.6,10.3,243
2025-08-30T04:00,24.8,92,0.2,12.3,247
2025-08-30T05:00,25.0,92,0.4,10.4,244
2025-08-30T06:00,25.1,94,1.1,9.1,232
2025-08-30T07:00,25.5,94,0.6,9.1,231
2025-08-30T08:00,26.5,79,1.5,14.4,241
2025-08-30T09:00,26.5,83,1.0,15.6,251
2025-08-30T10:00,27.2,82,0.2,15.5,248
2025-08-30T11:00,26.9,84,5.3,10.4,253
2025-08-30T12:00,27.6,78,0.3,15.2,249
2025-08-30T13:00,28.0,77,0.5,15.3,248
2025-08-30T14:00,27.7,78,0.2,17.8,254
2025-08-30T15:00,27.3,81,0.2,18.1,257
2025-08-30T16:00,27.6,79,0.2,15.9,261
2025-08-30T17:00,27.0,84,0.7,14.8,256
2025-08-30T18:00,26.7,84,0.1,13.5,272
2025-08-30T19:00,26.9,84,0.0,14.2,261
2025-08-30T20:00,26.8,85,0.0,16.7,259
2025-08-30T21:00,26.8,86,0.0,15.6,251
2025-08-30T22:00,26.6,86,0.0,15.8,256
2025-08-30T23:00,26.6,87,0.0,15.7,251
2025-08-31T00:00,26.6,86,0.0,15.5,257
2025-08-31T01:00,26.7,85,0.0,12.9,252
2025-08-31T02:00,26.3,88,0.0,11.7,249
2025-08-31T03:00,26.2,86,0.1,10.7,256
2025-08-31T04:00,25.1,91,0.3,9.7,251
2025-08-31T05:00,25.2,92,0.1,7.4,248
2025-08-31T06:00,26.4,85,0.0,9.5,259
2025-08-31T07:00,27.3,81,0.2,11.9,267
2025-08-31T08:00,28.1,77,0.1,14.8,267
2025-08-31T09:00,28.3,77,1.2,13.6,262
2025-08-31T10:00,28.1,81,4.0,12.1,267
2025-08-31T11:00,28.4,81,0.2,12.2,270
2025-08-31T12:00,28.3,81,0.2,14.0,263
2025-08-31T13:00,28.0,80,0.2,14.7,252
2025-08-31T14:00,27.8,81,0.3,15.4,256
2025-08-31T15:00,27.7,81,0.1,17.3,251
2025-08-31T16:00,27.5,81,0.1,16.6,250
2025-08-31T17:00,27.2,83,0.0,14.9,247
2025-08-31T18:00,26.6,86,0.0,14.7,235
2025-08-31T19:00,26.4,90,0.0,7.3,213
2025-08-31T20:00,26.2,92,0.0,9.7,214
2025-08-31T21:00,25.9,92,0.1,11.2,232
2025-08-31T22:00,25.9,90,0.5,12.9,235
2025-08-31T23:00,25.9,90,0.7,16.8,239
2025-09-01T00:00,26.0,88,0.2,16.6,244
2025-09-01T01:00,26.0,86,0.2,18.0,246
2025-09-01T02:00,26.1,85,0.1,18.7,250
2025-09-01T03:00,25.9,87,0.0,19.2,250
2025-09-01T04:00,26.1,87,0.2,16.9,255
2025-09-01T05:00,25.9,88,0.1,15.9,256
2025-09-01T06:00,26.2,86,0.4,16.4,255
2025-09-01T07:00,26.9,86,0.1,17.9,255
2025-09-01T08:00,27.6,82,0.3,18.1,260
2025-09-01T09:00,27.4,80,3.6,18.9,269
2025-09-01T10:00,27.7,83,0.2,16.5,259
2025-09-01T11:00,27.9,82,0.1,17.4,260
2025-09-01T12:00,28.3,79,0.0,19.4,260
2025-09-01T13:00,28.0,81,0.0,21.1,266
2025-09-01T14:00,27.7,80,0.4,19.8,256
2025-09-01T15:00,28.2,78,0.1,18.2,250
2025-09-01T16:00,27.6,80,0.6,19.3,252
2025-09-01T17:00,27.4,82,0.1,17.7,245
2025-09-01T18:00,27.1,85,0.0,13.2,236
2025-09-01T19:00,26.8,85,0.1,15.9,237
2025-09-01T20:00,26.9,84,0.1,17.0,236
2025-09-01T21:00,26.8,83,0.5,13.8,241
2025-09-01T22:00,26.7,88,0.0,13.2,236
2025-09-01T23:00,26.5,86,0.9,15.5,243
2025-09-02T00:00,26.2,83,1.0,15.5,247
2025-09-02T01:00,26.1,88,0.2,15.4,249
2025-09-02T02:00,26.4,86,0.1,16.7,254
2025-09-02T03:00,26.5,86,0.1,17.3,256
2025-09-02T04:00,26.6,86,0.0,16.1,264
2025-09-02T05:00,26.3,86,0.0,17.0,260
2025-09-02T06:00,26.7,86,0.0,16.1,250
2025-09-02T07:00,27.3,83,0.0,15.8,258
2025-09-02T08:00,27.6,82,0.0,16.6,266
2025-09-02T09:00,28.0,81,0.0,15.9,260
2025-09-02T10:00,28.4,79,0.0,15.2,256
2025-09-02T11:00,28.8,78,0.0,14.6,261
2025-09-02T12:00,28.6,79,0.0,17.9,260
2025-09-02T13:00,28.7,77,0.0,15.7,252
2025-09-02T14:00,28.7,77,0.0,17.0,251
2025-09-02T15:00,28.3,78,0.1,18.4,250
2025-09-02T16:00,27.9,79,0.0,17.8,247
2025-09-02T17:00,27.4,81,0.0,16.7,249
2025-09-02T18:00,27.1,84,0.1,13.7,225
2025-09-02T19:00,27.0,84,0.0,16.4,228
2025-09-02T20:00,26.9,84,0.0,13.8,229
2025-09-02T21:00,26.8,85,0.1,14.5,236
2025-09-02T22:00,26.7,85,0.1,15.6,244
2025-09-02T23:00,26.6,84,0.1,14.9,251
2025-09-03T00:00,26.5,86,0.1,14.2,254
2025-09-03T01:00,26.5,84,0.2,15.3,262
2025-09-03T02:00,26.5,82,0.3,15.2,260
2025-09-03T03:00,26.4,84,0.1,15.1,261
2025-09-03T04:00,26.2,86,0.0,14.2,261
2025-09-03T05:00,26.2,86,0.1,13.7,256
2025-09-03T06:00,26.3,81,0.2,11.5,250
2025-09-03T07:00,27.0,77,0.3,14.3,252
2025-09-03T08:00,27.7,74,0.5,18.0,256
2025-09-03T09:00,28.1,72,0.3,19.0,253
2025-09-03T10:00,28.4,71,0.8,20.2,251
2025-09-03T11:00,28.4,73,0.5,21.5,250
2025-09-03T12:00,28.3,75,0.8,21.0,249
2025-09-03T13:00,28.3,75,0.9,22.3,248
2025-09-03T14:00,28.3,74,0.2,20.9,248
2025-09-03T15:00,27.7,77,0.2,20.8,247
2025-09-03T16:00,27.5,75,0.1,22.5,242
2025-09-03T17:00,26.5,82,0.2,18.4,243
2025-09-03T18:00,26.5,84,0.1,13.6,236
2025-09-03T19:00,26.4,82,0.0,14.4,236
2025-09-03T20:00,26.6,83,0.0,13.8,233
2025-09-03T21:00,26.3,82,0.1,11.7,232
2025-09-03T22:00,25.6,86,0.0,9.3,234
2025-09-03T23:00,24.9,89,0.4,8.8,247
2025-09-04T00:00,24.7,93,0.1,10.7,250
2025-09-04T01:00,24.8,92,0.3,9.9,237
2025-09-04T02:00,24.7,95,0.2,8.7,249
2025-09-04T03:00,24.6,95,0.1,9.4,252
2025-09-04T04:00,24.4,94,0.2,9.1,256
2025-09-04T05:00,24.6,93,0.1,9.6,254
2025-09-04T06:00,25.1,93,0.0,9.7,255
2025-09-04T07:00,26.3,85,0.1,11.4,254
2025-09-04T08:00,27.3,79,0.1,12.3,256
2025-09-04T09:00,28.1,76,0.0,16.2,257
2025-09-04T10:00,28.5,75,0.0,16.3,257
2025-09-04T11:00,28.6,75,0.2,18.3,259
2025-09-04T12:00,28.8,73,0.2,17.6,259
2025-09-04T13:00,28.7,73,0.1,18.2,256
2025-09-04T14:00,28.6,73,0.1,17.8,259
2025-09-04T15:00,28.5,73,0.0,17.1,255
2025-09-04T16:00,28.0,74,0.0,16.2,255
2025-09-04T17:00,27.5,77,0.0,14.2,252
2025-09-04T18:00,26.8,83,0.0,9.3,236
2025-09-04T19:00,26.7,86,0.0,8.7,220
2025-09-04T20:00,26.5,86,0.0,10.2,225
2025-09-04T21:00,26.4,86,0.1,11.3,226
2025-09-04T22:00,26.3,86,0.0,11.6,229
2025-09-04T23:00,26.1,86,0.0,11.8,231
2025-09-05T00:00,26.2,86,0.0,11.7,232
2025-09-05T01:00,26.1,85,0.0,10.6,235
2025-09-05T02:00,25.8,85,0.2,10.0,252
2025-09-05T03:00,25.2,88,0.4,9.4,253
2025-09-05T04:00,24.7,92,0.1,10.1,254
2025-09-05T05:00,25.3,89,0.1,9.2,239
2025-09-05T06:00,25.4,88,0.1,4.7,261
2025-09-05T07:00,26.4,90,0.0,5.1,253
2025-09-05T08:00,27.6,79,0.4,13.3,254
2025-09-05T09:00,28.2,75,0.3,15.3,258
2025-09-05T10:00,28.7,73,0.6,16.4,262
2025-09-05T11:00,28.9,74,0.4,17.0,265
2025-09-05T12:00,28.9,74,0.3,17.1,263
2025-09-05T13:00,29.0,73,0.4,17.8,256
2025-09-05T14:00,28.8,74,0.3,17.5,256
2025-09-05T15:00,28.4,76,0.1,15.9,256
2025-09-05T16:00,27.8,79,0.1,14.8,254
2025-09-05T17:00,27.3,83,0.0,13.6,250
2025-09-05T18:00,27.1,84,0.0,9.0,250
2025-09-05T19:00,26.9,85,0.0,12.3,249
2025-09-05T20:00,26.8,86,0.0,11.7,245
2025-09-05T21:00,26.5,87,0.0,10.5,243
2025-09-05T22:00,26.4,88,0.0,10.3,245
2025-09-05T23:00,26.3,88,0.1,10.9,243
2025-09-06T00:00,26.1,89,0.0,11.5,238
2025-09-06T01:00,25.7,88,1.4,13.3,247
2025-09-06T02:00,25.8,89,0.4,12.8,253
2025-09-06T03:00,25.7,89,0.4,12.5,250
2025-09-06T04:00,25.9,88,0.0,12.0,252
2025-09-06T05:00,25.7,87,0.0,9.7,258
2025-09-06T06:00,25.9,89,0.0,8.3,259
2025-09-06T07:00,27.1,83,0.0,8.6,259
2025-09-06T08:00,27.8,79,0.0,12.5,265
2025-09-06T09:00,28.4,77,0.2,12.8,259
2025-09-06T10:00,28.8,75,0.1,14.0,257
2025-09-06T11:00,28.9,75,0.6,16.0,258
2025-09-06T12:00,28.8,76,0.2,16.4,258
2025-09-06T13:00,28.7,76,0.6,17.8,264
2025-09-06T14:00,28.6,76,0.3,16.7,262
2025-09-06T15:00,28.2,79,0.1,15.2,260
2025-09-06T16:00,28.0,78,0.0,16.0,258
2025-09-06T17:00,27.5,80,0.0,14.9,252
2025-09-06T18:00,27.1,84,0.0,10.2,242
2025-09-06T19:00,27.0,85,0.0,8.6,229
2025-09-06T20:00,26.7,87,0.0,7.8,232
2025-09-06T21:00,26.5,88,0.0,8.2,232
2025-09-06T22:00,26.3,89,0.0,8.6,233
2025-09-06T23:00,26.3,89,0.0,9.4,240
2025-09-07T00:00,26.2,88,0.0,9.3,242
2025-09-07T01:00,26.1,89,0.0,6.6,237
2025-09-07T02:00,25.8,90,0.1,6.8,248
2025-09-07T03:00,25.7,90,0.0,8.7,266
2025-09-07T04:00,25.8,89,0.1,9.0,273
2025-09-07T05:00,25.9,87,0.1,9.7,269
2025-09-07T06:00,25.7,86,0.0,7.6,267
2025-09-07T07:00,27.4,79,0.0,7.1,261
2025-09-07T08:00,28.1,74,0.0,12.4,261
2025-09-07T09:00,28.5,73,0.0,12.8,261
2025-09-07T10:00,28.7,72,0.3,15.0,263
2025-09-07T11:00,29.0,72,0.2,14.8,268
2025-09-07T12:00,29.0,72,0.2,17.8,272
2025-09-07T13:00,28.9,72,0.1,17.3,268
2025-09-07T14:00,28.8,73,0.1,16.1,266
2025-09-07T15:00,28.5,75,0.0,16.1,264
2025-09-07T16:00,28.2,77,0.0,16.2,262
2025-09-07T17:00,27.5,80,0.1,14.2,263
2025-09-07T18:00,26.9,84,0.1,7.9,249
2025-09-07T19:00,26.9,85,0.0,6.5,242
2025-09-07T20:00,26.7,86,0.0,5.1,238
2025-09-07T21:00,26.3,89,0.0,5.2,243
2025-09-07T22:00,26.0,91,0.0,5.8,244
2025-09-07T23:00,25.9,91,0.0,6.4,232
2025-09-08T00:00,25.9,91,0.0,7.3,247
2025-09-08T01:00,25.8,90,0.0,6.7,251
2025-09-08T02:00,25.9,88,0.1,7.8,263
2025-09-08T03:00,25.7,89,0.1,7.1,260
2025-09-08T04:00,25.6,89,0.1,9.4,270
2025-09-08T05:00,25.4,91,0.2,7.8,289
2025-09-08T06:00,25.6,86,0.4,6.1,300
2025-09-08T07:00,26.7,87,0.1,5.5,281
2025-09-08T08:00,28.2,79,0.1,10.5,294
2025-09-08T09:00,29.0,76,0.1,10.9,294
2025-09-08T10:00,29.2,78,0.1,11.2,289
2025-09-08T11:00,29.5,77,0.1,10.9,276
2025-09-08T12:00,29.5,78,0.1,10.8,272
2025-09-08T13:00,29.0,79,0.1,11.5,272
2025-09-08T14:00,29.2,75,0.0,10.2,263
2025-09-08T15:00,29.0,75,0.0,11.9,264
2025-09-08T16:00,28.3,79,0.0,11.2,258
2025-09-08T17:00,27.6,81,0.0,11.4,255
2025-09-08T18:00,27.5,86,0.0,10.0,247
2025-09-08T19:00,27.0,89,0.0,8.6,271
2025-09-08T20:00,26.4,90,1.0,2.2,228
2025-09-08T21:00,26.2,93,0.3,2.4,257
2025-09-08T22:00,25.7,95,0.5,1.4,220
2025-09-08T23:00,25.1,94,1.4,1.7,58
2025-09-09T00:00,24.9,98,0.0,3.8,95
2025-09-09T01:00,24.7,98,0.0,4.8,110
2025-09-09T02:00,24.5,98,0.0,2.7,110
2025-09-09T03:00,24.4,99,0.0,5.2,134
2025-09-09T04:00,24.6,97,0.0,3.7,166
2025-09-09T05:00,24.6,97,0.0,4.0,153
2025-09-09T06:00,24.9,94,0.1,7.7,150
2025-09-09T07:00,25.6,91,0.0,7.1,133
2025-09-09T08:00,27.3,85,0.0,6.9,160
2025-09-09T09:00,28.6,78,0.2,10.7,224
2025-09-09T10:00,29.2,76,0.3,11.2,235
2025-09-09T11:00,29.4,75,0.3,12.7,230
2025-09-09T12:00,29.0,76,0.7,13.3,229
2025-09-09T13:00,28.5,77,0.1,15.0,228
2025-09-09T14:00,28.5,77,0.1,15.5,225
2025-09-09T15:00,28.2,78,0.0,18.0,224
2025-09-09T16:00,27.7,82,0.1,13.3,229
2025-09-09T17:00,27.4,81,0.1,12.4,234
2025-09-09T18:00,27.6,82,0.0,11.9,228
2025-09-09T19:00,27.4,82,0.0,10.1,227
2025-09-09T20:00,27.2,83,0.0,8.8,226
2025-09-09T21:00,27.0,84,0.0,9.4,218
2025-09-09T22:00,26.8,85,0.0,9.6,227
2025-09-09T23:00,26.8,84,0.2,10.8,228
2025-09-10T00:00,26.3,86,0.6,11.2,242
2025-09-10T01:00,26.1,89,0.5,8.5,235
2025-09-10T02:00,25.7,91,0.5,9.1,231
2025-09-10T03:00,25.3,94,0.2,7.0,230
2025-09-10T04:00,25.4,92,0.2,5.4,240
2025-09-10T05:00,25.4,93,0.1,4.1,241
2025-09-10T06:00,25.5,92,0.3,4.5,217
2025-09-10T07:00,26.7,86,0.2,6.0,243
2025-09-10T08:00,27.7,78,0.2,8.3,252
2025-09-10T09:00,28.5,73,0.8,12.4,253
2025-09-10T10:00,28.9,74,0.7,13.1,247
2025-09-10T11:00,29.2,72,0.5,15.1,248
2025-09-10T12:00,29.5,71,0.3,16.7,244
2025-09-10T13:00,29.5,71,0.0,16.8,245
2025-09-10T14:00,28.8,73,0.0,15.9,252
2025-09-10T15:00,28.5,75,0.0,14.9,240
2025-09-10T16:00,28.4,74,0.0,14.2,238
2025-09-10T17:00,27.8,76,0.0,11.7,236
2025-09-10T18:00,27.5,80,0.0,9.7,236
2025-09-10T19:00,27.3,82,0.0,8.9,225
2025-09-10T20:00,27.0,84,0.0,8.7,227
2025-09-10T21:00,26.9,84,0.0,8.1,233
2025-09-10T22:00,26.6,86,0.0,8.3,228
2025-09-10T23:00,26.4,87,0.1,9.6,229
2025-09-11T00:00,26.5,85,0.0,9.1,232
2025-09-11T01:00,26.4,86,0.0,9.3,230
2025-09-11T02:00,26.1,87,0.1,9.4,240
2025-09-11T03:00,25.9,87,0.3,8.6,241
2025-09-11T04:00,25.7,88,0.0,7.1,236
2025-09-11T05:00,25.7,88,0.2,6.3,235
2025-09-11T06:00,26.2,87,0.0,7.0,235
2025-09-11T07:00,27.7,78,0.1,9.7,246
2025-09-11T08:00,28.8,71,0.0,12.3,245
2025-09-11T09:00,29.4,69,0.0,12.2,245
2025-09-11T10:00,29.5,67,0.0,12.6,241
2025-09-11T11:00,29.8,68,0.0,14.0,244
2025-09-11T12:00,29.6,68,0.0,14.6,246
2025-09-11T13:00,28.6,70,1.3,17.0,240
2025-09-11T14:00,28.5,74,0.1,14.9,236
2025-09-11T15:00,29.0,72,0.0,14.7,245
2025-09-11T16:00,28.3,75,0.0,14.0,237
2025-09-11T17:00,27.8,77,0.0,14.3,239
2025-09-11T18:00,27.3,83,0.0,7.0,228
2025-09-11T19:00,27.0,86,0.0,6.1,208
2025-09-11T20:00,26.8,88,0.0,6.9,217
2025-09-11T21:00,26.8,89,0.1,8.0,226
2025-09-11T22:00,26.8,89,0.1,8.5,218
2025-09-11T23:00,26.6,89,0.1,10.6,228
2025-09-12T00:00,26.4,89,0.1,11.5,226
2025-09-12T01:00,26.3,88,0.1,11.8,232
2025-09-12T02:00,26.5,88,0.0,12.8,241
2025-09-12T03:00,26.3,84,0.3,13.8,252
2025-09-12T04:00,26.4,84,0.1,10.9,243
2025-09-12T05:00,26.2,87,0.0,11.8,246
2025-09-12T06:00,26.1,88,0.3,9.3,246
2025-09-12T07:00,27.5,82,0.0,9.9,251
2025-09-12T08:00,28.8,74,0.1,12.6,251
2025-09-12T09:00,29.4,71,0.0,13.6,247
2025-09-12T10:00,29.6,70,0.1,14.3,250
2025-09-12T11:00,30.0,67,0.0,15.1,252
2025-09-12T12:00,30.0,67,0.0,16.0,256
2025-09-12T13:00,29.9,67,0.0,15.4,252
2025-09-12T14:00,29.7,67,0.1,15.5,257
2025-09-12T15:00,29.4,69,0.0,13.7,256
2025-09-12T16:00,28.9,71,0.0,13.3,247
2025-09-12T17:00,28.3,73,0.0,13.6,236
2025-09-12T18:00,28.0,77,0.0,12.0,226
2025-09-12T19:00,28.0,77,0.0,11.7,218
2025-09-12T20:00,27.8,79,0.0,11.5,219
2025-09-12T21:00,27.5,81,0.0,10.3,215
2025-09-12T22:00,27.3,83,0.0,9.1,214
2025-09-12T23:00,27.0,85,0.0,9.5,216
2025-09-13T00:00,26.9,84,0.0,9.7,227
2025-09-13T01:00,26.6,86,0.0,7.5,235
2025-09-13T02:00,26.1,89,0.0,6.4,241
2025-09-13T03:00,25.8,90,0.0,7.6,239
2025-09-13T04:00,26.0,87,0.0,8.1,241
2025-09-13T05:00,25.9,87,0.0,8.3,246
2025-09-13T06:00,26.9,82,0.1,10.6,238
2025-09-13T07:00,28.1,75,0.1,13.5,249
2025-09-13T08:00,28.9,71,0.4,16.9,248
2025-09-13T09:00,29.6,68,0.5,17.5,250
2025-09-13T10:00,29.9,68,0.3,17.0,247
2025-09-13T11:00,30.3,66,0.2,17.9,246
2025-09-13T12:00,30.0,68,0.5,19.1,251
2025-09-13T13:00,29.8,69,0.3,18.7,251
2025-09-13T14:00,29.4,70,0.2,17.4,248
2025-09-13T15:00,27.9,77,0.5,11.7,229
2025-09-13T16:00,28.5,74,0.0,12.7,234
2025-09-13T17:00,27.9,76,0.3,13.8,238
2025-09-13T18:00,27.2,80,0.0,6.6,206
2025-09-13T19:00,27.1,81,0.0,7.0,193
2025-09-13T20:00,26.9,84,0.0,6.7,182
2025-09-13T21:00,26.8,86,0.0,6.7,189
2025-09-13T22:00,26.6,89,0.0,6.8,205
2025-09-13T23:00,26.5,88,0.0,7.6,214
2025-09-14T00:00,26.5,86,0.0,7.9,223
2025-09-14T01:00,26.4,85,0.0,8.1,233
2025-09-14T02:00,26.4,84,0.0,8.8,239
2025-09-14T03:00,26.3,83,0.3,10.2,238
2025-09-14T04:00,26.2,84,0.5,10.9,246
2025-09-14T05:00,25.9,88,0.0,10.2,244
2025-09-14T06:00,25.8,88,0.2,7.8,230
2025-09-14T07:00,27.5,77,0.1,9.8,246
2025-09-14T08:00,28.8,70,0.2,12.8,259
2025-09-14T09:00,29.5,67,0.5,16.5,259
2025-09-14T10:00,29.7,65,1.7,16.5,256
2025-09-14T11:00,29.8,70,0.2,16.3,265
2025-09-14T12:00,30.1,68,0.0,15.0,260
2025-09-14T13:00,30.0,69,0.0,16.9,253
2025-09-14T14:00,29.6,69,0.2,19.2,247
2025-09-14T15:00,29.2,70,0.5,17.6,245
2025-09-14T16:00,28.8,73,0.7,15.2,243
2025-09-14T17:00,28.3,74,0.0,13.7,240
2025-09-14T18:00,28.2,73,0.0,7.6,239
2025-09-14T19:00,28.0,74,0.0,9.2,228
2025-09-14T20:00,27.8,75,0.0,10.6,226
2025-09-14T21:00,27.7,76,0.0,11.7,226
2025-09-14T22:00,27.6,76,0.0,11.7,226
2025-09-14T23:00,27.6,76,0.0,10.7,229
2025-09-15T00:00,27.6,76,0.0,11.6,238
2025-09-15T01:00,27.4,77,0.0,12.7,245
2025-09-15T02:00,27.2,78,0.0,13.0,251
2025-09-15T03:00,27.0,80,0.0,12.8,251
2025-09-15T04:00,26.9,82,0.0,12.9,249
2025-09-15T05:00,27.0,81,0.1,13.8,250
2025-09-15T06:00,27.8,76,0.0,13.8,257
2025-09-15T07:00,28.7,71,0.0,15.6,255
2025-09-15T08:00,29.3,68,0.1,16.3,257
2025-09-15T09:00,29.9,64,0.2,17.1,262
2025-09-15T10:00,29.8,65,0.0,17.7,261
2025-09-15T11:00,30.3,64,0.0,19.1,262
2025-09-15T12:00,30.5,63,0.0,19.1,261
2025-09-15T13:00,30.4,63,0.0,21.1,259
2025-09-15T14:00,30.1,65,0.0,19.6,260
2025-09-15T15:00,29.2,68,0.0,17.0,257
2025-09-15T16:00,28.8,70,0.1,14.9,252
2025-09-15T17:00,28.6,69,0.7,14.9,248
2025-09-15T18:00,28.3,70,0.0,12.2,251
2025-09-15T19:00,28.3,72,0.0,13.0,246
2025-09-15T20:00,28.0,75,0.0,12.3,240
2025-09-15T21:00,27.3,79,0.0,11.4,232
2025-09-15T22:00,27.3,77,0.0,13.2,231
2025-09-15T23:00,26.4,84,1.7,9.0,235
2025-09-16T00:00,24.8,96,2.2,6.9,245
2025-09-16T01:00,25.0,94,0.3,6.8,191
2025-09-16T02:00,24.8,94,1.7,8.1,223
2025-09-16T03:00,25.0,94,0.5,4.2,211
2025-09-16T04:00,24.9,96,0.1,8.0,243
2025-09-16T05:00,25.0,93,0.2,8.7,243
2025-09-16T06:00,26.0,93,0.0,5.0,244
2025-09-16T07:00,26.5,91,0.1,6.4,254
2025-09-16T08:00,27.2,83,0.2,8.4,263
2025-09-16T09:00,28.2,78,0.1,9.1,261
2025-09-16T10:00,28.5,77,0.1,11.4,263
2025-09-16T11:00,27.6,82,0.5,7.6,258
2025-09-16T12:00,28.1,80,0.1,10.2,257
2025-09-16T13:00,27.6,81,2.9,7.9,266
2025-09-16T14:00,27.6,82,0.1,10.5,235
2025-09-16T15:00,27.5,80,0.2,10.3,226
2025-09-16T16:00,26.4,85,1.0,6.1,265
2025-09-16T17:00,25.5,88,1.6,6.7,234
2025-09-16T18:00,27.2,82,0.0,8.7,233
2025-09-16T19:00,26.8,84,0.1,9.3,223
2025-09-16T20:00,26.3,87,0.3,7.7,217
2025-09-16T21:00,25.4,90,1.1,5.9,223
2025-09-16T22:00,24.7,95,0.8,9.3,162
2025-09-16T23:00,24.8,95,0.3,8.5,207
2025-09-17T00:00,24.7,96,0.2,7.1,161
2025-09-17T01:00,24.6,93,0.3,6.9,197
2025-09-17T02:00,24.6,95,0.2,8.8,195
2025-09-17T03:00,24.7,94,0.2,8.2,218
2025-09-17T04:00,24.2,94,4.2,5.4,195
2025-09-17T05:00,24.1,96,0.4,5.6,241
2025-09-17T06:00,24.5,95,1.5,2.1,160
2025-09-17T07:00,25.2,90,2.0,4.9,184
2025-09-17T08:00,25.8,85,1.7,11.1,228
2025-09-17T09:00,26.9,81,0.2,9.0,239
2025-09-17T10:00,26.7,81,2.5,15.4,226
2025-09-17T11:00,26.7,83,0.9,12.9,242
2025-09-17T12:00,27.0,81,0.1,10.6,226
2025-09-17T13:00,27.5,80,0.1,11.3,231
2025-09-17T14:00,27.9,79,0.1,14.0,229
2025-09-17T15:00,27.6,80,0.1,15.4,234
2025-09-17T16:00,26.3,82,0.9,11.9,232
2025-09-17T17:00,26.1,88,0.3,7.1,232
2025-09-17T18:00,25.6,90,0.4,3.1,216
2025-09-17T19:00,25.4,92,0.6,2.2,215
2025-09-17T20:00,25.7,91,0.1,5.2,211
2025-09-17T21:00,25.7,91,0.2,5.0,210
2025-09-17T22:00,25.4,89,0.8,3.2,207
2025-09-17T23:00,24.9,93,0.7,8.1,168
2025-09-18T00:00,24.8,94,0.3,7.9,163
2025-09-18T01:00,24.3,98,0.2,8.4,191
2025-09-18T02:00,24.5,93,0.4,8.7,201
2025-09-18T03:00,24.6,95,0.4,6.3,204
2025-09-18T04:00,24.4,96,0.9,12.1,210
2025-09-18T05:00,24.4,93,1.1,10.1,226
2025-09-18T06:00,24.3,94,4.6,7.4,229
2025-09-18T07:00,24.8,94,1.6,9.7,248
2025-09-18T08:00,25.1,88,0.9,7.9,231
2025-09-18T09:00,25.5,86,2.4,8.4,255
2025-09-18T10:00,25.9,85,0.4,9.4,239
2025-09-18T11:00,26.7,83,0.4,8.8,223
2025-09-18T12:00,27.3,81,0.4,11.5,239
2025-09-18T13:00,27.6,81,0.1,12.0,237
2025-09-18T14:00,26.5,85,0.9,9.6,223
2025-09-18T15:00,26.5,84,0.2,11.2,228
2025-09-18T16:00,26.3,84,0.2,10.4,228
2025-09-18T17:00,26.3,86,0.0,9.0,218
2025-09-18T18:00,26.8,86,0.0,8.6,210
2025-09-18T19:00,26.2,87,0.3,8.9,208
2025-09-18T20:00,25.9,89,0.3,9.0,213
2025-09-18T21:00,25.4,91,0.4,7.6,214
2025-09-18T22:00,25.9,90,0.4,9.3,199
2025-09-18T23:00,24.7,94,2.8,10.4,203
2025-09-19T00:00,24.7,93,0.5,10.1,196
2025-09-19T01:00,24.8,94,0.7,10.7,217
2025-09-19T02:00,24.5,94,1.5,9.7,195
2025-09-19T03:00,24.1,95,1.0,7.1,204
2025-09-19T04:00,24.0,96,0.8,10.2,222
2025-09-19T05:00,24.0,95,2.2,6.6,159
2025-09-19T06:00,24.8,93,0.2,8.8,221
2025-09-19T07:00,25.4,93,0.6,7.3,210
2025-09-19T08:00,26.2,90,0.2,6.9,229
2025-09-19T09:00,26.7,84,0.3,8.8,247
2025-09-19T10:00,28.0,78,0.2,11.5,229
2025-09-19T11:00,28.7,76,0.0,11.1,234
2025-09-19T12:00,28.5,76,0.1,10.7,239
2025-09-19T13:00,26.4,86,3.3,6.7,211
2025-09-19T14:00,26.5,83,0.2,8.7,204
2025-09-19T15:00,26.5,83,0.1,9.5,201
2025-09-19T16:00,26.1,85,0.0,10.5,199
2025-09-19T17:00,26.1,87,0.0,9.1,190
2025-09-19T18:00,27.0,83,0.0,9.3,216
2025-09-19T19:00,26.8,84,0.0,10.2,217
2025-09-19T20:00,26.7,85,0.0,11.1,220
2025-09-19T21:00,26.6,85,0.1,10.4,210
2025-09-19T22:00,26.1,88,0.3,9.9,207
2025-09-19T23:00,25.8,90,0.3,10.2,211
2025-09-20T00:00,25.6,91,0.1,9.5,207
2025-09-20T01:00,25.4,91,0.1,8.9,212
2025-09-20T02:00,25.0,93,0.2,9.9,224
2025-09-20T03:00,25.3,89,0.6,8.2,212
2025-09-20T04:00,24.5,92,0.5,12.0,227
2025-09-20T05:00,24.3,91,0.9,7.9,200
2025-09-20T06:00,25.9,90,0.0,11.5,215
2025-09-20T07:00,27.2,83,0.1,12.9,227
2025-09-20T08:00,27.9,79,0.5,16.2,239
2025-09-20T09:00,28.1,79,0.1,16.2,241
2025-09-20T10:00,28.6,77,0.2,16.1,243
2025-09-20T11:00,28.6,77,0.3,15.9,241
2025-09-20T12:00,28.8,76,0.4,16.8,241
2025-09-20T13:00,28.9,75,0.2,17.3,245
2025-09-20T14:00,28.8,75,0.1,16.4,246
2025-09-20T15:00,28.5,76,0.2,15.5,243
2025-09-20T16:00,28.0,77,0.2,15.1,239
2025-09-20T17:00,27.5,80,0.1,12.3,239
2025-09-20T18:00,27.2,81,0.0,11.1,230
2025-09-20T19:00,27.1,81,0.0,10.5,229
2025-09-20T20:00,27.1,82,0.0,9.9,222
2025-09-20T21:00,26.9,82,0.1,10.9,216
2025-09-20T22:00,26.3,85,0.5,10.4,216
2025-09-20T23:00,25.9,87,0.4,9.1,207
2025-09-21T00:00,25.1,91,0.5,8.6,182
2025-09-21T01:00,24.4,93,0.5,8.0,157
2025-09-21T02:00,24.3,91,1.7,7.0,215
2025-09-21T03:00,24.0,93,1.4,3.2,161
2025-09-21T04:00,23.0,98,3.2,1.3,304
2025-09-21T05:00,23.4,97,1.8,5.3,145
2025-09-21T06:00,23.5,92,5.2,6.7,149
2025-09-21T07:00,24.1,92,1.9,6.8,162
2025-09-21T08:00,24.6,91,0.9,6.1,114
2025-09-21T09:00,25.1,89,1.6,9.1,253
2025-09-21T10:00,25.2,90,0.9,5.1,170
2025-09-21T11:00,27.8,81,0.1,12.3,233
2025-09-21T12:00,28.2,75,0.2,12.1,240
2025-09-21T13:00,28.5,74,0.0,15.5,248
2025-09-21T14:00,27.9,80,0.8,11.4,235
2025-09-21T15:00,27.4,78,0.1,15.5,242
2025-09-21T16:00,27.6,78,0.0,14.3,235
2025-09-21T17:00,26.6,84,0.4,11.2,230
2025-09-21T18:00,27.2,81,0.0,12.5,227
2025-09-21T19:00,27.0,82,0.0,12.0,227
2025-09-21T20:00,26.8,84,0.1,12.3,218
2025-09-21T21:00,26.7,84,0.2,11.9,209
2025-09-21T22:00,25.1,87,1.3,9.6,227
2025-09-21T23:00,25.1,93,0.6,10.8,191
2025-09-22T00:00,24.3,92,2.9,8.5,198
2025-09-22T01:00,23.7,97,2.0,7.6,207
2025-09-22T02:00,23.4,96,2.6,6.6,131
2025-09-22T03:00,23.5,98,0.3,7.7,147
2025-09-22T04:00,23.1,96,1.3,9.1,159
2025-09-22T05:00,23.9,95,0.2,10.8,175
2025-09-22T06:00,26.1,88,0.2,5.3,213
2025-09-22T07:00,26.5,91,0.4,7.0,206
2025-09-22T08:00,26.7,87,0.5,10.7,211
2025-09-22T09:00,27.9,78,0.3,11.9,231
2025-09-22T10:00,28.0,77,0.2,10.8,234
2025-09-22T11:00,28.5,74,0.4,14.8,231
2025-09-22T12:00,28.2,76,1.6,15.0,231
2025-09-22T13:00,28.5,74,0.6,15.9,236
2025-09-22T14:00,28.3,74,0.1,16.1,234
2025-09-22T15:00,27.2,82,0.5,11.1,217
2025-09-22T16:00,26.0,84,1.1,17.4,221
2025-09-22T17:00,25.7,89,0.7,6.6,191
2025-09-22T18:00,26.1,88,0.4,9.7,192
2025-09-22T19:00,25.9,90,0.1,9.6,201
2025-09-22T20:00,25.8,92,0.0,8.8,199
2025-09-22T21:00,25.4,92,0.2,7.7,196
2025-09-22T22:00,25.4,93,0.1,6.0,201
2025-09-22T23:00,23.6,99,1.3,10.3,181
2025-09-23T00:00,23.3,94,0.9,9.4,180
2025-09-23T01:00,23.7,95,0.2,10.4,165
2025-09-23T02:00,24.1,93,1.3,9.1,216
2025-09-23T03:00,24.4,94,0.2,8.1,209
2025-09-23T04:00,24.4,95,0.4,10.7,230
2025-09-23T05:00,24.6,93,2.9,4.8,200
2025-09-23T06:00,25.5,93,0.0,6.2,206
2025-09-23T07:00,26.8,89,0.0,8.7,227
2025-09-23T08:00,28.0,79,0.0,13.2,232
2025-09-23T09:00,28.7,75,0.1,16.8,239
2025-09-23T10:00,29.0,74,0.1,17.0,242
2025-09-23T11:00,29.1,74,0.3,17.1,240
2025-09-23T12:00,29.1,73,0.6,17.8,243
2025-09-23T13:00,29.1,73,0.2,18.1,241
2025-09-23T14:00,28.8,74,0.1,18.3,240
2025-09-23T15:00,28.5,75,0.1,18.8,238
2025-09-23T16:00,28.1,76,0.1,18.4,236
2025-09-23T17:00,27.5,80,0.1,16.7,237
2025-09-23T18:00,27.6,75,0.0,13.5,236
2025-09-23T19:00,27.6,75,0.0,13.5,233
2025-09-23T20:00,27.5,75,0.0,13.3,230
2025-09-23T21:00,27.5,75,0.0,12.7,232
2025-09-23T22:00,27.5,75,0.0,14.4,233
2025-09-23T23:00,27.4,76,0.0,15.9,235
2025-09-24T00:00,27.3,77,0.1,17.5,234
2025-09-24T01:00,26.4,81,0.2,16.4,235
2025-09-24T02:00,26.4,82,0.1,14.5,232
2025-09-24T03:00,25.9,86,0.1,9.3,246
2025-09-24T04:00,26.0,86,0.0,9.3,242
2025-09-24T05:00,24.9,91,0.4,10.0,236
2025-09-24T06:00,27.0,80,0.0,14.2,235
2025-09-24T07:00,27.3,79,0.0,13.0,235
2025-09-24T08:00,26.4,83,1.0,9.1,248
2025-09-24T09:00,26.2,84,0.6,12.2,241
2025-09-24T10:00,26.9,80,0.2,13.4,234
2025-09-24T11:00,26.8,82,0.1,15.7,237
2025-09-24T12:00,27.6,79,0.1,15.8,236
2025-09-24T13:00,25.8,88,6.0,14.9,249
2025-09-24T14:00,27.1,81,0.1,11.3,223
2025-09-24T15:00,26.1,86,1.5,11.8,244
2025-09-24T16:00,25.9,85,0.3,12.5,219
2025-09-24T17:00,25.4,87,0.2,12.0,216
2025-09-24T18:00,25.7,90,0.1,12.8,220
2025-09-24T19:00,25.5,91,0.1,8.3,222
2025-09-24T20:00,25.4,92,0.1,8.3,202
2025-09-24T21:00,25.7,92,0.5,7.4,176
2025-09-24T22:00,25.9,92,0.1,7.4,221
2025-09-24T23:00,25.8,92,0.0,7.6,207
2025-09-25T00:00,25.4,93,0.1,9.3,220
2025-09-25T01:00,25.1,93,0.1,12.4,210
2025-09-25T02:00,24.9,93,0.4,13.2,224
2025-09-25T03:00,24.3,91,1.9,12.4,229
2025-09-25T04:00,24.5,94,1.2,11.9,212
2025-09-25T05:00,24.1,92,1.2,19.1,252
2025-09-25T06:00,25.9,90,0.1,10.4,233
2025-09-25T07:00,25.3,88,1.1,18.5,249
2025-09-25T08:00,26.6,81,0.1,17.3,236
2025-09-25T09:00,27.0,81,0.6,21.5,237
2025-09-25T10:00,27.9,78,0.3,18.9,233
2025-09-25T11:00,26.9,79,0.4,20.4,243
2025-09-25T12:00,26.2,86,2.8,13.0,246
2025-09-25T13:00,27.2,81,0.2,17.1,251
2025-09-25T14:00,26.6,82,0.9,18.5,249
2025-09-25T15:00,27.1,83,0.1,13.8,235
2025-09-25T16:00,25.6,89,2.9,14.1,236
2025-09-25T17:00,26.1,88,0.3,11.8,232
2025-09-25T18:00,25.7,86,0.6,14.2,231
2025-09-25T19:00,25.3,89,1.4,12.0,235
2025-09-25T20:00,25.5,91,1.4,10.7,229
2025-09-25T21:00,25.1,94,0.0,9.5,224
2025-09-25T22:00,24.9,95,0.3,10.6,236
2025-09-25T23:00,24.4,93,1.6,18.0,254
2025-09-26T00:00,24.7,93,2.4,14.7,237
2025-09-26T01:00,25.0,93,1.1,12.1,233
2025-09-26T02:00,24.9,90,0.7,12.4,236
2025-09-26T03:00,24.2,93,2.1,16.0,245
2025-09-26T04:00,24.8,90,2.0,15.3,231
2025-09-26T05:00,24.9,90,1.0,12.5,235
2025-09-26T06:00,25.0,93,0.4,7.6,225
2025-09-26T07:00,25.8,91,0.1,9.9,217
2025-09-26T08:00,26.6,86,0.1,13.4,223
2025-09-26T09:00,26.6,84,0.9,13.5,228
2025-09-26T10:00,26.3,83,0.4,18.7,232
2025-09-26T11:00,26.7,83,0.1,20.2,245
2025-09-26T12:00,25.7,84,10.7,19.9,240
2025-09-26T13:00,26.1,85,1.4,14.1,235
2025-09-26T14:00,24.4,91,1.9,18.8,243
2025-09-26T15:00,25.7,88,0.7,15.7,245
2025-09-26T16:00,26.3,84,0.5,13.4,243
2025-09-26T17:00,25.1,89,1.2,15.7,242
2025-09-26T18:00,26.3,86,0.1,12.4,260
2025-09-26T19:00,26.2,87,0.1,10.4,250
2025-09-26T20:00,26.2,85,0.0,12.3,258
2025-09-26T21:00,26.2,84,0.0,11.0,256
2025-09-26T22:00,25.8,88,0.0,9.0,254
2025-09-26T23:00,25.7,89,0.0,9.2,239
2025-09-27T00:00,25.7,87,0.0,8.0,224
2025-09-27T01:00,25.7,85,0.0,10.0,219
2025-09-27T02:00,25.8,85,0.0,10.4,219
2025-09-27T03:00,25.8,86,0.0,10.8,212
2025-09-27T04:00,25.5,86,0.4,11.2,215
2025-09-27T05:00,25.5,88,0.0,8.1,201
2025-09-27T06:00,27.0,79,0.1,11.6,227
2025-09-27T07:00,27.8,77,0.0,11.7,226
2025-09-27T08:00,28.2,75,0.1,12.1,227
2025-09-27T09:00,28.8,72,0.3,15.4,238
2025-09-27T10:00,29.3,70,0.4,16.0,241
2025-09-27T11:00,29.0,72,1.4,15.7,246
2025-09-27T12:00,29.0,74,0.7,15.4,241
2025-09-27T13:00,29.1,74,0.4,15.9,245
2025-09-27T14:00,29.2,73,0.2,16.0,244
2025-09-27T15:00,28.6,75,0.0,16.7,244
2025-09-27T16:00,28.4,75,0.1,16.3,242
2025-09-27T17:00,27.7,79,0.0,15.4,247
2025-09-27T18:00,26.7,85,0.1,11.7,232
2025-09-27T19:00,26.3,87,0.1,10.4,231
2025-09-27T20:00,26.5,86,0.0,10.0,232
2025-09-27T21:00,26.2,89,0.0,4.4,201
2025-09-27T22:00,25.6,93,0.0,2.7,203
2025-09-27T23:00,25.1,94,0.1,6.8,205
2025-09-28T00:00,24.5,97,0.3,2.2,246
2025-09-28T01:00,24.6,93,0.6,5.4,201
2025-09-28T02:00,23.9,94,2.5,12.0,246
2025-09-28T03:00,24.7,93,0.7,9.1,212
2025-09-28T04:00,24.5,95,0.5,8.9,228
2025-09-28T05:00,24.6,94,0.2,8.9,220
2025-09-28T06:00,26.1,91,0.1,9.6,214
2025-09-28T07:00,26.0,89,0.1,6.3,207
2025-09-28T08:00,26.9,85,0.0,10.1,223
2025-09-28T09:00,28.1,78,0.0,13.2,224
2025-09-28T10:00,28.4,78,0.0,15.9,226
2025-09-28T11:00,28.6,77,0.3,17.7,229
2025-09-28T12:00,29.0,75,0.3,17.6,236
2025-09-28T13:00,29.0,74,0.2,18.6,239
2025-09-28T14:00,28.8,74,0.1,18.9,240
2025-09-28T15:00,28.6,75,0.3,19.8,242
2025-09-28T16:00,28.4,76,0.2,18.6,240
2025-09-28T17:00,27.9,79,0.2,15.6,237
2025-09-28T18:00,27.3,81,0.0,12.0,233
2025-09-28T19:00,27.3,80,0.0,12.4,230
2025-09-28T20:00,27.3,80,0.0,13.0,233
2025-09-28T21:00,27.3,80,0.0,12.6,236
2025-09-28T22:00,27.2,81,0.0,13.0,239
2025-09-28T23:00,27.0,82,0.0,13.0,239
2025-09-29T00:00,27.1,82,0.0,12.7,241
2025-09-29T01:00,26.9,83,0.0,12.9,242
2025-09-29T02:00,26.8,83,0.0,14.2,240
2025-09-29T03:00,26.8,83,0.0,14.6,238
2025-09-29T04:00,26.8,83,0.0,15.5,241
2025-09-29T05:00,26.7,84,0.0,14.9,240
2025-09-29T06:00,26.4,89,0.0,9.2,228
2025-09-29T07:00,27.5,83,0.2,15.2,239
2025-09-29T08:00,28.5,78,0.1,15.8,243
2025-09-29T09:00,28.9,75,0.1,17.4,246
2025-09-29T10:00,29.2,75,0.2,17.5,251
2025-09-29T11:00,29.3,74,0.2,19.1,250
2025-09-29T12:00,29.3,75,0.1,17.7,255
2025-09-29T13:00,28.9,76,0.6,19.9,256
2025-09-29T14:00,28.3,79,0.5,18.2,259
2025-09-29T15:00,28.2,78,0.0,15.8,255
2025-09-29T16:00,27.4,81,0.0,13.7,249
2025-09-29T17:00,26.6,81,0.7,12.3,249
2025-09-29T18:00,27.5,81,0.0,9.9,251
2025-09-29T19:00,27.3,81,0.0,12.4,240
2025-09-29T20:00,27.2,83,0.0,11.4,245
2025-09-29T21:00,27.1,83,0.0,12.0,249
2025-09-29T22:00,27.1,83,0.0,12.0,246
2025-09-29T23:00,26.8,85,0.0,12.4,239
2025-09-30T00:00,26.7,85,0.0,11.7,243
2025-09-30T01:00,26.2,86,0.0,13.1,238
2025-09-30T02:00,25.8,90,0.1,9.1,243
2025-09-30T03:00,25.4,89,0.1,12.1,233
2025-09-30T04:00,25.3,90,0.2,12.6,236
2025-09-30T05:00,25.9,86,0.1,12.2,241
2025-09-30T06:00,26.1,86,0.1,7.3,253
2025-09-30T07:00,27.6,79,0.1,10.6,252
2025-09-30T08:00,28.6,76,0.0,12.6,259
2025-09-30T09:00,29.1,71,0.3,15.7,261
2025-09-30T10:00,29.5,68,0.9,16.5,264
2025-09-30T11:00,29.4,73,0.4,16.5,254
2025-09-30T12:00,29.5,74,0.2,15.2,256
2025-09-30T13:00,29.4,75,0.0,15.0,259
2025-09-30T14:00,29.2,75,0.0,14.9,252
2025-09-30T15:00,29.0,74,0.0,14.4,255
2025-09-30T16:00,28.4,77,0.0,13.9,250
2025-09-30T17:00,27.9,80,0.0,12.8,246
2025-09-30T18:00,27.3,82,0.0,12.9,240
2025-09-30T19:00,27.3,82,0.0,13.2,233
2025-09-30T20:00,27.4,81,0.0,14.4,237
2025-09-30T21:00,27.4,81,0.0,13.5,237
2025-09-30T22:00,27.3,82,0.0,14.9,238
2025-09-30T23:00,27.1,83,0.0,15.2,243
2025-10-01T00:00,26.9,84,0.0,14.1,245
2025-10-01T01:00,26.9,84,0.0,14.9,245
2025-10-01T02:00,26.9,85,0.0,15.1,245
2025-10-01T03:00,26.9,85,0.0,15.3,249
2025-10-01T04:00,27.0,84,0.0,14.9,248
2025-10-01T05:00,27.0,84,0.2,13.1,247
2025-10-01T06:00,27.2,83,0.1,13.6,253
2025-10-01T07:00,28.1,78,0.1,15.2,259
2025-10-01T08:00,28.6,76,0.1,15.6,256
2025-10-01T09:00,29.1,74,0.1,15.4,251
2025-10-01T10:00,29.4,73,0.1,15.4,249
2025-10-01T11:00,29.8,72,0.0,14.2,250
2025-10-01T12:00,29.8,72,0.0,14.5,253
2025-10-01T13:00,29.5,73,0.0,13.3,254
2025-10-01T14:00,29.4,73,0.0,14.3,256
2025-10-01T15:00,29.1,75,0.0,14.4,252
2025-10-01T16:00,28.5,77,0.0,13.3,245
2025-10-01T17:00,28.3,80,0.0,10.4,249
2025-10-01T18:00,27.6,83,0.0,9.6,242
2025-10-01T19:00,27.4,85,0.0,9.8,234
2025-10-01T20:00,27.2,85,0.0,9.8,230
2025-10-01T21:00,27.2,85,0.0,11.0,228
2025-10-01T22:00,27.1,85,0.0,11.5,231
2025-10-01T23:00,27.3,84,0.0,10.7,234
2025-10-02T00:00,27.2,84,0.1,12.3,236
2025-10-02T01:00,27.0,84,0.0,11.2,233
2025-10-02T02:00,26.8,84,0.0,11.6,233
2025-10-02T03:00,26.8,84,0.0,10.8,232
2025-10-02T04:00,26.7,84,0.0,10.6,236
2025-10-02T05:00,25.6,85,0.0,3.8,229
2025-10-02T06:00,26.0,84,0.2,5.7,226
2025-10-02T07:00,27.6,82,0.3,6.1,236
2025-10-02T08:00,28.7,73,0.7,11.4,245
2025-10-02T09:00,29.3,71,0.1,12.7,243
2025-10-02T10:00,29.5,71,0.1,13.4,238
2025-10-02T11:00,29.9,70,0.0,11.0,245
2025-10-02T12:00,30.2,67,0.0,11.0,238
2025-10-02T13:00,30.0,68,0.0,11.3,243
2025-10-02T14:00,29.7,69,0.0,12.3,243
2025-10-02T15:00,29.4,69,0.0,12.2,241
2025-10-02T16:00,28.9,72,0.0,10.7,233
2025-10-02T17:00,28.2,78,0.0,8.8,223
2025-10-02T18:00,27.7,81,0.0,8.1,223
2025-10-02T19:00,27.4,82,0.0,7.3,224
2025-10-02T20:00,27.2,84,0.0,6.7,224
2025-10-02T21:00,26.7,87,0.0,6.9,211
2025-10-02T22:00,26.2,89,0.0,5.7,212
2025-10-02T23:00,26.2,91,0.0,5.4,206
2025-10-03T00:00,26.1,92,0.0,5.6,197
2025-10-03T01:00,26.0,92,0.0,5.8,196
2025-10-03T02:00,25.8,92,0.0,6.1,194
2025-10-03T03:00,25.7,92,0.0,5.6,186
2025-10-03T04:00,25.5,93,0.0,5.2,178
2025-10-03T05:00,25.6,94,0.0,5.8,180
2025-10-03T06:00,25.8,94,0.0,5.9,182
2025-10-03T07:00,26.9,91,0.0,4.7,178
2025-10-03T08:00,28.4,80,0.1,7.2,215
2025-10-03T09:00,29.3,70,0.1,10.7,230
2025-10-03T10:00,29.8,68,0.0,12.2,236
2025-10-03T11:00,30.2,65,0.0,10.5,246
2025-10-03T12:00,30.2,66,0.0,11.5,253
2025-10-03T13:00,30.0,67,0.0,12.1,258
2025-10-03T14:00,29.8,68,0.0,12.3,264
2025-10-03T15:00,29.5,69,0.0,10.6,261
2025-10-03T16:00,29.1,71,0.0,10.1,248
2025-10-03T17:00,28.8,75,0.0,8.5,252
2025-10-03T18:00,28.0,81,0.0,6.6,259
2025-10-03T19:00,27.7,84,0.0,4.2,227
2025-10-03T20:00,27.6,85,0.0,5.9,247
2025-10-03T21:00,27.2,87,0.0,3.3,241
2025-10-03T22:00,26.9,89,0.0,1.5,225
2025-10-03T23:00,26.5,90,0.0,3.5,246
2025-10-04T00:00,26.6,88,0.4,5.2,245
2025-10-04T01:00,26.4,89,0.1,5.6,237
2025-10-04T02:00,26.1,90,0.0,4.4,210
2025-10-04T03:00,26.0,91,0.0,4.9,208
2025-10-04T04:00,25.8,91,0.0,4.9,219
2025-10-04T05:00,25.0,96,0.0,2.7,122
2025-10-04T06:00,25.5,94,0.0,1.0,301
2025-10-04T07:00,27.1,85,0.2,4.4,235
2025-10-04T08:00,27.6,80,0.4,4.4,235
2025-10-04T09:00,27.3,81,1.9,6.1,204
2025-10-04T10:00,28.0,78,0.1,6.2,237
2025-10-04T11:00,26.8,82,1.7,10.4,268
2025-10-04T12:00,26.7,82,4.6,4.3,270
2025-10-04T13:00,27.0,80,0.1,8.2,218
2025-10-04T14:00,27.5,81,0.1,5.2,243
2025-10-04T15:00,27.0,82,0.0,3.9,223
2025-10-04T16:00,27.2,82,0.0,2.3,219
2025-10-04T17:00,24.3,86,1.1,4.2,288
2025-10-04T18:00,24.2,88,0.5,4.4,128
2025-10-04T19:00,24.1,91,0.1,5.3,118
2025-10-04T20:00,24.0,93,0.0,5.3,156
2025-10-04T21:00,24.1,92,0.0,5.3,170
2025-10-04T22:00,24.0,94,0.0,5.0,111
2025-10-04T23:00,23.6,96,0.0,6.1,114
2025-10-05T00:00,23.6,94,0.0,6.0,123
2025-10-05T01:00,23.7,93,0.0,6.6,127
2025-10-05T02:00,23.5,94,0.0,6.0,117
2025-10-05T03:00,23.5,94,0.0,4.6,132
2025-10-05T04:00,23.3,95,0.0,2.2,166
2025-10-05T05:00,23.1,94,0.1,5.9,125
2025-10-05T06:00,23.6,93,0.0,6.6,167
2025-10-05T07:00,25.2,89,0.0,3.4,108
2025-10-05T08:00,26.5,85,0.1,9.2,282
2025-10-05T09:00,26.8,83,0.1,5.5,302
2025-10-05T10:00,27.9,80,0.1,7.3,301
2025-10-05T11:00,26.9,81,0.2,7.4,296
2025-10-05T12:00,28.1,81,0.1,6.8,258
2025-10-05T13:00,28.5,78,0.1,10.1,269
2025-10-05T14:00,28.5,77,0.1,8.3,264
2025-10-05T15:00,28.3,76,0.1,9.3,254
2025-10-05T16:00,27.7,78,0.5,7.5,250
2025-10-05T17:00,27.4,79,0.1,6.1,223
2025-10-05T18:00,26.9,83,0.0,4.3,228
2025-10-05T19:00,26.7,87,0.0,2.3,203
2025-10-05T20:00,26.1,89,0.0,2.8,195
2025-10-05T21:00,26.0,91,0.0,4.0,198
2025-10-05T22:00,25.7,92,0.0,2.9,202
2025-10-05T23:00,25.3,94,0.0,2.3,203
2025-10-06T00:00,25.4,94,0.0,4.7,196
2025-10-06T01:00,25.3,94,0.0,5.8,206
2025-10-06T02:00,25.3,94,0.0,4.8,214
2025-10-06T03:00,25.3,93,0.1,5.0,232
2025-10-06T04:00,25.1,93,0.1,3.6,217
2025-10-06T05:00,24.7,94,0.1,3.1,187
2025-10-06T06:00,25.2,92,0.1,3.1,159
2025-10-06T07:00,26.4,89,0.1,2.7,217
2025-10-06T08:00,27.9,81,0.2,4.1,229
2025-10-06T09:00,29.2,74,0.3,8.2,255
2025-10-06T10:00,29.8,71,0.1,9.6,257
2025-10-06T11:00,30.3,66,0.1,10.7,262
2025-10-06T12:00,30.2,67,0.0,11.9,264
2025-10-06T13:00,29.9,69,0.0,11.9,267
2025-10-06T14:00,29.7,70,0.0,12.4,268
2025-10-06T15:00,29.2,74,0.0,11.4,265
2025-10-06T16:00,28.6,76,0.0,8.7,264
2025-10-06T17:00,28.0,80,0.0,6.7,273
2025-10-06T18:00,27.4,84,0.0,5.4,268
2025-10-06T19:00,27.2,86,0.0,5.9,258
2025-10-06T20:00,27.1,86,0.0,6.9,247
2025-10-06T21:00,27.0,85,0.0,6.7,246
2025-10-06T22:00,26.9,85,0.0,7.0,247
2025-10-06T23:00,27.1,84,0.0,9.0,241
2025-10-07T00:00,26.8,87,0.0,6.0,226
2025-10-07T01:00,25.6,91,1.0,5.4,250
2025-10-07T02:00,24.9,95,0.8,5.3,260
2025-10-07T03:00,24.8,95,0.1,4.6,191
2025-10-07T04:00,24.6,96,0.0,5.6,130
2025-10-07T05:00,24.0,97,0.3,9.4,94
2025-10-07T06:00,23.8,95,0.3,4.4,97
2025-10-07T07:00,24.6,94,0.2,8.4,165
2025-10-07T08:00,25.3,88,0.0,8.3,158
2025-10-07T09:00,27.0,81,0.0,5.2,158
2025-10-07T10:00,28.3,77,0.0,5.4,201
2025-10-07T11:00,29.4,73,0.1,7.8,224
2025-10-07T12:00,29.5,72,0.0,8.8,226
2025-10-07T13:00,29.2,73,0.0,9.9,228
2025-10-07T14:00,28.7,77,0.0,10.9,224
2025-10-07T15:00,28.8,76,0.0,11.7,236
2025-10-07T16:00,28.3,77,0.0,10.2,239
2025-10-07T17:00,28.1,79,0.0,8.0,236
2025-10-07T18:00,27.4,83,0.0,6.8,220
2025-10-07T19:00,27.1,85,0.0,6.2,218
2025-10-07T20:00,26.8,87,0.0,4.7,230
2025-10-07T21:00,26.5,89,0.0,4.2,211
2025-10-07T22:00,26.2,90,0.0,3.4,205
2025-10-07T23:00,26.4,90,0.0,6.0,171
2025-10-08T00:00,26.1,91,0.0,5.3,152
2025-10-08T01:00,26.0,91,0.0,6.8,153
2025-10-08T02:00,25.8,92,0.0,6.8,158
2025-10-08T03:00,25.6,92,0.0,6.7,160
2025-10-08T04:00,25.6,93,0.0,5.2,153
2025-10-08T05:00,24.7,93,0.0,6.1,148
2025-10-08T06:00,24.8,93,0.0,5.5,122
2025-10-08T07:00,26.1,88,0.0,4.6,111
2025-10-08T08:00,27.4,82,0.1,2.5,135
2025-10-08T09:00,28.2,78,0.2,3.7,166
2025-10-08T10:00,29.4,71,0.1,4.9,208
2025-10-08T11:00,30.1,66,0.1,9.5,231
2025-10-08T12:00,30.6,61,0.0,13.7,240
2025-10-08T13:00,30.2,63,0.0,13.1,227
2025-10-08T14:00,29.7,64,0.0,13.5,233
2025-10-08T15:00,29.3,66,0.0,14.9,227
2025-10-08T16:00,28.7,68,0.0,12.9,223
2025-10-08T17:00,29.0,67,0.0,9.7,215
2025-10-08T18:00,28.3,71,0.0,7.7,208
2025-10-08T19:00,27.8,75,0.0,6.3,198
2025-10-08T20:00,27.5,77,0.0,5.6,201
2025-10-08T21:00,27.2,79,0.0,6.4,205
2025-10-08T22:00,27.0,79,0.0,5.7,204
2025-10-08T23:00,26.9,78,0.0,6.0,196
2025-10-09T00:00,26.7,80,0.0,5.7,198
2025-10-09T01:00,26.5,81,0.0,6.2,202
2025-10-09T02:00,26.3,81,0.0,6.2,206
2025-10-09T03:00,25.9,83,0.0,5.0,210
2025-10-09T04:00,25.4,86,0.0,3.1,216
2025-10-09T05:00,25.0,93,0.0,2.8,125
2025-10-09T06:00,25.0,92,0.0,6.8,107
2025-10-09T07:00,26.6,84,0.0,5.1,108
2025-10-09T08:00,28.7,72,0.0,3.2,153
2025-10-09T09:00,30.2,60,0.0,7.5,226
2025-10-09T10:00,31.0,55,0.0,9.0,235
2025-10-09T11:00,31.1,53,0.0,8.0,239
2025-10-09T12:00,31.5,51,0.0,11.0,244
2025-10-09T13:00,31.2,53,0.0,11.5,245
2025-10-09T14:00,31.1,54,0.0,10.8,240
2025-10-09T15:00,30.8,54,0.0,11.2,237
2025-10-09T16:00,30.1,58,0.0,11.1,234
2025-10-09T17:00,29.4,62,0.0,10.2,231
2025-10-09T18:00,28.7,67,0.0,8.7,230
2025-10-09T19:00,28.5,69,0.0,7.5,230
2025-10-09T20:00,28.2,71,0.0,6.3,211
2025-10-09T21:00,27.6,74,0.0,5.6,195
2025-10-09T22:00,27.2,77,0.0,5.2,194
2025-10-09T23:00,26.7,81,0.0,6.3,178
2025-10-10T00:00,26.3,84,0.0,5.4,186
2025-10-10T01:00,25.9,87,0.0,5.0,180
2025-10-10T02:00,25.4,90,0.0,3.7,169
2025-10-10T03:00,25.1,91,0.0,3.3,139
2025-10-10T04:00,24.8,92,0.0,5.0,134
2025-10-10T05:00,24.3,94,0.0,5.4,132
2025-10-10T06:00,24.7,91,0.0,4.2,121
2025-10-10T07:00,26.6,81,0.0,5.8,141
2025-10-10T08:00,28.2,71,0.0,7.6,161
2025-10-10T09:00,29.5,64,0.1,7.4,209
2025-10-10T10:00,30.9,56,0.0,9.4,235
2025-10-10T11:00,31.7,52,0.0,11.4,249
2025-10-10T12:00,31.5,53,0.0,14.0,241
2025-10-10T13:00,30.8,58,0.0,15.1,225
2025-10-10T14:00,30.4,60,0.0,13.2,218
2025-10-10T15:00,30.0,61,0.0,12.8,218
2025-10-10T16:00,29.2,63,0.1,13.4,213
2025-10-10T17:00,29.0,65,0.1,13.0,211
2025-10-10T18:00,28.6,67,0.0,12.2,207
2025-10-10T19:00,28.5,68,0.0,12.1,197
2025-10-10T20:00,27.2,75,0.0,17.2,193
2025-10-10T21:00,26.1,80,0.0,12.8,181
2025-10-10T22:00,26.0,83,0.0,10.6,177
2025-10-10T23:00,26.1,84,0.0,9.7,169
2025-10-11T00:00,25.9,86,0.0,6.9,171
2025-10-11T01:00,25.5,90,0.0,6.9,166
2025-10-11T02:00,25.3,91,0.0,6.6,154
2025-10-11T03:00,25.2,91,0.0,5.9,137
2025-10-11T04:00,24.9,92,0.1,5.9,140
2025-10-11T05:00,25.2,88,0.2,6.1,130
2025-10-11T06:00,25.4,85,0.3,4.2,140
2025-10-11T07:00,26.6,81,0.1,4.7,196
2025-10-11T08:00,27.8,74,0.0,4.2,200
2025-10-11T09:00,28.7,71,0.2,9.8,212
2025-10-11T10:00,27.5,74,0.6,8.3,214
2025-10-11T11:00,29.4,67,0.0,9.5,237
2025-10-11T12:00,29.4,68,0.1,10.7,229
2025-10-11T13:00,29.5,68,0.1,7.9,223
2025-10-11T14:00,28.4,72,0.1,10.1,227
2025-10-11T15:00,28.2,73,0.1,9.7,219
2025-10-11T16:00,28.3,74,0.0,6.5,212
2025-10-11T17:00,27.8,73,0.0,6.9,194
2025-10-11T18:00,27.1,77,0.0,6.1,183
2025-10-11T19:00,26.8,82,0.0,5.6,178
2025-10-11T20:00,26.3,87,0.0,5.6,163
2025-10-11T21:00,26.0,91,0.0,5.4,143
2025-10-11T22:00,25.6,93,0.0,6.5,136
2025-10-11T23:00,25.3,93,0.0,7.5,130
2025-10-12T00:00,25.1,92,0.0,6.8,122
2025-10-12T01:00,24.9,90,0.0,6.8,117
2025-10-12T02:00,24.6,89,0.0,7.2,117
2025-10-12T03:00,24.4,91,0.0,5.8,104
2025-10-12T04:00,24.2,92,0.0,6.7,92
2025-10-12T05:00,24.5,91,0.0,5.2,92
2025-10-12T06:00,24.5,91,0.0,6.3,103
2025-10-12T07:00,26.5,84,0.0,5.2,124
2025-10-12T08:00,28.7,72,0.0,4.7,171
2025-10-12T09:00,30.0,65,0.0,6.5,194
2025-10-12T10:00,30.9,60,0.0,6.7,218
2025-10-12T11:00,31.5,57,0.1,6.9,233
2025-10-12T12:00,31.5,59,0.1,9.9,237
2025-10-12T13:00,30.9,63,0.1,11.3,234
2025-10-12T14:00,30.2,66,0.1,13.1,222
2025-10-12T15:00,29.2,71,0.2,14.0,211
2025-10-12T16:00,28.7,73,0.0,12.8,199
2025-10-12T17:00,28.7,72,0.0,12.4,183
2025-10-12T18:00,27.6,81,0.0,9.9,159
2025-10-12T19:00,26.7,87,0.0,9.3,164
2025-10-12T20:00,26.4,85,0.3,10.3,175
2025-10-12T21:00,26.3,87,0.0,8.8,169
2025-10-12T22:00,26.0,89,0.0,9.8,166
2025-10-12T23:00,26.0,88,0.2,9.5,171
2025-10-13T00:00,25.6,90,0.3,6.3,185
2025-10-13T01:00,25.3,88,0.3,6.9,227
2025-10-13T02:00,25.3,90,0.0,0.2,180
2025-10-13T03:00,24.8,93,0.0,1.5,104
2025-10-13T04:00,24.7,94,0.0,3.1,87
2025-10-13T05:00,24.8,91,0.0,5.8,185
2025-10-13T06:00,25.2,90,0.1,2.9,176
2025-10-13T07:00,26.5,81,0.0,5.5,218
2025-10-13T08:00,27.9,75,0.0,2.1,239
2025-10-13T09:00,29.3,68,0.0,5.4,255
2025-10-13T10:00,29.7,66,0.0,8.3,270
2025-10-13T11:00,31.3,60,0.0,8.0,275
2025-10-13T12:00,31.0,61,0.0,12.2,254
2025-10-13T13:00,30.9,62,0.0,8.5,272
2025-10-13T14:00,31.0,62,0.1,8.7,283
2025-10-13T15:00,30.1,66,0.0,8.7,287
2025-10-13T16:00,29.2,69,0.4,7.8,277
2025-10-13T17:00,29.4,70,0.1,5.8,340
2025-10-13T18:00,26.7,83,3.3,6.1,50
2025-10-13T19:00,26.0,86,2.5,5.4,206
2025-10-13T20:00,25.2,90,1.3,4.2,115
2025-10-13T21:00,24.5,94,0.1,8.3,114
2025-10-13T22:00,24.2,92,0.3,4.2,126
2025-10-13T23:00,24.8,92,0.3,2.7,110
2025-10-14T00:00,24.7,94,0.0,4.6,171
2025-10-14T01:00,24.5,94,0.0,3.2,124
2025-10-14T02:00,24.3,94,0.0,2.2,138
2025-10-14T03:00,24.0,95,0.0,2.4,99
2025-10-14T04:00,23.8,97,0.0,3.6,139
2025-10-14T05:00,24.1,98,0.0,5.6,147
2025-10-14T06:00,24.3,96,0.0,5.5,122
2025-10-14T07:00,25.9,86,0.0,2.0,117
2025-10-14T08:00,28.0,75,0.0,2.3,151
2025-10-14T09:00,29.4,68,0.0,5.4,186
2025-10-14T10:00,30.5,62,0.0,7.4,214
2025-10-14T11:00,31.2,60,0.0,10.7,211
2025-10-14T12:00,30.9,62,0.0,12.8,214
2025-10-14T13:00,30.7,63,0.3,14.4,208
2025-10-14T14:00,29.7,70,0.2,15.9,213
2025-10-14T15:00,27.7,77,0.6,12.5,187
2025-10-14T16:00,27.1,78,0.4,13.4,176
2025-10-14T17:00,27.2,83,0.4,12.7,187
2025-10-14T18:00,26.3,87,0.2,13.4,185
2025-10-14T19:00,25.8,87,0.0,14.5,187
2025-10-14T20:00,25.4,88,0.0,9.4,193
2025-10-14T21:00,25.4,89,0.0,6.9,171
2025-10-14T22:00,25.2,91,0.0,6.3,162
2025-10-14T23:00,25.2,94,0.0,5.2,164
2025-10-15T00:00,25.2,93,0.2,4.4,212
2025-10-15T01:00,24.7,96,0.4,9.0,164
2025-10-15T02:00,24.6,94,0.0,4.0,144
2025-10-15T03:00,24.4,95,0.1,1.5,187
2025-10-15T04:00,24.7,92,0.1,1.8,180
2025-10-15T05:00,24.0,96,0.0,3.8,87
2025-10-15T06:00,24.4,95,0.0,3.8,98
2025-10-15T07:00,24.9,93,0.0,3.0,76
2025-10-15T08:00,26.0,89,0.1,2.7,113
2025-10-15T09:00,27.7,84,0.2,1.1,171
2025-10-15T10:00,27.8,81,0.8,7.6,266
2025-10-15T11:00,27.3,84,4.1,7.6,275
2025-10-15T12:00,27.4,82,0.1,9.3,283
2025-10-15T13:00,28.1,81,0.2,9.5,268
2025-10-15T14:00,26.6,82,5.1,9.2,259
2025-10-15T15:00,26.7,85,0.3,4.9,264
2025-10-15T16:00,26.6,85,0.4,6.9,263
2025-10-15T17:00,25.9,88,0.4,4.8,211
2025-10-15T18:00,25.1,93,2.2,6.4,190
2025-10-15T19:00,24.9,94,0.7,6.0,173
2025-10-15T20:00,24.9,91,1.0,4.6,162
2025-10-15T21:00,24.6,95,0.8,6.1,137
2025-10-15T22:00,24.3,97,0.5,6.0,141
2025-10-15T23:00,24.3,96,2.0,5.7,127
2025-10-16T00:00,24.2,96,0.3,4.2,110
2025-10-16T01:00,24.1,96,0.0,4.5,88
2025-10-16T02:00,23.8,98,0.0,4.6,111
2025-10-16T03:00,23.7,97,0.0,4.6,132
2025-10-16T04:00,23.6,97,0.0,3.9,112
2025-10-16T05:00,24.1,96,0.0,3.4,137
2025-10-16T06:00,24.2,96,0.0,6.2,139
2025-10-16T07:00,25.3,90,0.0,7.8,161
2025-10-16T08:00,26.8,84,0.0,10.6,176
2025-10-16T09:00,28.2,77,0.0,10.1,178
2025-10-16T10:00,29.5,72,0.0,9.2,179
2025-10-16T11:00,30.0,66,0.1,13.6,188
2025-10-16T12:00,29.9,68,0.1,11.4,196
2025-10-16T13:00,28.3,81,5.9,10.8,210
2025-10-16T14:00,27.5,81,2.9,12.4,181
2025-10-16T15:00,26.1,89,4.2,8.8,165
2025-10-16T16:00,26.1,91,0.6,5.2,136
2025-10-16T17:00,25.4,96,2.7,8.8,121
2025-10-16T18:00,25.1,96,0.8,3.5,102
2025-10-16T19:00,24.8,97,2.4,3.7,104
2025-10-16T20:00,25.0,96,0.0,4.9,147
2025-10-16T21:00,24.4,97,2.0,9.0,195
2025-10-16T22:00,23.9,96,0.9,9.2,138
2025-10-16T23:00,24.3,98,0.0,3.5,168
2025-10-17T00:00,24.4,98,2.2,5.6,184
2025-10-17T01:00,24.6,97,0.6,5.9,130
2025-10-17T02:00,24.5,97,0.1,6.4,133
2025-10-17T03:00,24.4,96,0.0,6.9,141
2025-10-17T04:00,24.1,97,0.0,7.7,127
2025-10-17T05:00,24.8,97,0.7,5.3,142
2025-10-17T06:00,25.2,96,0.0,5.3,142
2025-10-17T07:00,26.3,92,0.0,4.9,152
2025-10-17T08:00,27.5,84,0.2,5.7,198
2025-10-17T09:00,28.6,78,0.2,7.3,237
2025-10-17T10:00,29.1,75,0.3,9.7,252
2025-10-17T11:00,29.5,73,0.2,8.8,274
2025-10-17T12:00,29.5,73,0.7,6.3,273
2025-10-17T13:00,28.4,75,0.5,10.8,270
2025-10-17T14:00,28.1,78,0.2,5.7,259
2025-10-17T15:00,27.1,82,7.4,4.9,276
2025-10-17T16:00,25.7,90,1.4,7.4,51
2025-10-17T17:00,26.5,88,0.3,0.6,18
2025-10-17T18:00,25.8,95,0.4,4.6,59
2025-10-17T19:00,25.4,97,0.5,4.2,108
2025-10-17T20:00,25.0,98,0.2,5.6,97
2025-10-17T21:00,24.8,98,0.1,2.5,111
2025-10-17T22:00,24.6,98,0.0,3.0,104
2025-10-17T23:00,24.3,95,0.0,3.2,161
2025-10-18T00:00,24.4,95,0.0,3.6,131
2025-10-18T01:00,24.3,94,0.0,5.3,98
2025-10-18T02:00,24.0,94,0.0,4.5,92
2025-10-18T03:00,23.9,95,0.0,3.8,71
2025-10-18T04:00,23.6,96,0.0,5.5,81
2025-10-18T05:00,23.4,97,0.0,3.2,177
2025-10-18T06:00,23.9,97,0.4,2.7,86
2025-10-18T07:00,25.4,91,0.0,0.6,326
2025-10-18T08:00,26.9,86,0.0,1.1,279
2025-10-18T09:00,28.0,79,0.0,2.7,302
2025-10-18T10:00,28.9,75,0.1,5.5,283
2025-10-18T11:00,28.9,75,0.1,12.2,237
2025-10-18T12:00,27.9,82,0.4,6.9,225
2025-10-18T13:00,28.2,82,0.0,6.8,248
2025-10-18T14:00,27.6,83,0.1,7.4,247
2025-10-18T15:00,27.2,85,0.1,5.5,234
2025-10-18T16:00,26.8,87,0.2,1.3,254
2025-10-18T17:00,27.0,89,0.4,6.4,207
2025-10-18T18:00,26.1,93,3.0,6.2,147
2025-10-18T19:00,24.6,98,5.1,7.0,108
2025-10-18T20:00,24.7,96,4.7,4.2,133
2025-10-18T21:00,24.5,95,2.7,6.3,183
2025-10-18T22:00,24.1,98,5.4,9.0,103
2025-10-18T23:00,24.4,97,8.1,2.7,188
2025-10-19T00:00,24.5,96,0.1,6.4,144
2025-10-19T01:00,24.4,97,0.0,4.8,124
2025-10-19T02:00,24.1,97,0.0,4.1,139
2025-10-19T03:00,24.1,96,0.1,3.0,194
2025-10-19T04:00,24.3,96,0.4,3.3,186
2025-10-19T05:00,23.9,97,0.1,2.8,108
2025-10-19T06:00,24.2,96,0.1,3.6,84
2025-10-19T07:00,24.7,95,0.1,5.1,73
2025-10-19T08:00,25.3,93,0.3,3.1,93
2025-10-19T09:00,26.9,85,0.4,6.5,268
2025-10-19T10:00,27.5,82,0.2,5.2,284
2025-10-19T11:00,26.4,88,2.2,8.0,250
2025-10-19T12:00,25.0,91,7.2,8.7,257
2025-10-19T13:00,25.8,86,2.2,8.5,272
2025-10-19T14:00,27.0,82,0.1,7.6,288
2025-10-19T15:00,26.3,85,0.0,6.0,295
2025-10-19T16:00,26.4,85,0.1,2.8,297
2025-10-19T17:00,25.7,89,0.1,0.9,281
2025-10-19T18:00,24.9,94,1.5,3.4,137
2025-10-19T19:00,24.9,96,1.1,1.8,53
2025-10-19T20:00,25.1,91,0.1,0.8,315
2025-10-19T21:00,24.7,94,2.0,1.0,135
2025-10-19T22:00,24.5,95,0.1,1.7,193
2025-10-19T23:00,23.6,96,0.9,3.3,68
2025-10-20T00:00,23.5,95,0.0,0.2,180
2025-10-20T01:00,23.7,94,0.0,0.3,135
2025-10-20T02:00,23.6,95,0.0,2.0,45
2025-10-20T03:00,23.7,95,0.1,3.1,90
2025-10-20T04:00,23.5,96,0.3,4.8,65
2025-10-20T05:00,23.8,98,0.5,3.7,79
2025-10-20T06:00,24.0,97,0.1,4.7,83
2025-10-20T07:00,25.0,94,0.0,4.7,97
2025-10-20T08:00,25.5,92,0.1,4.6,79
2025-10-20T09:00,25.7,86,0.5,2.7,37
2025-10-20T10:00,26.3,86,0.6,1.7,288
2025-10-20T11:00,26.2,83,0.2,8.9,279
2025-10-20T12:00,26.2,83,0.4,9.0,282
2025-10-20T13:00,26.2,85,0.6,6.5,278
2025-10-20T14:00,26.7,83,0.6,8.0,278
2025-10-20T15:00,26.5,83,0.7,10.2,280
2025-10-20T16:00,25.8,87,2.3,8.1,295
2025-10-20T17:00,26.1,87,1.5,8.0,293
2025-10-20T18:00,25.6,92,1.5,8.7,277
2025-10-20T19:00,24.9,94,1.7,6.4,308
2025-10-20T20:00,24.7,96,2.9,7.8,255
2025-10-20T21:00,24.9,93,3.6,7.9,249
2025-10-20T22:00,24.7,92,4.0,11.4,246
2025-10-20T23:00,24.7,91,2.1,12.7,226
2025-10-21T00:00,24.5,92,0.9,11.9,219
2025-10-21T01:00,24.3,94,0.9,7.1,218
2025-10-21T02:00,24.3,94,1.5,7.0,252
2025-10-21T03:00,24.4,94,1.9,9.5,259
2025-10-21T04:00,24.5,93,3.6,11.3,256
2025-10-21T05:00,24.4,94,4.0,5.2,254
2025-10-21T06:00,24.7,94,2.1,6.4,262
2025-10-21T07:00,24.8,92,3.2,11.7,269
2025-10-21T08:00,25.0,93,4.0,13.1,263
2025-10-21T09:00,25.2,86,1.9,17.8,247
2025-10-21T10:00,25.7,83,0.7,15.8,251
2025-10-21T11:00,27.7,77,0.3,13.3,279
2025-10-21T12:00,27.4,77,0.1,11.9,276
2025-10-21T13:00,27.9,74,0.1,13.5,269
2025-10-21T14:00,27.7,75,0.2,13.9,271
2025-10-21T15:00,27.2,79,0.1,13.3,269
2025-10-21T16:00,26.2,82,0.7,11.9,260
2025-10-21T17:00,26.0,80,6.8,13.9,245
2025-10-21T18:00,25.6,85,0.6,11.3,236
2025-10-21T19:00,25.0,89,0.5,10.6,219
2025-10-21T20:00,24.9,91,0.4,9.0,213
2025-10-21T21:00,24.6,94,0.4,5.5,191
2025-10-21T22:00,24.7,94,0.4,6.2,197
2025-10-21T23:00,24.1,97,1.2,9.9,151
2025-10-22T00:00,24.0,96,0.3,8.9,153
2025-10-22T01:00,24.1,96,0.3,10.1,151
2025-10-22T02:00,24.4,95,0.8,11.1,173
2025-10-22T03:00,24.2,95,0.9,12.2,182
2025-10-22T04:00,24.4,94,0.2,12.6,182
2025-10-22T05:00,24.6,93,0.6,10.5,174
2025-10-22T06:00,24.7,94,0.1,10.1,181
2025-10-22T07:00,25.8,84,0.4,11.4,185
2025-10-22T08:00,26.1,86,0.4,12.6,194
2025-10-22T09:00,26.1,86,0.2,12.1,203
2025-10-22T10:00,28.0,77,0.1,16.4,213
2025-10-22T11:00,28.1,76,0.4,17.3,214
2025-10-22T12:00,28.1,75,0.1,17.1,216
2025-10-22T13:00,28.6,73,0.1,18.0,220
2025-10-22T14:00,28.1,75,0.0,16.4,219
2025-10-22T15:00,27.8,77,0.1,16.6,221
2025-10-22T16:00,27.7,78,0.6,16.3,222
2025-10-22T17:00,27.0,81,0.2,13.5,214
2025-10-22T18:00,26.9,80,0.2,15.7,218
2025-10-22T19:00,26.8,82,0.2,13.0,214
2025-10-22T20:00,26.1,86,0.5,11.7,211
2025-10-22T21:00,26.0,86,0.3,11.4,207
2025-10-22T22:00,25.1,88,1.4,15.3,234
2025-10-22T23:00,24.9,92,5.0,7.8,184
2025-10-23T00:00,24.7,94,0.5,5.4,178
2025-10-23T01:00,24.4,96,1.0,9.3,216
2025-10-23T02:00,24.6,94,0.7,6.0,190
2025-10-23T03:00,24.5,97,0.5,8.5,209
2025-10-23T04:00,24.2,95,0.6,8.7,204
2025-10-23T05:00,24.5,92,0.8,13.4,219
2025-10-23T06:00,25.0,93,1.3,13.8,211
2025-10-23T07:00,25.5,92,1.0,11.6,204
2025-10-23T08:00,26.5,89,0.7,9.3,196
2025-10-23T09:00,27.5,81,0.3,9.4,212
2025-10-23T10:00,28.3,76,0.2,11.9,222
2025-10-23T11:00,28.7,75,0.1,14.7,235
2025-10-23T12:00,28.2,76,0.7,16.7,236
2025-10-23T13:00,28.3,76,0.4,16.7,244
2025-10-23T14:00,28.2,76,0.1,13.8,241
2025-10-23T15:00,28.2,76,0.2,14.4,246
2025-10-23T16:00,28.1,76,0.3,11.8,243
2025-10-23T17:00,26.3,87,0.1,4.1,270
2025-10-23T18:00,25.8,91,0.4,0.8,153
2025-10-23T19:00,25.8,91,0.0,3.8,188
2025-10-23T20:00,25.9,91,0.0,5.3,188
2025-10-23T21:00,25.8,91,0.0,6.2,201
2025-10-23T22:00,25.6,93,0.0,6.5,174
2025-10-23T23:00,24.9,95,0.4,2.5,188
2025-10-24T00:00,24.7,94,0.5,3.3,158
2025-10-24T01:00,24.4,95,0.2,5.9,135
2025-10-24T02:00,24.5,95,0.1,7.5,163
2025-10-24T03:00,24.7,94,0.1,9.7,191
2025-10-24T04:00,24.6,94,0.0,9.4,180
2025-10-24T05:00,24.3,94,0.0,7.3,190
2025-10-24T06:00,25.0,93,0.0,9.1,201
2025-10-24T07:00,26.3,89,0.1,6.7,194
2025-10-24T08:00,26.2,85,2.6,13.0,246
2025-10-24T09:00,25.9,89,2.1,5.5,238
2025-10-24T10:00,27.2,84,0.0,8.2,232
2025-10-24T11:00,28.5,80,0.0,11.8,246
2025-10-24T12:00,28.0,76,0.8,13.4,256
2025-10-24T13:00,27.3,82,1.0,8.6,269
2025-10-24T14:00,26.8,85,0.2,5.2,299
2025-10-24T15:00,25.2,90,2.4,12.8,276
2025-10-24T16:00,25.7,91,1.3,7.2,282
2025-10-24T17:00,26.1,88,0.2,8.4,254
2025-10-24T18:00,25.3,94,0.2,3.3,257
2025-10-24T19:00,24.4,95,3.8,2.6,304
2025-10-24T20:00,24.2,96,2.1,3.3,54
2025-10-24T21:00,23.6,96,0.7,5.4,64
2025-10-24T22:00,23.3,95,0.5,6.8,72
2025-10-24T23:00,23.4,95,0.2,6.7,88
2025-10-25T00:00,23.7,95,0.3,3.5,141
2025-10-25T01:00,24.0,97,0.6,2.6,196
2025-10-25T02:00,24.3,96,1.0,2.9,259
2025-10-25T03:00,24.4,96,0.7,7.1,251
2025-10-25T04:00,24.4,94,1.0,6.2,255
2025-10-25T05:00,25.2,89,0.1,9.0,248
2025-10-25T06:00,25.3,90,0.0,6.5,236
2025-10-25T07:00,26.0,90,0.1,4.5,233
2025-10-25T08:00,26.2,90,0.1,2.0,243
2025-10-25T09:00,27.1,86,0.2,3.8,259
2025-10-25T10:00,27.6,81,0.0,7.7,270
2025-10-25T11:00,26.4,85,0.0,11.7,280
2025-10-25T12:00,26.3,86,0.1,5.9,281
2025-10-25T13:00,27.8,79,0.3,12.2,284
2025-10-25T14:00,28.5,76,0.2,12.9,277
2025-10-25T15:00,28.3,76,0.3,12.5,275
2025-10-25T16:00,28.1,77,0.2,11.6,266
2025-10-25T17:00,27.5,83,0.0,10.4,279
2025-10-25T18:00,27.2,84,0.1,9.6,276
2025-10-25T19:00,27.1,84,0.1,8.8,268
2025-10-25T20:00,27.0,84,0.1,9.4,259
2025-10-25T21:00,27.1,82,0.0,10.3,258
2025-10-25T22:00,27.2,81,0.0,10.9,262
2025-10-25T23:00,27.1,81,0.0,8.5,266
2025-10-26T00:00,26.7,83,0.0,6.9,264
2025-10-26T01:00,25.9,86,0.0,4.1,268
2025-10-26T02:00,25.6,87,0.0,4.3,270
2025-10-26T03:00,25.6,88,0.0,7.9,269
2025-10-26T04:00,26.0,86,0.0,10.5,266
2025-10-26T05:00,26.3,84,0.0,10.9,264
2025-10-26T06:00,26.7,82,0.0,13.2,260
2025-10-26T07:00,27.4,80,0.0,11.6,264
2025-10-26T08:00,28.0,77,0.0,13.7,267
2025-10-26T09:00,28.5,76,0.0,12.1,268
2025-10-26T10:00,29.1,74,0.0,12.1,273
2025-10-26T11:00,29.2,74,0.0,11.5,281
2025-10-26T12:00,29.0,76,0.0,11.4,288
2025-10-26T13:00,28.9,75,0.0,11.9,292
2025-10-26T14:00,28.8,76,0.0,12.2,294
2025-10-26T15:00,28.3,76,0.0,11.7,293
2025-10-26T16:00,27.8,80,0.0,9.6,291
2025-10-26T17:00,28.0,80,0.0,8.5,297
2025-10-26T18:00,27.3,82,0.0,8.2,289
2025-10-26T19:00,27.1,82,0.0,7.2,273
2025-10-26T20:00,26.8,84,0.0,5.3,258
2025-10-26T21:00,26.2,87,0.0,3.6,243
2025-10-26T22:00,25.8,88,0.0,3.8,251
2025-10-26T23:00,25.9,88,0.0,6.6,244
2025-10-27T00:00,26.0,87,0.0,8.6,247
2025-10-27T01:00,26.4,85,0.0,10.1,243
2025-10-27T02:00,26.4,85,0.0,10.1,246
2025-10-27T03:00,26.6,84,0.0,12.3,243
2025-10-27T04:00,26.8,83,0.0,12.8,238
2025-10-27T05:00,26.6,82,0.0,11.4,246
2025-10-27T06:00,26.6,83,0.0,10.9,239
2025-10-27T07:00,27.5,80,0.0,11.7,250
2025-10-27T08:00,28.2,74,0.0,16.3,259
2025-10-27T09:00,28.5,73,0.0,15.2,257
2025-10-27T10:00,28.8,72,0.1,15.8,256
2025-10-27T11:00,29.3,73,0.1,14.2,267
2025-10-27T12:00,29.3,72,0.1,16.0,273
2025-10-27T13:00,29.1,72,0.1,17.3,273
2025-10-27T14:00,28.9,72,0.0,17.7,279
2025-10-27T15:00,28.9,73,0.0,14.9,271
2025-10-27T16:00,28.5,75,0.0,11.9,275
2025-10-27T17:00,27.9,77,0.0,11.9,273
2025-10-27T18:00,27.6,77,0.0,13.1,270
2025-10-27T19:00,27.5,78,0.0,13.4,274
2025-10-27T20:00,27.3,81,0.0,13.0,272
2025-10-27T21:00,27.4,81,0.0,12.8,271
2025-10-27T22:00,27.2,83,0.0,14.4,267
2025-10-27T23:00,27.4,81,0.0,14.0,262
2025-10-28T00:00,27.4,81,0.0,16.2,258
2025-10-28T01:00,27.2,82,0.0,15.7,257
2025-10-28T02:00,26.8,84,0.0,15.0,259
2025-10-28T03:00,26.8,84,0.0,12.9,255
2025-10-28T04:00,26.9,84,0.0,12.8,250
2025-10-28T05:00,26.9,84,0.0,12.4,231
2025-10-28T06:00,27.3,81,0.0,15.8,234
2025-10-28T07:00,28.1,77,0.1,17.6,243
2025-10-28T08:00,29.0,73,0.0,15.5,242
2025-10-28T09:00,29.5,72,0.1,15.5,244
2025-10-28T10:00,29.5,71,0.1,17.7,249
2025-10-28T11:00,29.7,68,0.8,17.6,255
2025-10-28T12:00,29.8,69,0.3,18.1,253
2025-10-28T13:00,29.5,70,0.5,18.6,255
2025-10-28T14:00,29.5,69,0.1,18.7,250
2025-10-28T15:00,29.2,71,0.0,17.4,252
2025-10-28T16:00,28.7,72,0.0,14.9,251
2025-10-28T17:00,28.3,78,0.0,9.0,232
2025-10-28T18:00,27.6,81,0.1,11.0,249
2025-10-28T19:00,27.4,82,0.0,10.2,249
2025-10-28T20:00,27.3,81,0.0,9.9,245
2025-10-28T21:00,27.1,81,0.0,9.2,244
2025-10-28T22:00,26.9,83,0.0,6.9,255
2025-10-28T23:00,27.0,82,0.0,7.2,270
2025-10-29T00:00,26.8,82,0.0,7.9,266
2025-10-29T01:00,26.5,83,0.0,7.7,261
2025-10-29T02:00,26.4,84,0.0,7.2,257
2025-10-29T03:00,26.1,85,0.0,6.8,258
2025-10-29T04:00,26.0,86,0.0,6.3,252
2025-10-29T05:00,25.3,93,0.0,3.4,254
2025-10-29T06:00,25.7,92,0.2,5.1,247
2025-10-29T07:00,27.3,85,0.4,5.2,241
2025-10-29T08:00,28.4,79,0.1,9.4,240
2025-10-29T09:00,29.2,74,0.1,13.0,241
2025-10-29T10:00,29.4,73,0.1,13.0,242
2025-10-29T11:00,30.0,67,0.3,11.7,270
2025-10-29T12:00,30.0,67,0.0,11.7,265
2025-10-29T13:00,29.9,67,0.0,12.4,261
2025-10-29T14:00,29.7,67,0.0,12.0,261
2025-10-29T15:00,29.4,68,0.0,11.3,262
2025-10-29T16:00,28.8,70,0.0,10.0,262
2025-10-29T17:00,28.4,76,0.0,6.1,247
2025-10-29T18:00,27.5,81,0.0,5.2,248
2025-10-29T19:00,27.3,82,0.0,5.7,235
2025-10-29T20:00,27.1,83,0.0,5.6,222
2025-10-29T21:00,26.9,84,0.0,4.8,209
2025-10-29T22:00,26.6,86,0.0,4.0,207
2025-10-29T23:00,25.7,91,0.0,2.2,189
2025-10-30T00:00,25.7,91,0.0,2.9,227
2025-10-30T01:00,25.4,91,0.0,2.7,247
2025-10-30T02:00,25.4,91,0.0,3.2,218
2025-10-30T03:00,25.2,90,0.0,3.5,249
2025-10-30T04:00,25.0,91,0.0,2.4,253
2025-10-30T05:00,25.1,91,0.0,0.6,198
2025-10-30T06:00,25.2,91,0.0,3.3,103
2025-10-30T07:00,26.5,89,0.1,2.8,108
2025-10-30T08:00,27.9,82,0.0,2.4,167
2025-10-30T09:00,28.9,78,0.1,3.4,238
2025-10-30T10:00,29.6,74,0.1,5.4,256
2025-10-30T11:00,30.3,66,0.0,8.9,278
2025-10-30T12:00,30.3,66,0.0,10.0,278
2025-10-30T13:00,30.2,68,0.0,10.1,275
2025-10-30T14:00,29.8,69,0.0,9.7,273
2025-10-30T15:00,29.3,72,0.0,9.8,276
2025-10-30T16:00,28.8,74,0.0,8.9,277
2025-10-30T17:00,28.4,77,0.0,8.4,285
2025-10-30T18:00,27.7,81,0.0,7.1,286
2025-10-30T19:00,27.5,82,0.0,5.7,288
2025-10-30T20:00,27.1,85,0.0,4.3,287
2025-10-30T21:00,26.5,88,0.0,2.7,278
2025-10-30T22:00,26.0,90,0.0,0.6,236
2025-10-30T23:00,25.7,92,0.0,1.0,239
2025-10-31T00:00,25.5,93,0.0,0.4,270
2025-10-31T01:00,25.2,93,0.0,0.3,315
2025-10-31T02:00,24.7,95,0.0,0.6,56
2025-10-31T03:00,24.4,96,0.0,0.8,63
2025-10-31T04:00,24.1,96,0.0,1.5,83
2025-10-31T05:00,24.2,92,0.0,4.2,95
2025-10-31T06:00,24.5,89,0.0,4.9,88
2025-10-31T07:00,26.1,85,0.0,3.6,96
2025-10-31T08:00,28.1,81,0.0,1.2,117
2025-10-31T09:00,29.3,75,0.1,6.4,278
2025-10-31T10:00,29.8,72,0.0,8.4,281
2025-10-31T11:00,30.3,68,0.0,9.2,293
2025-10-31T12:00,30.5,68,0.0,10.2,288
2025-10-31T13:00,30.4,68,0.0,10.9,282
2025-10-31T14:00,30.2,68,0.0,9.9,286
2025-10-31T15:00,30.0,67,0.0,8.5,294
2025-10-31T16:00,29.5,68,0.0,6.8,295
2025-10-31T17:00,29.2,71,0.0,5.2,292
2025-10-31T18:00,28.1,80,0.0,3.4,286
2025-10-31T19:00,27.7,82,0.0,4.0,273
2025-10-31T20:00,27.3,84,0.0,3.6,270
2025-10-31T21:00,27.1,85,0.0,3.5,258
2025-10-31T22:00,26.7,86,0.0,2.0,243
2025-10-31T23:00,26.3,87,0.0,3.0,253
2025-11-01T00:00,26.2,88,0.0,2.8,235
2025-11-01T01:00,25.7,91,0.0,2.1,195
2025-11-01T02:00,25.1,93,0.0,1.9,158
2025-11-01T03:00,24.7,94,0.0,2.7,118
2025-11-01T04:00,24.6,93,0.0,3.3,112
2025-11-01T05:00,24.4,94,0.0,4.9,118
2025-11-01T06:00,24.6,92,0.0,5.6,119
2025-11-01T07:00,26.6,86,0.0,4.8,124
2025-11-01T08:00,28.4,79,0.0,3.6,160
2025-11-01T09:00,29.6,73,0.0,3.8,225
2025-11-01T10:00,30.3,68,0.0,6.6,241
2025-11-01T11:00,30.5,67,0.0,8.1,241
2025-11-01T12:00,30.7,65,0.0,9.7,248
2025-11-01T13:00,30.8,64,0.0,11.0,255
2025-11-01T14:00,30.4,67,0.0,11.9,260
2025-11-01T15:00,29.7,70,0.0,10.7,258
2025-11-01T16:00,29.3,72,0.0,8.6,262
2025-11-01T17:00,28.9,74,0.0,9.7,266
2025-11-01T18:00,28.4,78,0.0,7.3,253
2025-11-01T19:00,28.2,79,0.0,8.2,248
2025-11-01T20:00,27.9,82,0.0,6.8,253
2025-11-01T21:00,27.7,84,0.0,6.5,236
2025-11-01T22:00,27.3,86,0.0,4.8,225
2025-11-01T23:00,26.6,88,0.0,3.6,217
2025-11-02T00:00,26.5,88,0.0,4.6,222
2025-11-02T01:00,26.1,90,0.0,3.3,225
2025-11-02T02:00,26.2,89,0.0,4.6,234
2025-11-02T03:00,25.9,90,0.1,4.6,225
2025-11-02T04:00,25.6,91,0.1,3.7,215
2025-11-02T05:00,25.9,87,0.1,5.9,200
2025-11-02T06:00,26.6,83,0.1,4.5,223
2025-11-02T07:00,27.9,77,0.1,5.2,236
2025-11-02T08:00,29.0,69,0.1,8.7,246
2025-11-02T09:00,29.6,66,0.3,9.8,257
2025-11-02T10:00,29.7,64,0.5,12.3,264
2025-11-02T11:00,30.4,61,0.6,13.5,268
2025-11-02T12:00,30.7,61,0.0,15.0,267
2025-11-02T13:00,30.4,62,0.0,16.7,268
2025-11-02T14:00,30.1,64,0.0,16.7,268
2025-11-02T15:00,29.5,65,0.0,15.0,267
2025-11-02T16:00,28.9,67,0.0,12.1,267
2025-11-02T17:00,28.8,68,0.0,11.1,262
2025-11-02T18:00,28.4,70,0.0,9.4,253
2025-11-02T19:00,28.1,73,0.0,8.8,247
2025-11-02T20:00,27.9,74,0.0,7.8,241
2025-11-02T21:00,27.8,75,0.0,6.9,233
2025-11-02T22:00,27.5,77,0.0,7.5,235
2025-11-02T23:00,27.3,75,0.0,8.0,236
2025-11-03T00:00,27.2,75,0.0,7.3,250
2025-11-03T01:00,27.0,75,0.0,6.6,253
2025-11-03T02:00,26.7,76,0.0,5.9,250
2025-11-03T03:00,26.2,79,0.0,5.4,249
2025-11-03T04:00,26.0,80,0.0,5.1,252
2025-11-03T05:00,26.3,82,0.0,6.4,248
2025-11-03T06:00,26.6,81,0.0,7.0,249
2025-11-03T07:00,28.2,73,0.0,7.4,244
2025-11-03T08:00,29.2,66,0.1,12.9,249
2025-11-03T09:00,30.2,61,0.0,12.7,249
2025-11-03T10:00,30.9,58,0.0,12.1,253
2025-11-03T11:00,31.2,55,0.0,12.5,254
2025-11-03T12:00,31.2,56,0.0,14.1,257
2025-11-03T13:00,31.2,55,0.0,15.6,259
2025-11-03T14:00,30.9,57,0.0,15.5,257
2025-11-03T15:00,30.5,58,0.0,14.4,258
2025-11-03T16:00,30.0,59,0.0,14.1,257
2025-11-03T17:00,29.1,64,0.0,12.5,250
2025-11-03T18:00,28.7,68,0.0,12.1,249
2025-11-03T19:00,28.5,70,0.0,10.9,246
2025-11-03T20:00,28.5,70,0.0,9.6,244
2025-11-03T21:00,28.3,72,0.0,7.6,239
2025-11-03T22:00,28.0,73,0.0,6.5,247
2025-11-03T23:00,28.0,73,0.0,6.4,243
2025-11-04T00:00,27.8,73,0.0,7.6,248
2025-11-04T01:00,27.6,73,0.0,8.9,262
2025-11-04T02:00,27.4,74,0.0,7.0,266
2025-11-04T03:00,26.7,76,0.0,7.1,261
2025-11-04T04:00,26.4,77,0.0,7.3,260
2025-11-04T05:00,26.7,79,0.0,8.3,254
2025-11-04T06:00,27.0,77,0.0,7.4,257
2025-11-04T07:00,29.0,67,0.0,6.8,259
2025-11-04T08:00,30.1,61,0.0,11.4,257
2025-11-04T09:00,30.8,58,0.0,13.7,252
2025-11-04T10:00,30.9,59,0.1,16.4,255
2025-11-04T11:00,31.5,56,0.1,14.6,261
2025-11-04T12:00,31.0,58,0.1,16.8,261
2025-11-04T13:00,30.9,60,0.2,16.7,264
2025-11-04T14:00,30.6,60,0.2,18.9,267
2025-11-04T15:00,30.4,60,0.0,19.5,264
2025-11-04T16:00,29.7,62,0.0,17.8,263
2025-11-04T17:00,29.2,64,0.0,15.3,266
2025-11-04T18:00,28.9,64,0.0,14.4,266
2025-11-04T19:00,28.6,65,0.0,14.6,267
2025-11-04T20:00,28.4,66,0.0,13.5,260
2025-11-04T21:00,28.1,67,0.0,12.2,251
2025-11-04T22:00,28.0,67,0.0,10.3,255
2025-11-04T23:00,28.0,69,0.0,11.4,244
2025-11-05T00:00,27.8,70,0.0,10.7,240
2025-11-05T01:00,27.6,71,0.0,11.6,248
2025-11-05T02:00,27.4,72,0.0,11.8,254
2025-11-05T03:00,27.2,73,0.0,11.7,250
2025-11-05T04:00,27.0,74,0.0,11.2,242
2025-11-05T05:00,26.8,77,0.0,9.0,227
2025-11-05T06:00,26.9,77,0.1,8.9,236
2025-11-05T07:00,27.8,72,0.2,10.4,242
2025-11-05T08:00,27.9,72,0.3,12.4,248
2025-11-05T09:00,28.9,67,0.3,13.1,249
2025-11-05T10:00,29.8,64,0.4,15.1,255
2025-11-05T11:00,30.1,63,0.3,13.8,261
2025-11-05T12:00,30.2,62,0.1,15.2,265
2025-11-05T13:00,30.3,62,0.1,16.9,263
2025-11-05T14:00,30.2,62,0.1,17.5,262
2025-11-05T15:00,29.9,62,0.0,16.9,263
2025-11-05T16:00,29.4,63,0.1,16.2,262
2025-11-05T17:00,28.4,71,0.0,13.0,259
2025-11-05T18:00,27.7,75,0.1,12.2,257
2025-11-05T19:00,27.5,76,0.1,11.4,258
2025-11-05T20:00,27.2,78,0.0,9.1,261
2025-11-05T21:00,26.2,83,0.3,4.4,300
2025-11-05T22:00,25.7,87,0.1,3.1,204
2025-11-05T23:00,25.3,91,1.2,3.5,279
2025-11-06T00:00,23.8,93,2.1,4.7,242
2025-11-06T01:00,23.4,92,0.8,10.8,218
2025-11-06T02:00,23.1,93,0.2,4.8,195
2025-11-06T03:00,23.2,93,1.4,4.9,188
2025-11-06T04:00,23.2,97,3.7,3.9,204
2025-11-06T05:00,24.0,94,15.1,7.0,162
2025-11-06T06:00,24.5,94,0.1,2.4,138
2025-11-06T07:00,24.9,88,0.5,7.6,269
2025-11-06T08:00,25.2,87,0.1,3.6,250
2025-11-06T09:00,26.7,79,0.1,10.0,261
2025-11-06T10:00,26.8,82,0.1,10.4,253
2025-11-06T11:00,28.0,75,0.1,15.6,262
2025-11-06T12:00,28.6,74,0.4,14.0,269
2025-11-06T13:00,28.2,74,0.2,14.2,282
2025-11-06T14:00,28.7,71,0.1,16.1,276
2025-11-06T15:00,28.3,70,0.2,17.1,278
2025-11-06T16:00,27.4,77,0.4,11.8,276
2025-11-06T17:00,28.0,72,0.0,13.2,281
2025-11-06T18:00,27.4,75,0.0,9.1,285
2025-11-06T19:00,25.4,86,0.6,13.5,304
2025-11-06T20:00,24.8,89,0.4,1.3,315
2025-11-06T21:00,24.5,91,0.1,4.1,92
2025-11-06T22:00,24.5,92,0.0,1.7,139
2025-11-06T23:00,25.0,93,0.0,2.4,117
2025-11-07T00:00,25.4,92,0.0,2.4,167
2025-11-07T01:00,24.7,94,0.6,6.2,213
2025-11-07T02:00,23.8,96,2.0,6.8,233
2025-11-07T03:00,24.3,94,0.1,7.6,263
2025-11-07T04:00,23.6,97,0.3,2.3,176
2025-11-07T05:00,24.1,94,0.1,2.7,247
2025-11-07T06:00,24.0,94,2.6,5.9,108
2025-11-07T07:00,24.4,96,0.3,4.1,146
2025-11-07T08:00,25.3,90,0.0,5.0,145
2025-11-07T09:00,26.4,86,0.1,6.1,246
2025-11-07T10:00,27.3,83,0.1,5.2,284
2025-11-07T11:00,28.7,75,0.1,10.3,282
2025-11-07T12:00,28.9,73,0.5,14.4,293
2025-11-07T13:00,29.0,71,0.2,14.8,292
2025-11-07T14:00,28.9,70,0.0,14.9,292
2025-11-07T15:00,28.6,72,0.0,15.8,294
2025-11-07T16:00,28.1,75,0.0,14.0,298
2025-11-07T17:00,27.7,78,0.0,8.5,287
2025-11-07T18:00,27.1,82,0.0,7.1,289
2025-11-07T19:00,27.1,81,0.0,7.5,278
2025-11-07T20:00,26.5,84,0.0,3.6,297
2025-11-07T21:00,26.0,88,0.0,0.9,307
2025-11-07T22:00,25.5,89,0.0,0.5,90
2025-11-07T23:00,24.8,94,0.0,1.8,169
2025-11-08T00:00,23.9,97,0.9,4.7,97
2025-11-08T01:00,24.3,96,0.1,4.0,153
2025-11-08T02:00,24.0,97,0.1,4.7,133
2025-11-08T03:00,23.4,99,0.8,5.5,101
2025-11-08T04:00,23.4,96,1.2,3.1,93
2025-11-08T05:00,24.1,95,0.1,2.2,90
2025-11-08T06:00,24.2,95,0.2,1.9,68
2025-11-08T07:00,24.5,90,0.5,5.9,346
2025-11-08T08:00,24.5,91,1.0,1.7,32
2025-11-08T09:00,25.4,88,0.3,1.7,288
2025-11-08T10:00,27.0,81,0.1,2.2,318
2025-11-08T11:00,28.4,76,0.1,7.4,273
2025-11-08T12:00,28.5,76,0.1,9.0,271
2025-11-08T13:00,28.5,76,0.1,9.0,268
2025-11-08T14:00,28.2,78,0.0,9.0,273
2025-11-08T15:00,28.0,79,0.0,7.3,279
2025-11-08T16:00,27.8,73,0.2,8.0,308
2025-11-08T17:00,25.4,91,0.1,10.2,58
2025-11-08T18:00,25.1,92,0.1,7.7,62
2025-11-08T19:00,24.9,93,0.0,6.8,68
2025-11-08T20:00,24.7,94,0.0,4.9,80
2025-11-08T21:00,24.7,94,0.0,2.3,86
2025-11-08T22:00,24.4,95,0.0,0.4,117
2025-11-08T23:00,24.3,96,0.0,0.8,135
2025-11-09T00:00,24.4,97,0.0,1.9,124
2025-11-09T01:00,24.2,97,0.0,1.3,98
2025-11-09T02:00,24.1,96,0.0,3.3,81
2025-11-09T03:00,23.9,94,0.0,3.5,62
2025-11-09T04:00,23.8,92,0.0,4.0,58
2025-11-09T05:00,23.4,95,0.0,1.9,248
2025-11-09T06:00,24.4,94,0.0,2.9,259
2025-11-09T07:00,25.8,90,0.0,1.2,39
2025-11-09T08:00,27.3,84,0.0,2.0,315
2025-11-09T09:00,28.5,74,0.1,6.4,302
2025-11-09T10:00,28.9,71,0.1,9.1,308
2025-11-09T11:00,29.8,64,0.2,8.4,318
2025-11-09T12:00,29.7,65,0.1,9.9,308
2025-11-09T13:00,29.1,68,0.7,12.2,298
2025-11-09T14:00,28.8,69,0.2,11.4,298
2025-11-09T15:00,28.7,69,0.0,13.4,290
2025-11-09T16:00,28.3,68,0.1,12.6,297
2025-11-09T17:00,27.9,75,0.0,9.8,316
2025-11-09T18:00,26.5,82,0.1,5.1,4
2025-11-09T19:00,25.7,87,0.2,6.7,52
2025-11-09T20:00,25.0,91,0.0,6.6,73
2025-11-09T21:00,24.5,92,0.0,6.1,95
2025-11-09T22:00,24.3,92,0.0,4.1,88
2025-11-09T23:00,24.5,93,0.0,2.1,128
2025-11-10T00:00,24.6,94,0.0,2.2,138
2025-11-10T01:00,24.5,95,0.0,1.9,131
2025-11-10T02:00,24.5,94,0.0,2.4,193
2025-11-10T03:00,24.6,94,0.2,5.2,211
2025-11-10T04:00,24.2,96,0.1,2.5,82
2025-11-10T05:00,24.1,93,0.0,6.5,90
2025-11-10T06:00,24.2,92,0.0,5.7,79
2025-11-10T07:00,25.5,89,0.0,3.8,79
2025-11-10T08:00,27.3,82,0.0,3.3,45
2025-11-10T09:00,28.3,75,0.0,4.9,294
2025-11-10T10:00,28.8,72,0.0,6.9,287
2025-11-10T11:00,29.1,70,0.0,8.7,277
2025-11-10T12:00,29.1,67,0.2,11.2,276
2025-11-10T13:00,28.7,67,1.9,13.9,290
2025-11-10T14:00,27.7,75,2.9,8.3,290
2025-11-10T15:00,28.2,71,0.1,8.2,279
2025-11-10T16:00,27.9,71,0.0,7.8,278
2025-11-10T17:00,27.3,80,0.4,3.1,301
2025-11-10T18:00,26.3,89,0.6,2.0,5
2025-11-10T19:00,26.0,91,0.0,2.3,32
2025-11-10T20:00,25.3,93,0.7,3.1,66
2025-11-10T21:00,24.9,97,0.0,4.9,90
2025-11-10T22:00,24.5,98,0.0,5.4,92
2025-11-10T23:00,25.1,96,0.0,1.6,27
2025-11-11T00:00,24.5,93,4.1,3.5,282
2025-11-11T01:00,24.2,94,2.1,4.0,321
2025-11-11T02:00,24.0,95,2.5,2.5,278
2025-11-11T03:00,23.8,95,6.2,2.2,95
2025-11-11T04:00,23.6,97,0.9,6.4,100
2025-11-11T05:00,24.3,97,0.9,1.5,339
2025-11-11T06:00,24.6,96,0.0,3.5,62
2025-11-11T07:00,25.5,93,0.0,3.2,74
2025-11-11T08:00,26.7,84,0.0,1.7,328
2025-11-11T09:00,27.7,79,0.0,3.7,284
2025-11-11T10:00,28.4,78,0.0,5.6,277
2025-11-11T11:00,29.4,73,0.0,6.8,292
2025-11-11T12:00,29.4,72,0.0,9.2,281
2025-11-11T13:00,28.7,74,0.0,11.3,279
2025-11-11T14:00,28.7,74,0.3,11.3,279
2025-11-11T15:00,28.3,74,0.0,10.9,286
2025-11-11T16:00,27.9,74,0.1,10.7,295
2025-11-11T17:00,27.7,81,0.0,5.5,306
2025-11-11T18:00,27.1,88,0.0,1.7,319
2025-11-11T19:00,26.7,88,0.0,3.2,43
2025-11-11T20:00,25.8,93,0.0,4.8,61
2025-11-11T21:00,25.2,94,0.0,5.3,72
2025-11-11T22:00,24.7,94,0.0,5.3,82
2025-11-11T23:00,24.9,97,0.0,2.2,42
2025-11-12T00:00,24.8,95,0.0,3.2,19
2025-11-12T01:00,24.5,95,0.0,4.6,45
2025-11-12T02:00,24.1,95,0.0,4.8,34
2025-11-12T03:00,24.1,94,0.0,4.2,36
2025-11-12T04:00,24.0,94,0.0,2.9,11
2025-11-12T05:00,24.4,93,0.0,2.3,4
2025-11-12T06:00,24.8,91,0.0,4.3,28
2025-11-12T07:00,26.2,87,0.0,3.9,22
2025-11-12T08:00,27.6,83,0.0,5.6,358
2025-11-12T09:00,28.8,76,0.1,8.5,347
2025-11-12T10:00,29.1,74,0.1,10.6,330
2025-11-12T11:00,30.1,73,0.1,8.7,307
2025-11-12T12:00,28.7,77,2.2,14.3,299
2025-11-12T13:00,27.8,84,1.3,10.7,324
2025-11-12T14:00,27.4,83,0.4,10.1,309
2025-11-12T15:00,27.2,84,0.1,11.8,335
2025-11-12T16:00,27.0,84,0.1,7.1,351
2025-11-12T17:00,25.5,88,0.8,6.6,26
2025-11-12T18:00,24.7,92,1.4,7.2,93
2025-11-12T19:00,24.9,91,0.0,1.5,234
2025-11-12T20:00,24.6,94,0.0,3.1,24
2025-11-12T21:00,24.6,93,0.0,0.6,34
2025-11-12T22:00,24.3,95,0.0,4.6,347
2025-11-12T23:00,24.8,92,0.0,8.2,29
2025-11-13T00:00,24.3,94,0.0,7.4,22
2025-11-13T01:00,24.0,96,0.0,6.5,14
2025-11-13T02:00,23.7,97,0.0,7.2,37
2025-11-13T03:00,23.6,97,0.0,5.3,12
2025-11-13T04:00,23.5,97,0.0,7.7,30
2025-11-13T05:00,23.8,97,0.0,6.0,3
2025-11-13T06:00,24.1,97,0.0,2.8,55
2025-11-13T07:00,25.0,93,0.0,4.1,23
2025-11-13T08:00,26.3,86,0.0,6.4,25
2025-11-13T09:00,27.7,79,0.0,5.7,28
2025-11-13T10:00,28.9,74,0.0,4.9,8
2025-11-13T11:00,29.6,70,0.1,2.3,342
2025-11-13T12:00,30.1,68,0.4,5.2,266
2025-11-13T13:00,27.5,74,1.6,8.8,301
2025-11-13T14:00,27.7,78,0.4,5.8,9
2025-11-13T15:00,25.4,88,1.4,4.8,345
2025-11-13T16:00,25.7,86,0.0,5.1,354
2025-11-13T17:00,26.7,83,0.0,2.7,58
2025-11-13T18:00,25.7,89,0.1,5.4,15
2025-11-13T19:00,25.0,94,0.0,8.9,77
2025-11-13T20:00,24.5,95,0.0,4.9,92
2025-11-13T21:00,24.3,96,0.1,5.6,94
2025-11-13T22:00,24.2,96,0.0,2.8,55
2025-11-13T23:00,24.3,96,0.0,4.7,32
2025-11-14T00:00,24.1,96,0.0,4.0,36
2025-11-14T01:00,23.9,96,0.0,1.9,68
2025-11-14T02:00,23.7,97,0.0,2.1,70
2025-11-14T03:00,23.5,99,0.0,2.3,90
2025-11-14T04:00,23.4,98,0.0,3.4,93
2025-11-14T05:00,23.1,97,0.0,4.5,56
2025-11-14T06:00,23.3,96,0.0,4.3,57
2025-11-14T07:00,24.4,94,0.0,2.7,53
2025-11-14T08:00,26.0,88,0.0,2.7,62
2025-11-14T09:00,27.5,82,0.0,3.4,74
2025-11-14T10:00,28.9,76,0.0,5.5,49
2025-11-14T11:00,30.4,67,0.0,8.2,54
2025-11-14T12:00,31.1,65,0.0,6.2,44
2025-11-14T13:00,31.1,65,0.0,7.6,356
2025-11-14T14:00,28.8,76,0.1,5.6,17
2025-11-14T15:00,25.9,87,4.8,5.6,130
2025-11-14T16:00,25.8,88,0.3,4.4,99
2025-11-14T17:00,26.7,84,0.5,2.7,62
2025-11-14T18:00,25.9,90,0.1,6.9,133
2025-11-14T19:00,25.2,93,0.0,7.4,129
2025-11-14T20:00,24.9,93,0.0,5.5,113
2025-11-14T21:00,24.4,94,0.0,4.9,86
2025-11-14T22:00,24.1,95,0.0,4.6,99
2025-11-14T23:00,24.9,86,0.0,9.5,51
2025-11-15T00:00,24.9,84,0.0,7.4,47
2025-11-15T01:00,24.6,85,0.0,8.3,24
2025-11-15T02:00,24.3,86,0.0,9.5,19
2025-11-15T03:00,24.1,87,0.0,8.1,28
2025-11-15T04:00,24.1,87,0.0,9.8,26
2025-11-15T05:00,24.1,87,0.0,8.5,28
2025-11-15T06:00,24.1,88,0.0,10.9,22
2025-11-15T07:00,25.1,87,0.0,10.2,21
2025-11-15T08:00,26.7,83,0.0,12.2,19
2025-11-15T09:00,28.1,75,0.0,16.5,8
2025-11-15T10:00,29.0,69,0.0,14.6,356
2025-11-15T11:00,29.8,65,0.0,15.6,11
2025-11-15T12:00,30.5,61,0.0,13.8,353
2025-11-15T13:00,30.5,61,0.0,15.4,344
2025-11-15T14:00,29.9,62,0.0,16.5,342
2025-11-15T15:00,28.8,70,0.0,16.5,333
2025-11-15T16:00,28.0,77,1.1,15.3,345
2025-11-15T17:00,26.9,82,0.9,12.4,17
2025-11-15T18:00,26.2,86,0.0,12.4,19
2025-11-15T19:00,25.9,87,0.0,13.4,18
2025-11-15T20:00,25.6,87,0.0,12.7,23
2025-11-15T21:00,25.1,88,0.0,13.9,10
2025-11-15T22:00,24.9,89,0.0,13.4,6
2025-11-15T23:00,25.1,89,0.0,12.9,7
2025-11-16T00:00,24.9,90,0.0,10.4,1
2025-11-16T01:00,24.7,92,0.0,9.7,359
2025-11-16T02:00,24.6,93,0.0,10.3,11
2025-11-16T03:00,24.2,95,0.0,9.3,22
2025-11-16T04:00,24.1,96,0.0,9.1,27
2025-11-16T05:00,24.4,94,0.0,12.0,8
2025-11-16T06:00,24.6,94,0.0,11.4,12
2025-11-16T07:00,25.8,88,0.0,9.5,19
2025-11-16T08:00,27.4,81,0.0,11.0,18
2025-11-16T09:00,28.7,71,0.0,13.6,15
2025-11-16T10:00,29.7,65,0.0,13.4,5
2025-11-16T11:00,30.5,64,0.1,14.4,350
2025-11-16T12:00,30.6,62,0.1,16.3,334
2025-11-16T13:00,30.1,64,0.1,17.8,337
2025-11-16T14:00,29.4,67,0.1,19.0,343
2025-11-16T15:00,28.2,71,0.0,15.2,4
2025-11-16T16:00,27.5,78,0.0,12.3,11
2025-11-16T17:00,27.5,80,0.0,12.1,4
2025-11-16T18:00,26.5,84,0.0,12.1,4
2025-11-16T19:00,26.1,85,0.0,12.0,9
2025-11-16T20:00,25.6,87,0.0,11.2,15
2025-11-16T21:00,25.2,89,0.0,10.5,29
2025-11-16T22:00,24.9,90,0.0,10.6,34
2025-11-16T23:00,25.1,89,0.0,11.9,27
2025-11-17T00:00,24.8,90,0.0,12.2,27
2025-11-17T01:00,24.6,91,0.0,10.6,34
2025-11-17T02:00,24.3,92,0.0,8.2,33
2025-11-17T03:00,24.2,92,0.0,5.1,27
2025-11-17T04:00,24.1,92,0.0,6.4,11
2025-11-17T05:00,24.1,94,0.0,8.7,45
2025-11-17T06:00,24.0,95,0.0,5.8,74
2025-11-17T07:00,24.9,90,0.0,5.1,63
2025-11-17T08:00,26.3,85,0.0,3.2,27
2025-11-17T09:00,26.8,82,0.1,4.4,325
2025-11-17T10:00,28.2,78,0.1,4.9,306
2025-11-17T11:00,28.4,76,0.1,13.1,324
2025-11-17T12:00,25.5,88,6.6,7.7,360
2025-11-17T13:00,26.1,88,1.2,7.7,327
2025-11-17T14:00,27.1,82,0.3,12.3,309
2025-11-17T15:00,25.8,88,3.7,14.0,344
2025-11-17T16:00,25.4,92,0.5,9.0,5
2025-11-17T17:00,24.8,94,1.0,5.7,32
2025-11-17T18:00,24.7,96,1.4,3.3,54
2025-11-17T19:00,24.4,95,1.5,3.6,63
2025-11-17T20:00,24.1,97,1.7,7.0,69
2025-11-17T21:00,23.7,98,1.5,6.0,87
2025-11-17T22:00,23.6,98,1.5,6.6,55
2025-11-17T23:00,23.4,97,1.7,10.1,46
2025-11-18T00:00,23.5,96,2.6,7.0,29
2025-11-18T01:00,23.4,96,2.3,7.2,14
2025-11-18T02:00,23.4,97,1.7,3.3,9
2025-11-18T03:00,23.2,98,1.3,3.1,10
2025-11-18T04:00,23.2,97,0.6,4.4,60
2025-11-18T05:00,23.1,97,0.2,6.9,41
2025-11-18T06:00,23.2,98,0.0,5.8,64
2025-11-18T07:00,24.3,92,0.0,3.8,90
2025-11-18T08:00,25.6,91,0.0,3.8,131
2025-11-18T09:00,27.2,81,0.0,3.5,159
2025-11-18T10:00,28.3,75,0.0,6.9,211
2025-11-18T11:00,29.0,73,2.1,5.7,288
2025-11-18T12:00,29.4,72,0.1,5.2,256
2025-11-18T13:00,27.8,72,2.9,8.0,226
2025-11-18T14:00,26.8,81,0.2,3.2,223
2025-11-18T15:00,25.6,85,2.0,2.9,202
2025-11-18T16:00,25.1,88,2.1,8.9,207
2025-11-18T17:00,24.3,95,0.3,11.5,182
2025-11-18T18:00,24.4,93,0.9,11.7,162
2025-11-18T19:00,24.3,94,0.0,9.5,151
2025-11-18T20:00,23.9,96,0.0,7.5,136
2025-11-18T21:00,23.6,97,0.0,4.2,102
2025-11-18T22:00,23.2,98,0.0,6.4,112
2025-11-18T23:00,23.5,97,0.0,5.2,92
2025-11-19T00:00,23.4,97,0.0,5.2,59
2025-11-19T01:00,22.9,98,0.0,1.8,360
2025-11-19T02:00,22.9,98,0.0,2.5,356
2025-11-19T03:00,23.0,97,0.0,2.4,27
2025-11-19T04:00,22.9,96,0.0,3.5,51
2025-11-19T05:00,22.8,97,0.0,5.3,55
2025-11-19T06:00,22.8,97,0.0,6.2,49
2025-11-19T07:00,23.6,96,0.0,7.0,35
2025-11-19T08:00,25.3,91,0.0,6.4,36
2025-11-19T09:00,26.9,83,0.0,6.2,10
2025-11-19T10:00,28.0,75,0.1,8.9,346
2025-11-19T11:00,29.7,68,0.1,8.7,347
2025-11-19T12:00,30.0,66,0.1,9.4,322
2025-11-19T13:00,29.7,69,0.2,10.4,315
2025-11-19T14:00,29.0,76,0.5,11.9,311
2025-11-19T15:00,28.7,79,0.0,10.6,320
2025-11-19T16:00,28.3,80,0.0,9.8,330
2025-11-19T17:00,27.8,86,0.0,5.4,330
2025-11-19T18:00,27.5,85,0.0,8.9,328
2025-11-19T19:00,27.5,84,0.0,11.2,334
2025-11-19T20:00,25.6,90,0.5,7.5,66
2025-11-19T21:00,24.9,94,0.0,4.2,97
2025-11-19T22:00,24.6,94,0.0,3.1,66
2025-11-19T23:00,25.6,89,0.0,7.8,9
2025-11-20T00:00,25.0,92,0.0,9.4,32
2025-11-20T01:00,24.6,94,0.0,8.6,37
2025-11-20T02:00,24.2,94,0.0,7.0,29
2025-11-20T03:00,23.9,94,0.0,7.3,31
2025-11-20T04:00,23.7,93,0.0,7.5,37
2025-11-20T05:00,23.9,92,0.0,7.7,33
2025-11-20T06:00,24.2,92,0.0,10.8,18
2025-11-20T07:00,25.5,90,0.0,10.1,24
2025-11-20T08:00,27.0,85,0.0,11.0,28
2025-11-20T09:00,28.3,80,0.0,11.7,25
2025-11-20T10:00,29.2,77,0.0,11.4,27
2025-11-20T11:00,30.5,70,0.1,10.1,24
2025-11-20T12:00,30.3,70,0.0,10.7,9
2025-11-20T13:00,28.4,73,0.9,12.7,25
2025-11-20T14:00,29.4,73,0.1,8.7,5
2025-11-20T15:00,26.2,86,3.7,12.8,349
2025-11-20T16:00,26.1,87,0.1,10.1,343
2025-11-20T17:00,25.0,90,0.0,10.1,43
2025-11-20T18:00,24.2,94,6.2,5.6,90
2025-11-20T19:00,24.1,95,1.5,5.3,33
2025-11-20T20:00,24.0,96,0.2,3.8,121
2025-11-20T21:00,23.9,95,0.1,2.1,15
2025-11-20T22:00,24.0,96,0.0,4.3,90
2025-11-20T23:00,24.1,97,0.1,3.9,347
2025-11-21T00:00,24.4,95,0.2,4.2,47
2025-11-21T01:00,24.1,96,0.5,4.7,40
2025-11-21T02:00,24.0,97,0.0,6.5,23
2025-11-21T03:00,23.5,98,0.0,3.6,123
2025-11-21T04:00,23.2,98,0.0,2.1,38
2025-11-21T05:00,24.1,98,0.0,6.8,61
2025-11-21T06:00,24.1,97,0.0,7.8,53
2025-11-21T07:00,25.0,94,0.0,6.5,42
2025-11-21T08:00,26.6,87,0.0,3.8,41
2025-11-21T09:00,27.9,81,0.0,3.0,38
2025-11-21T10:00,28.8,78,0.0,2.0,355
2025-11-21T11:00,30.3,68,0.1,2.8,325
2025-11-21T12:00,30.7,66,0.0,4.9,287
2025-11-21T13:00,28.9,74,0.4,10.2,296
2025-11-21T14:00,28.8,75,0.8,8.3,290
2025-11-21T15:00,27.9,76,1.7,5.7,257
2025-11-21T16:00,26.4,83,0.5,4.8,297
2025-11-21T17:00,25.7,95,3.6,5.8,5
2025-11-21T18:00,25.4,96,1.8,2.9,60
2025-11-21T19:00,25.2,97,1.0,4.6,138
2025-11-21T20:00,24.8,97,1.7,10.5,121
2025-11-21T21:00,24.4,95,0.2,9.9,136
2025-11-21T22:00,23.9,95,0.0,9.0,145
2025-11-21T23:00,24.0,94,0.0,6.5,152
2025-11-22T00:00,23.9,93,0.0,5.9,166
2025-11-22T01:00,24.0,93,0.0,5.1,190
2025-11-22T02:00,23.6,95,0.0,4.4,122
2025-11-22T03:00,23.5,95,0.0,3.8,121
2025-11-22T04:00,23.3,95,0.0,5.1,126
2025-11-22T05:00,23.4,97,0.0,4.4,78
2025-11-22T06:00,23.5,97,0.0,6.0,69
2025-11-22T07:00,24.6,94,0.0,4.1,90
2025-11-22T08:00,26.1,87,0.0,2.9,112
2025-11-22T09:00,27.6,81,0.0,1.5,76
2025-11-22T10:00,28.5,76,0.2,2.9,202
2025-11-22T11:00,29.2,72,0.1,5.1,247
2025-11-22T12:00,28.7,74,1.0,8.8,250
2025-11-22T13:00,28.3,74,2.6,7.6,236
2025-11-22T14:00,28.3,73,0.1,9.4,262
2025-11-22T15:00,27.4,74,0.9,6.1,313
2025-11-22T16:00,26.1,85,0.9,2.3,293
2025-11-22T17:00,25.5,91,1.4,1.0,338
2025-11-22T18:00,25.5,90,0.7,0.9,90
2025-11-22T19:00,25.1,94,0.3,3.1,167
2025-11-22T20:00,24.5,96,2.7,6.4,198
2025-11-22T21:00,24.4,95,0.1,5.8,164
2025-11-22T22:00,24.2,96,0.0,2.8,125
2025-11-22T23:00,24.3,98,0.0,6.5,56
2025-11-23T00:00,23.9,97,0.0,7.6,75
2025-11-23T01:00,23.6,97,0.0,5.0,77
2025-11-23T02:00,23.2,97,0.0,1.7,13
2025-11-23T03:00,23.2,98,0.0,2.9,360
2025-11-23T04:00,23.6,95,0.0,0.4,243
2025-11-23T05:00,23.6,97,0.0,6.3,31
2025-11-23T06:00,23.7,96,0.0,8.2,40
2025-11-23T07:00,24.6,93,0.0,6.6,35
2025-11-23T08:00,26.5,83,0.0,7.5,48
2025-11-23T09:00,28.0,78,0.1,1.9,146
2025-11-23T10:00,28.2,76,0.4,5.3,204
2025-11-23T11:00,28.8,72,0.2,7.8,188
2025-11-23T12:00,29.1,69,0.2,11.4,203
2025-11-23T13:00,28.8,71,0.0,14.1,207
2025-11-23T14:00,28.7,69,0.4,12.8,184
2025-11-23T15:00,27.9,74,0.0,10.9,171
2025-11-23T16:00,26.8,85,1.0,8.7,142
2025-11-23T17:00,26.2,86,0.4,8.5,132
2025-11-23T18:00,25.6,89,0.4,8.5,142
2025-11-23T19:00,25.2,92,0.8,8.6,149
2025-11-23T20:00,25.1,94,0.9,7.0,138
2025-11-23T21:00,24.6,95,1.1,8.6,158
2025-11-23T22:00,24.1,97,1.7,7.4,162
2025-11-23T23:00,24.5,96,0.8,8.1,152
2025-11-24T00:00,24.4,97,1.3,4.8,149
2025-11-24T01:00,24.3,98,0.7,3.1,118
2025-11-24T02:00,24.0,99,0.2,5.8,90
2025-11-24T03:00,23.7,99,0.1,5.1,73
2025-11-24T04:00,23.6,98,0.0,7.5,57
2025-11-24T05:00,23.6,97,0.2,8.2,54
2025-11-24T06:00,23.4,96,2.2,6.2,52
2025-11-24T07:00,23.5,96,2.8,7.8,22
2025-11-24T08:00,24.1,93,1.4,7.3,38
2025-11-24T09:00,24.7,92,0.5,7.1,34
2025-11-24T10:00,25.3,89,0.3,6.9,23
2025-11-24T11:00,27.3,77,0.2,7.6,36
2025-11-24T12:00,27.5,79,0.2,3.3,54
2025-11-24T13:00,28.5,74,0.0,3.0,65
2025-11-24T14:00,28.4,73,0.9,10.0,33
2025-11-24T15:00,26.9,83,0.9,10.9,31
2025-11-24T16:00,26.5,85,0.2,10.6,46
2025-11-24T17:00,26.2,85,0.3,9.3,34
2025-11-24T18:00,25.4,88,0.0,7.3,42
2025-11-24T19:00,25.1,90,0.0,3.0,25
2025-11-24T20:00,24.7,91,0.0,4.3,17
2025-11-24T21:00,24.2,93,0.0,7.3,28
2025-11-24T22:00,24.0,94,0.0,5.2,16
2025-11-24T23:00,23.7,94,0.0,7.8,4
2025-11-25T00:00,23.8,92,0.1,6.8,27
2025-11-25T01:00,23.3,95,0.2,7.1,41
2025-11-25T02:00,23.3,94,0.0,5.3,35
2025-11-25T03:00,23.2,94,0.3,5.6,31
2025-11-25T04:00,23.0,95,3.0,1.5,135
2025-11-25T05:00,23.3,96,0.3,5.3,38
2025-11-25T06:00,23.3,95,0.0,6.7,36
2025-11-25T07:00,24.3,93,0.0,7.1,36
2025-11-25T08:00,25.1,91,0.0,8.9,32
2025-11-25T09:00,26.2,84,0.0,15.2,35
2025-11-25T10:00,25.9,87,0.0,12.3,32
2025-11-25T11:00,27.3,79,0.3,17.3,29
2025-11-25T12:00,26.4,85,1.3,12.7,30
2025-11-25T13:00,25.3,92,2.9,15.6,29
2025-11-25T14:00,25.5,89,2.1,11.9,22
2025-11-25T15:00,25.4,91,1.1,12.2,28
2025-11-25T16:00,25.4,91,0.3,14.5,19
2025-11-25T17:00,26.0,87,0.3,14.4,3
2025-11-25T18:00,25.4,91,0.1,11.5,14
2025-11-25T19:00,25.1,92,0.1,12.7,29
2025-11-25T20:00,24.7,94,0.1,11.3,33
2025-11-25T21:00,24.6,94,0.1,11.9,5
2025-11-25T22:00,23.9,94,0.2,12.0,16
2025-11-25T23:00,23.9,92,0.1,15.9,18
2025-11-26T00:00,23.9,93,0.2,15.5,18
2025-11-26T01:00,23.9,93,0.2,12.9,13
2025-11-26T02:00,23.7,92,0.8,16.8,6
2025-11-26T03:00,23.3,94,5.3,19.1,4
2025-11-26T04:00,23.4,93,0.4,17.8,8
2025-11-26T05:00,23.8,92,0.0,18.0,2
2025-11-26T06:00,24.1,91,0.0,20.8,4
2025-11-26T07:00,24.5,90,0.0,20.7,0
2025-11-26T08:00,25.5,86,0.0,27.4,4
2025-11-26T09:00,26.2,82,0.3,25.0,10
2025-11-26T10:00,26.2,84,0.6,19.7,5
2025-11-26T11:00,24.6,91,1.5,22.9,1
2025-11-26T12:00,25.3,89,0.9,24.0,4
2025-11-26T13:00,26.2,83,0.0,30.0,8
2025-11-26T14:00,26.6,81,0.2,28.0,8
2025-11-26T15:00,26.3,85,0.1,22.3,0
2025-11-26T16:00,25.7,87,0.1,22.4,5
2025-11-26T17:00,25.1,87,0.1,24.3,357
2025-11-26T18:00,24.8,88,0.2,23.2,2
2025-11-26T19:00,24.4,91,0.8,21.0,5
2025-11-26T20:00,24.2,92,1.1,21.5,356
2025-11-26T21:00,23.9,93,1.4,24.2,352
2025-11-26T22:00,23.9,94,1.2,26.9,350
2025-11-26T23:00,23.4,92,2.2,26.1,350
2025-11-27T00:00,23.6,93,7.3,26.6,344
2025-11-27T01:00,23.8,92,2.8,28.8,342
2025-11-27T02:00,23.8,92,5.5,28.7,344
2025-11-27T03:00,23.9,92,6.3,28.9,346
2025-11-27T04:00,23.7,93,2.5,32.2,352
2025-11-27T05:00,23.9,92,4.4,27.1,343
2025-11-27T06:00,24.0,93,5.6,28.9,342
2025-11-27T07:00,24.0,92,3.0,26.0,344
2025-11-27T08:00,24.0,93,3.6,26.0,346
2025-11-27T09:00,23.9,93,1.8,27.8,341
2025-11-27T10:00,24.4,91,1.8,24.9,336
2025-11-27T11:00,24.2,92,0.9,22.9,344
2025-11-27T12:00,24.4,93,3.4,21.1,337
2025-11-27T13:00,24.5,92,4.8,25.4,336
2025-11-27T14:00,24.6,91,5.2,28.4,331
2025-11-27T15:00,24.1,89,12.6,30.8,333
2025-11-27T16:00,24.3,87,4.4,32.4,329
2025-11-27T17:00,24.2,88,4.2,31.7,334
2025-11-27T18:00,24.2,89,4.2,32.8,328
2025-11-27T19:00,24.6,89,5.4,32.0,330
2025-11-27T20:00,24.3,91,3.9,30.0,333
2025-11-27T21:00,24.5,90,6.5,32.4,325
2025-11-27T22:00,24.7,89,6.1,31.6,319
2025-11-27T23:00,24.2,91,4.9,26.1,318
2025-11-28T00:00,24.5,91,14.4,30.2,303
2025-11-28T01:00,24.8,92,19.8,37.6,305
2025-11-28T02:00,24.5,92,18.2,38.1,311
2025-11-28T03:00,24.5,91,20.4,36.2,305
2025-11-28T04:00,24.4,91,11.0,40.3,307
2025-11-28T05:00,24.7,89,9.8,41.9,299
2025-11-28T06:00,24.8,89,10.2,37.2,289
2025-11-28T07:00,24.7,91,10.8,36.7,294
2025-11-28T08:00,24.8,92,9.4,36.9,293
2025-11-28T09:00,25.1,87,8.1,39.5,291
2025-11-28T10:00,24.7,91,11.9,39.2,289
2025-11-28T11:00,24.3,90,10.7,35.5,294
2025-11-28T12:00,23.6,89,9.3,36.4,283
2025-11-28T13:00,23.5,89,9.5,30.7,284
2025-11-28T14:00,23.7,89,8.5,33.3,294
2025-11-28T15:00,23.8,92,11.0,30.9,294
2025-11-28T16:00,23.9,92,8.0,30.8,289
2025-11-28T17:00,23.7,89,5.9,28.0,291
2025-11-28T18:00,24.0,86,5.5,28.9,297
2025-11-28T19:00,24.3,88,3.5,24.1,304
2025-11-28T20:00,24.6,87,1.3,23.9,310
2025-11-28T21:00,24.9,86,0.2,23.1,305
2025-11-28T22:00,25.0,84,0.1,23.4,307
2025-11-28T23:00,24.6,85,0.0,23.4,314
2025-11-29T00:00,24.4,88,1.5,25.9,310
2025-11-29T01:00,24.4,87,2.7,24.1,306
2025-11-29T02:00,24.6,85,0.4,22.8,297
2025-11-29T03:00,24.3,82,0.0,23.9,294
2025-11-29T04:00,24.4,81,0.0,21.5,301
2025-11-29T05:00,24.7,83,0.1,19.7,295
2025-11-29T06:00,24.6,83,0.2,20.7,294
2025-11-29T07:00,25.4,80,0.0,18.9,291
2025-11-29T08:00,26.0,76,0.0,20.9,289
2025-11-29T09:00,26.0,75,0.0,17.0,283
2025-11-29T10:00,26.8,69,0.0,19.2,283
2025-11-29T11:00,26.1,74,0.1,21.5,307
2025-11-29T12:00,26.2,74,0.0,20.0,297
2025-11-29T13:00,26.6,70,0.0,21.6,302
2025-11-29T14:00,26.7,69,0.0,14.5,312
2025-11-29T15:00,27.2,68,0.0,13.1,295
2025-11-29T16:00,26.9,74,0.0,12.8,290
2025-11-29T17:00,25.4,79,0.0,9.7,335
2025-11-29T18:00,24.8,84,0.0,4.8,345
2025-11-29T19:00,24.3,87,0.0,5.1,337
2025-11-29T20:00,23.7,91,0.0,3.5,35
2025-11-29T21:00,23.2,92,0.0,6.9,85
2025-11-29T22:00,22.8,91,0.0,8.4,83
2025-11-29T23:00,22.7,88,0.0,4.7,81
2025-11-30T00:00,22.5,89,0.0,4.3,90
2025-11-30T01:00,22.2,88,0.0,4.9,86
2025-11-30T02:00,21.8,89,0.0,3.4,108
2025-11-30T03:00,21.5,90,0.0,3.5,105
2025-11-30T04:00,21.4,89,0.0,3.9,106
2025-11-30T05:00,21.7,87,0.0,5.5,109
2025-11-30T06:00,21.5,88,0.0,4.7,106
2025-11-30T07:00,23.3,85,0.0,4.1,119
2025-11-30T08:00,26.1,78,0.0,5.3,135
2025-11-30T09:00,27.4,74,0.0,5.3,192
2025-11-30T10:00,27.9,72,0.0,8.2,218
2025-11-30T11:00,28.9,66,0.0,7.1,264
2025-11-30T12:00,29.0,66,0.0,5.6,253
2025-11-30T13:00,28.9,67,0.0,6.3,252
2025-11-30T14:00,28.8,67,0.0,6.3,263
2025-11-30T15:00,28.6,67,0.0,6.5,275
2025-11-30T16:00,28.2,67,0.0,8.8,255
2025-11-30T17:00,27.4,77,0.0,5.1,243
2025-11-30T18:00,26.2,84,0.0,2.7,200
2025-11-30T19:00,25.9,86,0.0,3.7,166
2025-11-30T20:00,25.5,89,0.0,3.5,141
2025-11-30T21:00,24.8,91,0.0,3.7,157
2025-11-30T22:00,24.4,91,0.0,3.4,148
2025-11-30T23:00,24.4,90,0.0,4.7,171
2025-12-01T00:00,24.5,89,0.0,6.2,159
2025-12-01T01:00,24.5,91,0.0,6.7,175
2025-12-01T02:00,24.2,93,0.0,4.8,158
2025-12-01T03:00,23.7,93,0.0,5.8,124
2025-12-01T04:00,23.2,94,0.1,4.9,118
2025-12-01T05:00,23.4,92,0.1,7.4,119
2025-12-01T06:00,23.3,93,0.0,7.6,126
2025-12-01T07:00,24.5,92,0.0,5.6,112
2025-12-01T08:00,26.3,86,0.0,4.3,165
2025-12-01T09:00,27.1,81,0.0,3.0,213
2025-12-01T10:00,27.6,78,0.1,4.3,255
2025-12-01T11:00,29.2,72,0.0,8.0,264
2025-12-01T12:00,29.1,69,0.1,9.4,268
2025-12-01T13:00,28.9,70,0.3,9.0,260
2025-12-01T14:00,29.0,71,0.0,7.9,270
2025-12-01T15:00,28.9,70,0.0,10.3,269
2025-12-01T16:00,28.3,71,0.0,7.7,269
2025-12-01T17:00,27.7,77,0.0,4.4,261
2025-12-01T18:00,27.0,84,0.0,1.4,220
2025-12-01T19:00,26.3,87,0.0,4.2,170
2025-12-01T20:00,25.4,92,0.0,6.5,167
2025-12-01T21:00,24.8,94,0.0,5.3,162
2025-12-01T22:00,24.6,94,0.0,5.6,159
2025-12-01T23:00,24.1,95,0.0,4.1,157
2025-12-02T00:00,24.0,95,0.0,3.8,172
2025-12-02T01:00,23.6,96,0.0,2.8,162
2025-12-02T02:00,23.2,97,0.0,1.3,146
2025-12-02T03:00,23.0,98,0.0,0.9,143
2025-12-02T04:00,23.0,97,0.0,3.3,96
2025-12-02T05:00,22.7,96,0.0,6.7,121
2025-12-02T06:00,22.7,97,0.0,7.4,122
2025-12-02T07:00,24.1,94,0.0,7.3,121
2025-12-02T08:00,26.1,89,0.0,5.5,142
2025-12-02T09:00,27.3,82,0.4,5.5,216
2025-12-02T10:00,27.9,78,0.3,7.7,242
2025-12-02T11:00,28.6,74,0.6,6.8,252
2025-12-02T12:00,28.8,73,0.1,9.0,260
2025-12-02T13:00,28.9,73,0.0,9.7,258
2025-12-02T14:00,28.7,73,0.0,10.4,260
2025-12-02T15:00,28.4,72,0.0,11.1,261
2025-12-02T16:00,27.9,74,0.0,9.6,262
2025-12-02T17:00,27.7,77,0.0,7.7,240
2025-12-02T18:00,26.8,82,0.0,5.4,230
2025-12-02T19:00,26.3,86,0.0,3.7,191
2025-12-02T20:00,25.7,90,0.0,4.5,151
2025-12-02T21:00,25.3,92,0.0,6.3,156
2025-12-02T22:00,25.1,92,0.0,6.1,148
2025-12-02T23:00,24.5,91,0.0,6.5,141
2025-12-03T00:00,24.5,91,0.0,6.1,137
2025-12-03T01:00,24.3,91,0.0,7.1,146
2025-12-03T02:00,24.2,92,0.0,6.1,152
2025-12-03T03:00,23.8,94,0.0,4.3,138
2025-12-03T04:00,23.6,95,0.0,4.9,123
2025-12-03T05:00,23.5,94,0.0,5.5,128
2025-12-03T06:00,23.5,94,0.0,6.1,118
2025-12-03T07:00,24.9,91,0.0,5.5,122
2025-12-03T08:00,26.7,85,0.0,4.5,140
2025-12-03T09:00,28.2,75,0.0,4.8,193
2025-12-03T10:00,28.9,70,0.0,6.4,225
2025-12-03T11:00,29.5,65,0.0,6.2,232
2025-12-03T12:00,29.8,63,0.0,7.8,247
2025-12-03T13:00,29.6,63,0.0,9.5,259
2025-12-03T14:00,29.0,67,0.0,10.5,258
2025-12-03T15:00,28.4,70,0.0,10.0,244
2025-12-03T16:00,28.1,72,0.0,6.5,242
2025-12-03T17:00,27.9,73,0.0,6.8,241
2025-12-03T18:00,26.8,79,0.0,3.9,236
2025-12-03T19:00,26.3,83,0.0,3.2,223
2025-12-03T20:00,25.9,87,0.0,0.5,180
2025-12-03T21:00,25.0,91,0.0,2.0,27
2025-12-03T22:00,24.7,92,0.0,2.9,68
2025-12-03T23:00,24.8,91,0.0,3.9,47
2025-12-04T00:00,24.5,91,0.0,3.4,43
2025-12-04T01:00,24.0,92,0.0,6.6,45
2025-12-04T02:00,23.6,94,0.0,3.0,38
2025-12-04T03:00,23.5,93,0.0,1.3,8
2025-12-04T04:00,23.4,93,0.0,1.0,112
2025-12-04T05:00,23.4,93,0.0,1.5,104
2025-12-04T06:00,23.7,92,0.0,4.7,86
2025-12-04T07:00,24.8,90,0.0,3.2,87
2025-12-04T08:00,26.7,82,0.0,1.1,81
2025-12-04T09:00,28.2,76,0.0,2.0,275
2025-12-04T10:00,29.1,72,0.0,5.1,280
2025-12-04T11:00,29.6,65,0.0,6.5,294
2025-12-04T12:00,29.8,65,0.2,7.3,287
2025-12-04T13:00,29.6,67,0.2,7.9,300
2025-12-04T14:00,29.0,69,0.7,10.0,306
2025-12-04T15:00,28.3,77,0.1,10.1,305
2025-12-04T16:00,27.0,82,2.7,3.8,45
2025-12-04T17:00,27.3,81,0.6,8.7,40
2025-12-04T18:00,25.7,91,0.2,6.2,69
2025-12-04T19:00,24.8,94,0.1,4.3,62
2025-12-04T20:00,24.5,95,0.1,3.1,77
2025-12-04T21:00,24.1,97,0.0,5.3,82
2025-12-04T22:00,23.9,97,0.0,5.8,94
2025-12-04T23:00,24.3,94,0.0,5.4,105
2025-12-05T00:00,24.3,93,0.0,3.8,79
2025-12-05T01:00,24.0,94,0.0,3.2,133
2025-12-05T02:00,23.9,95,0.0,4.9,118
2025-12-05T03:00,23.7,94,0.0,3.6,84
2025-12-05T04:00,23.4,96,0.0,5.2,61
2025-12-05T05:00,23.6,97,0.0,4.7,83
2025-12-05T06:00,23.5,97,0.0,4.3,68
2025-12-05T07:00,24.8,91,0.0,3.3,99
2025-12-05T08:00,26.6,80,0.0,2.5,120
2025-12-05T09:00,28.1,74,0.0,1.8,169
2025-12-05T10:00,29.0,71,0.0,3.4,270
2025-12-05T11:00,30.0,65,0.0,4.8,283
2025-12-05T12:00,30.2,63,0.1,7.4,283
2025-12-05T13:00,29.5,68,0.1,9.9,269
2025-12-05T14:00,27.0,76,1.6,10.4,340
2025-12-05T15:00,26.2,83,3.2,5.4,262
2025-12-05T16:00,26.8,81,0.2,4.6,315
2025-12-05T17:00,27.5,78,0.7,5.0,55
2025-12-05T18:00,26.4,86,0.0,5.8,94
2025-12-05T19:00,25.8,88,0.0,6.5,120
2025-12-05T20:00,25.3,90,0.0,6.8,125
2025-12-05T21:00,24.9,91,0.0,6.0,117
2025-12-05T22:00,24.4,92,0.0,3.8,121
2025-12-05T23:00,24.3,91,0.0,2.9,83
2025-12-06T00:00,24.2,92,0.0,2.4,42
2025-12-06T01:00,23.9,93,0.0,2.9,68
2025-12-06T02:00,23.6,94,0.0,2.5,86
2025-12-06T03:00,23.4,95,0.0,2.2,90
2025-12-06T04:00,23.1,96,0.0,3.1,77
2025-12-06T05:00,23.2,94,0.0,6.6,49
2025-12-06T06:00,22.9,94,0.0,6.9,33
2025-12-06T07:00,23.9,92,0.0,5.2,59
2025-12-06T08:00,25.8,86,0.0,5.6,92
2025-12-06T09:00,27.2,80,0.0,7.7,93
2025-12-06T10:00,27.8,75,0.1,8.2,71
2025-12-06T11:00,29.7,68,0.1,3.8,85
2025-12-06T12:00,30.3,65,0.0,1.0,202
2025-12-06T13:00,30.6,64,0.0,6.0,260
2025-12-06T14:00,27.3,76,11.5,8.3,229
2025-12-06T15:00,25.8,86,5.6,3.8,357
2025-12-06T16:00,25.2,88,1.8,3.7,331
2025-12-06T17:00,26.6,83,0.4,9.2,67
2025-12-06T18:00,25.4,89,0.0,7.2,112
2025-12-06T19:00,24.4,93,0.1,7.5,105
2025-12-06T20:00,24.1,93,0.2,4.8,127
2025-12-06T21:00,24.1,91,0.0,6.5,146
2025-12-06T22:00,24.1,91,0.0,4.2,137
2025-12-06T23:00,24.5,89,0.0,1.2,153
2025-12-07T00:00,24.3,91,0.0,2.2,81
2025-12-07T01:00,23.7,94,0.0,2.8,63
2025-12-07T02:00,23.4,94,0.0,4.4,55
2025-12-07T03:00,23.0,94,0.0,5.6,75
2025-12-07T04:00,22.7,94,0.0,5.4,92
2025-12-07T05:00,23.2,96,0.0,5.5,58
2025-12-07T06:00,23.0,97,0.0,5.0,69
2025-12-07T07:00,24.3,94,0.0,2.2,85
2025-12-07T08:00,26.2,89,0.0,0.2,90
2025-12-07T09:00,27.5,84,0.0,1.5,315
2025-12-07T10:00,28.4,81,0.0,2.5,262
2025-12-07T11:00,29.5,70,0.0,3.5,279
2025-12-07T12:00,29.6,70,0.1,5.1,252
2025-12-07T13:00,29.2,73,0.2,5.8,254
2025-12-07T14:00,28.8,76,0.1,8.2,280
2025-12-07T15:00,28.0,81,0.2,6.5,256
2025-12-07T16:00,27.1,79,2.9,6.2,226
2025-12-07T17:00,24.8,92,0.6,8.1,159
2025-12-07T18:00,23.8,95,1.2,3.9,164
2025-12-07T19:00,24.5,91,0.2,3.3,257
2025-12-07T20:00,24.5,93,0.0,1.5,194
2025-12-07T21:00,24.2,96,0.0,5.3,142
2025-12-07T22:00,23.9,97,0.0,3.2,109
2025-12-07T23:00,24.6,95,0.0,9.8,187
2025-12-08T00:00,24.5,96,0.4,3.1,294
2025-12-08T01:00,24.3,98,0.0,3.3,6
2025-12-08T02:00,24.1,99,0.0,2.5,111
2025-12-08T03:00,23.8,99,0.0,4.3,73
2025-12-08T04:00,23.5,99,0.0,5.7,77
2025-12-08T05:00,23.4,97,0.0,3.0,25
2025-12-08T06:00,23.5,96,0.0,6.1,30
2025-12-08T07:00,24.2,93,0.0,6.3,27
2025-12-08T08:00,25.6,89,0.0,6.1,19
2025-12-08T09:00,27.5,81,0.0,9.2,16
2025-12-08T10:00,29.1,67,0.0,12.4,17
2025-12-08T11:00,30.5,60,0.0,11.9,11
2025-12-08T12:00,30.9,58,0.0,12.8,2
2025-12-08T13:00,31.1,56,0.0,13.0,2
2025-12-08T14:00,31.0,56,0.0,13.3,358
2025-12-08T15:00,30.7,58,0.0,12.4,358
2025-12-08T16:00,30.0,65,0.0,10.6,359
2025-12-08T17:00,28.4,77,0.0,10.1,348
2025-12-08T18:00,27.4,81,0.0,5.6,29
2025-12-08T19:00,27.0,79,0.0,12.8,22
2025-12-08T20:00,26.5,79,0.0,17.4,17
2025-12-08T21:00,26.1,80,0.0,18.1,20
2025-12-08T22:00,25.5,82,0.0,17.7,20
2025-12-08T23:00,25.4,82,0.0,16.2,19
2025-12-09T00:00,24.9,85,0.0,14.5,14
2025-12-09T01:00,24.4,86,0.0,13.9,13
2025-12-09T02:00,24.0,88,0.0,13.8,12
2025-12-09T03:00,23.8,89,0.0,14.4,13
2025-12-09T04:00,23.6,89,0.0,13.8,21
2025-12-09T05:00,23.5,92,0.0,12.2,13
2025-12-09T06:00,23.7,91,0.0,10.1,19
2025-12-09T07:00,24.8,89,0.0,9.5,22
2025-12-09T08:00,26.1,86,0.0,10.3,13
2025-12-09T09:00,27.8,75,0.0,14.9,11
2025-12-09T10:00,28.9,69,0.0,12.9,6
2025-12-09T11:00,28.9,74,0.0,7.4,321
2025-12-09T12:00,29.2,74,0.2,8.0,316
2025-12-09T13:00,25.2,88,6.8,18.0,9
2025-12-09T14:00,25.8,87,0.1,4.9,358
2025-12-09T15:00,26.4,83,0.0,10.9,353
2025-12-09T16:00,26.1,85,0.5,10.6,21
2025-12-09T17:00,25.0,93,0.2,5.8,56
2025-12-09T18:00,25.0,94,0.1,8.6,64
2025-12-09T19:00,24.0,96,3.3,10.1,70
2025-12-09T20:00,23.9,96,0.8,10.8,24
2025-12-09T21:00,23.8,97,1.9,11.2,16
2025-12-09T22:00,23.5,97,0.7,15.1,15
2025-12-09T23:00,24.3,96,0.7,11.9,20
2025-12-10T00:00,24.3,96,0.0,11.7,18
2025-12-10T01:00,24.1,96,0.0,9.8,17
2025-12-10T02:00,24.1,96,0.0,10.2,7
2025-12-10T03:00,23.8,95,0.0,10.9,22
2025-12-10T04:00,23.5,96,0.0,9.7,28
2025-12-10T05:00,23.3,96,0.1,6.2,26
2025-12-10T06:00,23.4,96,0.0,4.2,47
2025-12-10T07:00,24.1,94,0.0,5.7,37
2025-12-10T08:00,24.6,92,0.1,6.2,33
2025-12-10T09:00,26.2,86,0.1,6.4,27
2025-12-10T10:00,27.4,82,0.1,6.0,5
2025-12-10T11:00,29.1,71,0.3,5.0,240
2025-12-10T12:00,28.8,73,0.0,6.7,297
2025-12-10T13:00,28.8,74,0.1,9.9,333
2025-12-10T14:00,27.4,81,0.2,12.4,2
2025-12-10T15:00,27.2,82,0.0,11.0,2
2025-12-10T16:00,26.8,82,0.7,11.9,3
2025-12-10T17:00,26.4,83,0.1,11.5,11
2025-12-10T18:00,25.5,87,0.0,11.4,15
2025-12-10T19:00,25.1,88,0.0,10.8,30
2025-12-10T20:00,24.8,89,0.0,11.3,33
2025-12-10T21:00,24.6,89,0.0,12.9,35
2025-12-10T22:00,24.2,91,0.0,11.5,34
2025-12-10T23:00,24.4,90,0.0,11.8,27
2025-12-11T00:00,24.4,90,0.0,12.5,18
2025-12-11T01:00,24.2,91,0.0,13.3,18
2025-12-11T02:00,24.1,90,0.0,14.1,16
2025-12-11T03:00,23.9,90,0.0,14.4,20
2025-12-11T04:00,23.7,90,0.0,14.6,21
2025-12-11T05:00,23.5,92,0.0,17.1,11
2025-12-11T06:00,23.8,90,0.0,18.2,14
2025-12-11T07:00,24.7,87,0.0,16.3,20
2025-12-11T08:00,25.9,83,0.0,15.3,18
2025-12-11T09:00,27.5,75,0.0,20.1,24
2025-12-11T10:00,28.1,71,0.0,17.9,18
2025-12-11T11:00,29.1,70,0.1,16.0,12
2025-12-11T12:00,29.3,71,0.1,16.0,1
2025-12-11T13:00,27.9,77,4.2,14.7,11
2025-12-11T14:00,26.2,80,0.7,13.8,21
2025-12-11T15:00,25.6,87,0.5,10.0,21
2025-12-11T16:00,25.8,87,0.0,8.9,14
2025-12-11T17:00,25.5,90,0.3,7.3,25
2025-12-11T18:00,25.2,92,0.0,4.6,51
2025-12-11T19:00,24.7,93,0.1,7.4,61
2025-12-11T20:00,24.6,94,0.4,5.3,98
2025-12-11T21:00,24.1,97,0.5,2.6,124
2025-12-11T22:00,23.9,98,0.1,0.6,56
2025-12-11T23:00,23.8,95,0.0,11.3,18
2025-12-12T00:00,23.8,94,0.0,9.8,31
2025-12-12T01:00,23.6,94,0.2,8.5,44
2025-12-12T02:00,23.2,95,0.1,7.1,36
2025-12-12T03:00,23.3,94,0.2,7.4,34
2025-12-12T04:00,23.0,95,0.0,6.8,40
2025-12-12T05:00,22.8,96,0.0,5.2,14
2025-12-12T06:00,22.9,96,0.0,6.9,5
2025-12-12T07:00,23.8,92,0.0,8.3,30
2025-12-12T08:00,25.2,87,0.0,7.2,58
2025-12-12T09:00,26.3,80,0.0,5.2,92
2025-12-12T10:00,27.6,74,0.0,4.4,120
2025-12-12T11:00,28.8,70,0.0,3.1,31
2025-12-12T12:00,29.8,69,0.0,0.4,297
2025-12-12T13:00,29.6,69,0.0,2.8,220
2025-12-12T14:00,27.0,81,3.7,5.3,156
2025-12-12T15:00,26.2,82,1.0,11.3,352
2025-12-12T16:00,24.5,89,0.2,12.1,15
2025-12-12T17:00,24.8,92,3.3,8.5,38
2025-12-12T18:00,24.3,94,1.7,5.0,21
2025-12-12T19:00,24.3,94,0.0,5.0,21
2025-12-12T20:00,24.1,95,0.0,4.4,30
2025-12-12T21:00,24.1,94,0.0,6.2,17
2025-12-12T22:00,23.9,94,0.0,7.1,34
2025-12-12T23:00,23.6,97,0.0,13.0,47
2025-12-13T00:00,23.3,96,1.5,8.0,50
2025-12-13T01:00,23.0,96,0.0,7.3,33
2025-12-13T02:00,23.2,95,0.0,8.2,15
2025-12-13T03:00,23.2,96,0.0,10.3,16
2025-12-13T04:00,23.2,94,0.0,11.2,19
2025-12-13T05:00,23.0,95,0.0,11.2,21
2025-12-13T06:00,23.1,95,0.0,12.1,25
2025-12-13T07:00,24.1,91,0.0,15.9,26
2025-12-13T08:00,25.5,84,0.0,17.1,33
2025-12-13T09:00,27.1,76,0.0,16.8,35
2025-12-13T10:00,28.0,73,0.0,14.0,26
2025-12-13T11:00,29.4,69,0.0,13.3,13
2025-12-13T12:00,29.7,68,0.0,12.0,8
2025-12-13T13:00,27.8,76,1.3,14.2,15
2025-12-13T14:00,27.8,79,0.1,13.5,14
2025-12-13T15:00,27.0,79,0.4,16.5,8
2025-12-13T16:00,26.0,85,0.1,8.5,6
2025-12-13T17:00,26.2,85,2.0,15.4,11
2025-12-13T18:00,25.2,87,0.0,12.1,15
2025-12-13T19:00,25.1,88,0.0,11.8,19
2025-12-13T20:00,24.8,89,0.0,12.0,33
2025-12-13T21:00,24.4,89,0.0,12.9,35
2025-12-13T22:00,24.1,90,0.0,11.7,37
2025-12-13T23:00,24.5,89,0.0,11.6,48
2025-12-14T00:00,24.1,91,0.0,7.7,37
2025-12-14T01:00,23.9,91,0.0,5.8,60
2025-12-14T02:00,23.6,92,0.0,5.2,41
2025-12-14T03:00,23.5,91,0.0,10.1,22
2025-12-14T04:00,23.2,91,0.0,9.9,29
2025-12-14T05:00,23.6,91,0.0,12.1,11
2025-12-14T06:00,23.9,90,0.0,12.8,14
2025-12-14T07:00,24.8,87,0.0,14.4,12
2025-12-14T08:00,25.9,84,0.0,15.4,11
2025-12-14T09:00,27.1,77,0.0,17.0,19
2025-12-14T10:00,28.3,71,0.0,15.8,19
2025-12-14T11:00,29.4,69,0.0,13.5,23
2025-12-14T12:00,29.5,68,0.0,13.1,25
2025-12-14T13:00,28.9,70,0.2,13.1,9
2025-12-14T14:00,26.9,75,0.3,14.0,7
2025-12-14T15:00,27.2,78,0.2,9.4,359
2025-12-14T16:00,27.4,77,0.1,8.6,352
2025-12-14T17:00,26.8,83,0.0,7.5,21
2025-12-14T18:00,26.0,87,0.0,7.1,19
2025-12-14T19:00,25.6,88,0.0,9.1,22
2025-12-14T20:00,25.1,87,0.0,10.3,27
2025-12-14T21:00,24.8,85,0.0,11.4,26
2025-12-14T22:00,24.5,85,0.0,13.3,21
2025-12-14T23:00,24.3,85,0.0,15.9,18
2025-12-15T00:00,23.9,86,0.0,16.2,17
2025-12-15T01:00,23.6,87,0.0,17.6,13
2025-12-15T02:00,23.3,88,0.0,18.4,12
2025-12-15T03:00,22.9,89,0.0,19.0,12
2025-12-15T04:00,22.7,90,0.0,19.1,11
2025-12-15T05:00,22.7,90,0.0,18.5,7
2025-12-15T06:00,22.7,91,0.0,18.1,9
2025-12-15T07:00,23.7,87,0.0,17.0,10
2025-12-15T08:00,25.2,82,0.0,17.7,5
2025-12-15T09:00,26.7,74,0.0,22.8,18
2025-12-15T10:00,27.2,73,0.1,19.8,16
2025-12-15T11:00,28.5,68,0.0,17.4,18
2025-12-15T12:00,29.2,64,0.1,17.0,9
2025-12-15T13:00,29.4,63,0.1,16.6,1
2025-12-15T14:00,29.5,62,0.1,16.4,352
2025-12-15T15:00,29.1,64,0.1,17.1,343
2025-12-15T16:00,28.3,69,0.0,15.4,339
2025-12-15T17:00,27.7,74,0.0,13.3,350
2025-12-15T18:00,26.7,80,0.0,13.2,356
2025-12-15T19:00,26.2,82,0.0,15.7,6
2025-12-15T20:00,25.5,83,0.0,17.7,12
2025-12-15T21:00,24.9,85,0.0,17.5,12
2025-12-15T22:00,24.6,87,0.0,17.3,17
2025-12-15T23:00,24.8,87,0.0,15.6,12
2025-12-16T00:00,24.5,89,0.0,14.9,12
2025-12-16T01:00,24.2,89,0.0,14.9,8
2025-12-16T02:00,23.9,90,0.0,13.9,11
2025-12-16T03:00,23.7,92,0.0,13.5,13
2025-12-16T04:00,23.5,92,0.0,11.3,20
2025-12-16T05:00,23.4,93,0.0,8.3,27
2025-12-16T06:00,23.5,93,0.0,7.4,41
2025-12-16T07:00,24.7,89,0.0,9.4,42
2025-12-16T08:00,26.2,83,0.0,11.8,54
2025-12-16T09:00,27.4,77,0.0,7.4,58
2025-12-16T10:00,28.7,72,0.0,4.1,67
2025-12-16T11:00,29.5,68,0.0,3.8,191
2025-12-16T12:00,30.0,65,0.1,5.5,221
2025-12-16T13:00,30.0,64,0.2,6.7,239
2025-12-16T14:00,29.1,70,0.1,8.3,250
2025-12-16T15:00,28.4,73,0.0,8.3,257
2025-12-16T16:00,27.1,76,1.0,9.0,300
2025-12-16T17:00,27.9,78,2.0,7.7,201
2025-12-16T18:00,26.8,86,0.0,4.3,185
2025-12-16T19:00,26.2,90,0.0,4.0,162
2025-12-16T20:00,25.8,93,0.0,2.1,149
2025-12-16T21:00,25.5,94,0.0,1.5,104
2025-12-16T22:00,25.2,96,0.0,2.0,175
2025-12-16T23:00,26.0,91,0.0,6.3,217
2025-12-17T00:00,26.1,90,0.0,4.2,220
2025-12-17T01:00,25.6,92,0.0,1.4,220
2025-12-17T02:00,25.3,94,0.0,0.3,45
2025-12-17T03:00,24.8,97,0.0,1.5,54
2025-12-17T04:00,24.5,98,0.2,2.2,66
2025-12-17T05:00,24.3,97,0.0,4.0,39
2025-12-17T06:00,24.3,97,0.0,3.6,45
2025-12-17T07:00,25.2,95,0.0,3.2,38
2025-12-17T08:00,26.6,88,0.0,2.8,15
2025-12-17T09:00,27.7,82,0.1,4.2,5
2025-12-17T10:00,28.9,77,0.1,4.6,11
2025-12-17T11:00,29.4,73,0.2,7.6,19
2025-12-17T12:00,30.0,72,0.1,8.3,41
2025-12-17T13:00,26.8,85,6.1,7.4,51
2025-12-17T14:00,26.5,85,0.2,8.0,62
2025-12-17T15:00,26.7,85,0.1,3.9,118
2025-12-17T16:00,26.4,87,0.1,2.6,155
2025-12-17T17:00,26.9,88,0.1,3.1,66
2025-12-17T18:00,26.3,92,0.0,1.7,131
2025-12-17T19:00,25.2,97,0.0,5.2,149
2025-12-17T20:00,24.3,94,1.0,9.5,161
2025-12-17T21:00,24.2,94,0.3,0.5,315
2025-12-17T22:00,24.3,94,0.0,5.3,18
2025-12-17T23:00,23.9,93,0.0,12.6,52
2025-12-18T00:00,24.0,93,0.2,10.7,20
2025-12-18T01:00,24.0,94,0.0,3.7,23
2025-12-18T02:00,23.9,94,0.0,7.9,35
2025-12-18T03:00,23.6,94,0.0,11.4,39
2025-12-18T04:00,23.6,95,0.0,10.5,39
2025-12-18T05:00,23.9,94,0.0,12.1,360
2025-12-18T06:00,24.0,94,1.8,11.8,26
2025-12-18T07:00,24.6,93,0.1,14.9,45
2025-12-18T08:00,25.7,88,0.1,13.8,42
2025-12-18T09:00,26.4,85,0.2,12.9,43
2025-12-18T10:00,28.1,79,0.1,10.6,44
2025-12-18T11:00,29.0,74,0.1,14.9,27
2025-12-18T12:00,28.8,78,0.2,11.4,24
2025-12-18T13:00,28.7,80,0.2,4.9,51
2025-12-18T14:00,26.1,83,4.2,7.7,102
2025-12-18T15:00,24.5,94,6.7,4.6,189
2025-12-18T16:00,24.8,92,0.1,1.4,67
2025-12-18T17:00,26.4,87,0.2,5.2,16
2025-12-18T18:00,26.1,86,0.5,6.3,7
2025-12-18T19:00,24.7,94,1.9,9.1,41
2025-12-18T20:00,24.8,92,0.1,11.9,30
2025-12-18T21:00,24.6,92,0.0,14.5,27
2025-12-18T22:00,24.4,92,0.0,13.2,32
2025-12-18T23:00,24.5,91,0.0,10.4,37
2025-12-19T00:00,24.4,91,0.0,11.8,26
2025-12-19T01:00,24.2,91,0.0,13.7,23
2025-12-19T02:00,24.1,90,0.0,14.4,23
2025-12-19T03:00,24.0,90,0.0,15.7,24
2025-12-19T04:00,23.8,90,0.0,15.2,24
2025-12-19T05:00,23.7,93,0.0,10.7,37
2025-12-19T06:00,23.7,94,0.0,10.1,47
2025-12-19T07:00,24.5,90,0.0,13.1,32
2025-12-19T08:00,25.9,84,0.0,17.6,24
2025-12-19T09:00,27.0,79,0.0,16.9,23
2025-12-19T10:00,28.1,74,0.0,18.1,21
2025-12-19T11:00,29.0,73,0.1,17.1,24
2025-12-19T12:00,29.6,71,0.0,13.2,22
2025-12-19T13:00,29.9,66,0.0,13.6,22
2025-12-19T14:00,29.9,66,0.1,12.8,14
2025-12-19T15:00,28.7,71,0.2,8.4,62
2025-12-19T16:00,25.9,87,0.6,6.0,97
2025-12-19T17:00,28.3,75,0.3,5.2,16
2025-12-19T18:00,26.7,85,0.0,1.5,69
2025-12-19T19:00,26.0,88,0.0,0.5,45
2025-12-19T20:00,25.2,92,0.0,3.3,61
2025-12-19T21:00,24.5,95,0.0,6.0,51
2025-12-19T22:00,24.1,94,0.0,6.7,44
2025-12-19T23:00,24.5,86,0.0,9.1,25
2025-12-20T00:00,24.2,86,0.0,10.8,15
2025-12-20T01:00,23.7,88,0.0,11.9,10
2025-12-20T02:00,23.3,89,0.0,12.2,14
2025-12-20T03:00,23.0,90,0.0,13.1,13
2025-12-20T04:00,22.8,90,0.0,13.1,13
2025-12-20T05:00,22.9,90,0.0,12.8,10
2025-12-20T06:00,22.8,90,0.0,12.9,8
2025-12-20T07:00,23.6,88,0.0,11.7,4
2025-12-20T08:00,25.0,83,0.0,14.2,3
2025-12-20T09:00,26.6,78,0.0,15.0,4
2025-12-20T10:00,28.0,69,0.0,17.1,22
2025-12-20T11:00,28.9,66,0.1,13.6,12
2025-12-20T12:00,29.5,63,0.1,11.5,356
2025-12-20T13:00,29.4,63,0.1,11.5,346
2025-12-20T14:00,29.2,62,0.1,12.7,345
2025-12-20T15:00,28.5,65,0.3,14.2,340
2025-12-20T16:00,27.2,72,0.4,11.3,13
2025-12-20T17:00,27.0,77,0.6,12.1,17
2025-12-20T18:00,26.0,81,0.0,11.9,10
2025-12-20T19:00,25.6,81,0.0,10.8,15
2025-12-20T20:00,25.5,80,0.0,10.9,6
2025-12-20T21:00,25.3,80,0.0,12.9,8
2025-12-20T22:00,24.9,79,0.0,14.9,11
2025-12-20T23:00,24.8,78,0.0,15.7,20
2025-12-21T00:00,24.3,79,0.0,15.3,17
2025-12-21T01:00,24.1,78,0.0,15.2,19
2025-12-21T02:00,23.9,77,0.0,15.4,19
2025-12-21T03:00,23.8,76,0.0,15.3,18
2025-12-21T04:00,23.4,78,0.0,14.4,12
2025-12-21T05:00,23.0,82,0.0,13.9,1
2025-12-21T06:00,23.0,83,0.0,14.5,7
2025-12-21T07:00,23.6,83,0.0,13.0,10
2025-12-21T08:00,25.2,80,0.0,12.7,7
2025-12-21T09:00,26.8,76,0.0,14.7,8
2025-12-21T10:00,28.3,69,0.0,16.6,22
2025-12-21T11:00,29.4,65,0.0,11.1,30
2025-12-21T12:00,29.6,63,0.1,9.6,20
2025-12-21T13:00,30.1,60,0.0,9.4,2
2025-12-21T14:00,29.1,63,0.1,13.6,20
2025-12-21T15:00,27.4,75,0.0,13.5,21
2025-12-21T16:00,27.5,75,0.0,12.4,16
2025-12-21T17:00,27.6,74,0.0,11.6,21
2025-12-21T18:00,26.5,79,0.0,12.9,15
2025-12-21T19:00,26.0,79,0.0,15.8,15
2025-12-21T20:00,25.4,79,0.0,15.5,20
2025-12-21T21:00,25.1,80,0.0,15.8,19
2025-12-21T22:00,24.9,80,0.0,15.8,17
2025-12-21T23:00,24.8,80,0.0,16.1,18
2025-12-22T00:00,24.5,81,0.0,16.5,22
2025-12-22T01:00,24.4,81,0.0,16.0,23
2025-12-22T02:00,24.1,82,0.0,13.7,23
2025-12-22T03:00,23.9,84,0.0,14.2,22
2025-12-22T04:00,23.7,85,0.0,15.7,19
2025-12-22T05:00,23.2,87,0.0,13.5,25
2025-12-22T06:00,23.3,86,0.0,14.4,26
2025-12-22T07:00,24.3,82,0.0,14.8,30
2025-12-22T08:00,25.8,78,0.0,12.1,30
2025-12-22T09:00,27.2,73,0.0,12.4,31
2025-12-22T10:00,28.7,66,0.0,12.7,36
2025-12-22T11:00,29.6,62,0.0,12.8,26
2025-12-22T12:00,30.0,60,0.1,12.8,14
2025-12-22T13:00,30.6,56,0.0,13.6,8
2025-12-22T14:00,30.5,55,0.0,16.4,9
2025-12-22T15:00,29.8,57,0.0,16.9,2
2025-12-22T16:00,29.0,63,0.0,16.9,2
2025-12-22T17:00,28.1,68,0.0,12.6,3
2025-12-22T18:00,27.1,72,0.0,12.4,360
2025-12-22T19:00,26.5,73,0.0,13.1,7
2025-12-22T20:00,26.0,74,0.0,14.6,4
2025-12-22T21:00,25.4,76,0.0,15.9,12
2025-12-22T22:00,25.0,78,0.0,16.5,20
2025-12-22T23:00,24.8,78,0.0,16.5,23
2025-12-23T00:00,24.2,79,0.0,15.2,24
2025-12-23T01:00,23.9,79,0.0,14.6,16
2025-12-23T02:00,23.5,80,0.0,14.5,17
2025-12-23T03:00,23.2,81,0.0,14.6,18
2025-12-23T04:00,23.0,81,0.0,15.0,13
2025-12-23T05:00,23.0,83,0.0,14.9,15
2025-12-23T06:00,22.9,85,0.0,15.1,20
2025-12-23T07:00,23.7,84,0.0,12.4,17
2025-12-23T08:00,25.3,81,0.0,13.8,12
2025-12-23T09:00,27.2,74,0.0,16.7,16
2025-12-23T10:00,28.5,65,0.0,17.7,22
2025-12-23T11:00,30.0,62,0.0,14.1,19
2025-12-23T12:00,31.1,57,0.0,12.6,14
2025-12-23T13:00,31.4,54,0.0,13.2,3
2025-12-23T14:00,30.9,57,0.1,13.9,343
2025-12-23T15:00,30.2,60,0.2,15.1,335
2025-12-23T16:00,29.0,70,0.1,15.3,330
2025-12-23T17:00,28.6,72,0.0,13.1,333
2025-12-23T18:00,27.5,79,0.0,13.4,340
2025-12-23T19:00,27.1,78,0.0,15.0,354
2025-12-23T20:00,26.3,79,0.0,13.2,14
2025-12-23T21:00,25.7,81,0.0,11.8,28
2025-12-23T22:00,25.3,83,0.0,10.8,37
2025-12-23T23:00,25.1,83,0.0,11.1,37
2025-12-24T00:00,24.8,87,0.0,8.5,48
2025-12-24T01:00,24.2,91,0.0,6.2,49
2025-12-24T02:00,24.1,91,0.1,5.5,32
2025-12-24T03:00,23.7,92,0.0,5.9,27
2025-12-24T04:00,23.4,93,0.0,6.7,38
2025-12-24T05:00,23.2,94,0.0,9.0,20
2025-12-24T06:00,23.2,94,0.0,9.7,12
2025-12-24T07:00,24.1,91,0.0,10.8,11
2025-12-24T08:00,25.5,85,0.0,12.2,19
2025-12-24T09:00,26.8,81,0.0,10.4,15
2025-12-24T10:00,27.8,75,0.0,11.3,8
2025-12-24T11:00,28.9,71,0.0,6.4,352
2025-12-24T12:00,28.8,71,0.0,9.1,326
2025-12-24T13:00,29.6,65,0.1,11.5,326
2025-12-24T14:00,28.1,68,0.6,5.8,30
2025-12-24T15:00,26.8,75,0.7,7.8,19
2025-12-24T16:00,26.6,76,0.1,13.4,26
2025-12-24T17:00,27.6,71,0.0,12.9,18
2025-12-24T18:00,26.5,79,0.0,9.7,31
2025-12-24T19:00,26.0,82,0.0,5.8,39
2025-12-24T20:00,25.4,86,0.0,5.1,63
2025-12-24T21:00,24.8,91,0.0,3.4,84
2025-12-24T22:00,24.3,95,0.0,2.7,86
2025-12-24T23:00,24.3,96,0.0,2.9,86
2025-12-25T00:00,24.2,96,0.0,3.5,24
2025-12-25T01:00,24.0,94,0.0,5.2,25
2025-12-25T02:00,23.8,89,0.0,8.8,11
2025-12-25T03:00,23.3,88,0.0,8.9,19
2025-12-25T04:00,23.3,88,0.0,9.9,22
2025-12-25T05:00,23.4,89,0.0,11.7,11
2025-12-25T06:00,23.4,90,0.0,12.6,10
2025-12-25T07:00,24.1,88,0.0,11.9,3
2025-12-25T08:00,25.6,82,0.0,15.4,5
2025-12-25T09:00,27.3,72,0.0,17.3,13
2025-12-25T10:00,28.8,63,0.0,16.3,17
2025-12-25T11:00,30.2,56,0.0,16.6,18
2025-12-25T12:00,31.0,51,0.0,16.4,9
2025-12-25T13:00,31.2,49,0.0,17.1,4
2025-12-25T14:00,31.0,50,0.0,17.9,9
2025-12-25T15:00,30.6,51,0.0,19.0,9
2025-12-25T16:00,29.9,53,0.0,17.8,13
2025-12-25T17:00,29.2,57,0.0,14.2,26
2025-12-25T18:00,27.9,64,0.0,11.5,30
2025-12-25T19:00,26.9,67,0.0,11.4,21
2025-12-25T20:00,26.2,69,0.0,11.1,23
2025-12-25T21:00,25.4,72,0.0,9.2,39
2025-12-25T22:00,24.5,77,0.0,5.7,66
2025-12-25T23:00,24.1,81,0.0,5.6,31
2025-12-26T00:00,23.9,79,0.0,8.2,23
2025-12-26T01:00,23.4,80,0.0,8.1,29
2025-12-26T02:00,22.7,83,0.0,9.0,31
2025-12-26T03:00,22.3,85,0.0,9.7,29
2025-12-26T04:00,21.9,88,0.0,9.9,29
2025-12-26T05:00,21.4,86,0.0,9.4,32
2025-12-26T06:00,21.3,86,0.0,8.3,41
2025-12-26T07:00,22.5,81,0.0,7.1,49
2025-12-26T08:00,24.8,73,0.0,6.9,39
2025-12-26T09:00,27.6,65,0.0,8.7,32
2025-12-26T10:00,30.0,53,0.0,11.1,40
2025-12-26T11:00,31.4,43,0.0,9.6,38
2025-12-26T12:00,32.7,36,0.0,9.0,15
2025-12-26T13:00,33.1,34,0.0,9.5,2
2025-12-26T14:00,32.8,35,0.0,11.5,338
2025-12-26T15:00,31.8,41,0.0,14.4,327
2025-12-26T16:00,30.3,53,0.0,16.9,329
2025-12-26T17:00,29.4,60,0.0,13.1,324
2025-12-26T18:00,27.6,77,0.0,12.3,321
2025-12-26T19:00,27.3,79,0.0,11.0,335
2025-12-26T20:00,27.2,77,0.0,10.5,355
2025-12-26T21:00,26.6,69,0.0,11.2,11
2025-12-26T22:00,25.4,72,0.0,11.7,31
2025-12-26T23:00,25.0,78,0.0,14.2,35
2025-12-27T00:00,24.9,77,0.0,11.9,35
2025-12-27T01:00,24.6,78,0.0,11.7,32
2025-12-27T02:00,24.4,79,0.0,10.0,26
2025-12-27T03:00,24.4,79,0.0,10.0,23
2025-12-27T04:00,24.2,79,0.0,10.6,24
2025-12-27T05:00,23.4,83,0.0,10.4,32
2025-12-27T06:00,23.3,84,0.0,10.4,32
2025-12-27T07:00,24.2,80,0.0,8.3,42
2025-12-27T08:00,26.3,71,0.0,8.5,36
2025-12-27T09:00,28.5,63,0.0,10.6,34
2025-12-27T10:00,30.3,53,0.0,11.8,40
2025-12-27T11:00,31.3,48,0.0,11.4,38
2025-12-27T12:00,32.2,45,0.0,9.6,23
2025-12-27T13:00,32.4,45,0.0,9.9,10
2025-12-27T14:00,32.3,45,0.0,10.0,9
2025-12-27T15:00,31.9,46,0.1,9.8,8
2025-12-27T16:00,30.2,55,0.2,14.7,22
2025-12-27T17:00,29.2,63,0.1,10.1,1
2025-12-27T18:00,28.6,64,0.0,11.7,4
2025-12-27T19:00,27.7,69,0.0,7.9,16
2025-12-27T20:00,26.7,73,0.0,4.5,104
2025-12-27T21:00,26.2,80,0.0,3.8,161
2025-12-27T22:00,25.7,84,0.0,3.8,163
2025-12-27T23:00,25.4,86,0.1,1.7,41
2025-12-28T00:00,25.1,86,0.0,4.5,50
2025-12-28T01:00,24.5,87,0.1,2.3,108
2025-12-28T02:00,24.2,86,0.2,5.5,9
2025-12-28T03:00,24.2,86,0.1,3.8,355
2025-12-28T04:00,23.9,88,0.0,6.8,11
2025-12-28T05:00,23.7,83,0.0,8.6,23
2025-12-28T06:00,23.4,84,0.0,9.7,22
2025-12-28T07:00,24.3,81,0.0,9.4,24
2025-12-28T08:00,26.3,72,0.0,10.6,26
2025-12-28T09:00,28.5,64,0.0,12.2,25
2025-12-28T10:00,30.4,57,0.0,12.0,22
2025-12-28T11:00,31.5,50,0.0,12.4,14
2025-12-28T12:00,32.4,45,0.0,10.9,9
2025-12-28T13:00,32.7,44,0.0,11.0,4
2025-12-28T14:00,32.5,45,0.1,11.9,349
2025-12-28T15:00,32.0,47,0.1,13.4,342
2025-12-28T16:00,30.4,56,0.1,16.0,337
2025-12-28T17:00,29.5,63,0.1,12.0,351
2025-12-28T18:00,28.2,73,0.0,12.8,350
2025-12-28T19:00,27.6,75,0.0,12.0,353
2025-12-28T20:00,26.9,75,0.0,10.6,15
2025-12-28T21:00,26.3,76,0.0,12.3,22
2025-12-28T22:00,25.7,79,0.0,12.0,32
2025-12-28T23:00,25.5,81,0.0,12.1,35
2025-12-29T00:00,25.2,82,0.0,10.1,40
2025-12-29T01:00,24.9,84,0.0,9.6,40
2025-12-29T02:00,24.4,86,0.0,9.3,36
2025-12-29T03:00,24.3,87,0.0,9.0,30
2025-12-29T04:00,24.0,89,0.1,10.0,56
2025-12-29T05:00,24.1,89,0.1,9.4,40
2025-12-29T06:00,24.2,89,0.0,9.7,45
2025-12-29T07:00,25.1,84,0.0,8.5,32
2025-12-29T08:00,26.8,75,0.0,9.6,14
2025-12-29T09:00,28.8,68,0.0,11.3,2
2025-12-29T10:00,30.5,58,0.3,12.9,13
2025-12-29T11:00,30.9,55,0.2,14.3,15
2025-12-29T12:00,31.7,52,0.2,14.2,15
2025-12-29T13:00,31.9,52,0.3,14.7,11
2025-12-29T14:00,31.2,55,0.5,14.1,14
2025-12-29T15:00,30.9,58,0.9,12.5,6
2025-12-29T16:00,30.4,59,0.3,13.5,350
2025-12-29T17:00,29.7,64,0.0,12.8,349
2025-12-29T18:00,28.3,71,0.0,12.7,348
2025-12-29T19:00,27.7,73,0.0,13.5,360
2025-12-29T20:00,26.9,75,0.0,12.9,12
2025-12-29T21:00,26.4,77,0.0,14.3,25
2025-12-29T22:00,25.9,79,0.0,15.1,33
2025-12-29T23:00,25.8,80,0.0,15.7,37
2025-12-30T00:00,25.3,83,0.0,13.7,40
2025-12-30T01:00,25.1,84,0.0,11.7,34
2025-12-30T02:00,25.0,84,0.0,10.7,25
2025-12-30T03:00,24.6,86,0.0,10.8,18
2025-12-30T04:00,24.4,87,0.0,11.3,14
2025-12-30T05:00,24.0,89,0.0,11.0,14
2025-12-30T06:00,24.0,89,0.0,10.4,15
2025-12-30T07:00,25.0,84,0.0,9.6,12
2025-12-30T08:00,26.7,77,0.0,11.8,8
2025-12-30T09:00,28.9,64,0.0,15.5,20
2025-12-30T10:00,30.0,59,0.0,14.2,12
2025-12-30T11:00,31.0,54,0.3,13.0,356
2025-12-30T12:00,31.0,55,0.6,15.5,342
2025-12-30T13:00,30.7,58,0.3,15.8,333
2025-12-30T14:00,30.0,62,0.2,17.2,330
2025-12-30T15:00,29.2,67,0.2,18.7,328
2025-12-30T16:00,28.2,72,0.3,20.1,333
2025-12-30T17:00,28.4,71,0.0,15.8,336
2025-12-30T18:00,27.5,77,0.0,13.8,338
2025-12-30T19:00,26.8,82,0.0,13.0,340
2025-12-30T20:00,26.5,83,0.0,12.5,348
2025-12-30T21:00,26.2,83,0.0,11.4,357
2025-12-30T22:00,25.9,84,0.0,11.2,2
2025-12-30T23:00,25.5,86,0.0,11.5,359
2025-12-31T00:00,25.2,87,0.0,10.8,11
2025-12-31T01:00,24.8,88,0.0,10.9,13
2025-12-31T02:00,24.4,90,0.0,10.4,18
2025-12-31T03:00,24.2,91,0.0,8.9,24
2025-12-31T04:00,24.0,92,0.0,8.8,28
2025-12-31T05:00,24.2,91,0.0,7.5,24
2025-12-31T06:00,24.2,92,0.0,8.0,25
2025-12-31T07:00,25.2,87,0.0,7.3,25
2025-12-31T08:00,27.3,78,0.0,9.4,1
2025-12-31T09:00,28.8,69,0.0,13.6,345
2025-12-31T10:00,29.6,64,0.1,15.5,333
2025-12-31T11:00,29.6,64,0.1,17.6,318
2025-12-31T12:00,29.8,65,0.2,18.4,319
2025-12-31T13:00,29.7,65,0.1,19.9,319
2025-12-31T14:00,29.1,69,0.1,20.3,318
2025-12-31T15:00,29.3,66,0.0,20.9,317
2025-12-31T16:00,28.3,70,0.1,17.4,322
2025-12-31T17:00,27.9,72,0.2,15.9,322
2025-12-31T18:00,27.4,75,0.2,13.6,328
2025-12-31T19:00,25.8,76,0.6,6.7,346
2025-12-31T20:00,25.3,85,0.6,11.5,17
2025-12-31T21:00,24.0,92,0.2,5.7,49
2025-12-31T22:00,23.9,92,0.0,6.6,33
2025-12-31T23:00,24.4,93,0.0,6.3,355
2026-01-01T00:00,24.3,93,0.0,5.2,14
2026-01-01T01:00,24.3,92,0.0,5.6,17
2026-01-01T02:00,24.0,92,0.0,7.5,17
2026-01-01T03:00,23.8,92,0.0,7.9,27
2026-01-01T04:00,23.5,92,0.0,8.0,38
2026-01-01T05:00,23.7,93,0.0,6.1,43
2026-01-01T06:00,23.8,92,0.0,4.2,25
2026-01-01T07:00,24.7,89,0.0,4.3,22
2026-01-01T08:00,25.8,83,0.0,5.8,26
2026-01-01T09:00,26.8,79,0.0,5.5,349
2026-01-01T10:00,28.6,70,0.0,8.7,323
2026-01-01T11:00,29.9,64,0.0,11.5,330
2026-01-01T12:00,30.5,60,0.0,13.5,312
2026-01-01T13:00,29.5,67,0.2,14.3,299
2026-01-01T14:00,29.2,65,0.6,16.3,316
2026-01-01T15:00,28.2,71,0.1,14.9,335
2026-01-01T16:00,28.0,72,0.0,11.5,346
2026-01-01T17:00,27.5,77,0.0,11.0,334
2026-01-01T18:00,26.8,80,0.0,9.4,330
2026-01-01T19:00,26.6,82,0.0,8.8,345
2026-01-01T20:00,26.1,85,0.0,10.7,17
2026-01-01T21:00,25.3,85,0.0,6.5,23
2026-01-01T22:00,24.6,86,0.0,4.8,29
2026-01-01T23:00,25.0,86,0.0,6.7,357
2026-01-02T00:00,25.2,86,0.0,7.3,349
2026-01-02T01:00,25.1,87,0.0,8.2,341
2026-01-02T02:00,25.0,88,0.1,9.8,343
2026-01-02T03:00,24.9,88,0.0,9.2,354
2026-01-02T04:00,24.8,88,0.0,10.5,356
2026-01-02T05:00,24.5,91,0.0,6.9,25
2026-01-02T06:00,24.5,91,0.0,4.6,54
2026-01-02T07:00,24.7,90,0.0,3.2,360
2026-01-02T08:00,25.6,84,0.0,5.2,356
2026-01-02T09:00,26.6,78,0.0,6.7,16
2026-01-02T10:00,27.8,72,0.0,7.1,21
2026-01-02T11:00,29.9,60,0.0,9.1,7
2026-01-02T12:00,31.2,49,0.1,13.4,356
2026-01-02T13:00,31.2,47,0.0,15.6,341
2026-01-02T14:00,30.2,53,0.0,17.1,335
2026-01-02T15:00,29.1,59,0.1,17.4,337
2026-01-02T16:00,28.1,65,0.1,16.8,333
2026-01-02T17:00,27.6,73,0.0,13.6,331
2026-01-02T18:00,27.1,77,0.0,14.7,331
2026-01-02T19:00,26.7,80,0.0,13.5,341
2026-01-02T20:00,26.5,83,0.0,11.9,350
2026-01-02T21:00,26.2,83,0.0,12.1,357
2026-01-02T22:00,25.8,82,0.0,12.1,2
2026-01-02T23:00,25.9,77,0.0,13.0,14
2026-01-03T00:00,26.0,74,0.0,13.7,14
2026-01-03T01:00,26.0,73,0.0,14.5,14
2026-01-03T02:00,25.7,74,0.0,14.6,13
2026-01-03T03:00,25.5,76,0.0,13.9,5
2026-01-03T04:00,25.2,79,0.0,12.0,8
2026-01-03T05:00,24.8,83,0.0,10.7,14
2026-01-03T06:00,24.7,84,0.0,11.8,13
2026-01-03T07:00,25.3,81,0.0,10.5,20
2026-01-03T08:00,27.1,72,0.0,12.7,15
2026-01-03T09:00,29.4,58,0.0,15.1,27
2026-01-03T10:00,30.5,53,0.0,19.5,30
2026-01-03T11:00,32.1,43,0.0,16.6,34
2026-01-03T12:00,33.4,33,0.0,18.0,25
2026-01-03T13:00,33.4,35,0.0,19.9,24
2026-01-03T14:00,33.0,37,0.0,20.1,28
2026-01-03T15:00,32.7,32,0.0,21.3,24
2026-01-03T16:00,31.3,39,0.0,23.3,23
2026-01-03T17:00,30.7,47,0.0,19.5,23
2026-01-03T18:00,29.1,54,0.0,14.0,29
2026-01-03T19:00,28.1,58,0.0,14.3,33
2026-01-03T20:00,27.1,62,0.0,15.7,24
2026-01-03T21:00,26.4,65,0.0,15.1,25
2026-01-03T22:00,25.9,69,0.0,15.0,23
2026-01-03T23:00,25.7,74,0.0,17.1,18
2026-01-04T00:00,25.4,76,0.0,17.2,20
2026-01-04T01:00,25.0,77,0.0,17.0,22
2026-01-04T02:00,24.6,79,0.0,17.2,23
2026-01-04T03:00,24.3,82,0.0,17.0,20
2026-01-04T04:00,24.0,84,0.0,16.4,17
2026-01-04T05:00,23.9,82,0.0,15.7,11
2026-01-04T06:00,23.8,83,0.0,16.0,9
2026-01-04T07:00,24.8,77,0.0,15.8,7
2026-01-04T08:00,26.3,71,0.0,17.5,9
2026-01-04T09:00,28.3,60,0.0,20.5,20
2026-01-04T10:00,29.7,52,0.0,20.7,20
2026-01-04T11:00,31.7,45,0.0,18.3,30
2026-01-04T12:00,32.4,41,0.0,17.5,24
2026-01-04T13:00,32.6,41,0.1,18.3,21
2026-01-04T14:00,32.3,42,0.2,17.3,19
2026-01-04T15:00,32.3,42,0.4,16.8,16
2026-01-04T16:00,30.6,51,0.5,18.7,11
2026-01-04T17:00,30.0,52,0.0,18.8,14
2026-01-04T18:00,28.7,58,0.0,18.2,11
2026-01-04T19:00,27.9,62,0.0,17.4,11
2026-01-04T20:00,27.2,65,0.0,17.4,21
2026-01-04T21:00,26.5,68,0.0,17.4,24
2026-01-04T22:00,25.9,72,0.0,16.9,22
2026-01-04T23:00,25.6,72,0.0,17.9,19
2026-01-05T00:00,25.3,74,0.0,16.8,18
2026-01-05T01:00,25.1,74,0.0,16.6,18
2026-01-05T02:00,24.9,74,0.0,15.9,16
2026-01-05T03:00,24.7,76,0.0,15.9,16
2026-01-05T04:00,24.5,76,0.0,15.4,19
2026-01-05T05:00,24.1,81,0.0,14.4,18
2026-01-05T06:00,24.2,81,0.0,14.5,21
2026-01-05T07:00,25.2,77,0.0,13.3,16
2026-01-05T08:00,27.0,70,0.0,17.0,13
2026-01-05T09:00,29.0,60,0.0,22.5,20
2026-01-05T10:00,30.3,55,0.0,23.5,21
2026-01-05T11:00,31.2,52,0.0,18.7,19
2026-01-05T12:00,32.0,51,0.0,16.4,13
2026-01-05T13:00,32.7,47,0.0,16.3,5
2026-01-05T14:00,31.1,54,0.7,17.8,2
2026-01-05T15:00,28.8,64,0.7,17.7,13
2026-01-05T16:00,27.9,69,0.2,16.4,12
2026-01-05T17:00,27.7,71,0.2,11.8,33
2026-01-05T18:00,26.0,79,2.4,3.6,72
2026-01-05T19:00,24.9,87,1.0,12.0,45
2026-01-05T20:00,24.5,89,0.4,14.6,27
2026-01-05T21:00,23.7,90,0.9,20.1,28
2026-01-05T22:00,23.6,93,3.7,14.1,7
2026-01-05T23:00,24.4,91,0.3,9.6,8
2026-01-06T00:00,24.3,91,0.0,10.9,12
2026-01-06T01:00,24.1,91,0.0,11.3,10
2026-01-06T02:00,24.0,91,0.0,11.3,20
2026-01-06T03:00,24.0,91,0.0,13.3,27
2026-01-06T04:00,23.6,92,0.5,15.5,18
2026-01-06T05:00,23.5,94,2.7,12.9,21
2026-01-06T06:00,23.4,94,0.1,14.3,20
2026-01-06T07:00,23.6,92,0.4,17.3,23
2026-01-06T08:00,24.1,90,0.4,15.6,24
2026-01-06T09:00,25.1,85,0.2,17.0,18
2026-01-06T10:00,25.9,81,0.4,18.5,22
2026-01-06T11:00,27.7,66,0.8,21.2,35
2026-01-06T12:00,28.1,66,0.0,21.4,33
2026-01-06T13:00,28.1,65,0.0,21.4,30
2026-01-06T14:00,27.5,66,0.0,20.1,22
2026-01-06T15:00,27.7,66,0.0,20.6,26
2026-01-06T16:00,27.0,69,0.0,18.5,24
2026-01-06T17:00,26.4,74,0.0,14.6,19
2026-01-06T18:00,25.6,76,0.0,13.6,7
2026-01-06T19:00,25.2,78,0.0,16.2,1
2026-01-06T20:00,24.9,79,0.0,18.1,10
2026-01-06T21:00,24.7,80,0.0,17.9,13
2026-01-06T22:00,24.5,82,0.0,16.7,18
2026-01-06T23:00,24.9,82,0.0,16.7,22
2026-01-07T00:00,24.8,81,0.0,17.0,20
2026-01-07T01:00,24.6,82,0.0,17.5,17
2026-01-07T02:00,24.2,83,0.0,16.8,21
2026-01-07T03:00,24.0,82,0.0,16.7,19
2026-01-07T04:00,23.9,82,0.0,17.5,19
2026-01-07T05:00,23.8,80,0.0,17.6,26
2026-01-07T06:00,23.7,81,0.0,17.5,25
2026-01-07T07:00,24.2,80,0.0,18.0,24
2026-01-07T08:00,25.6,77,0.0,15.4,21
2026-01-07T09:00,26.6,73,0.0,19.5,20
2026-01-07T10:00,27.9,66,0.0,22.0,24
2026-01-07T11:00,28.9,59,0.0,22.2,29
2026-01-07T12:00,29.7,56,0.0,20.6,21
2026-01-07T13:00,29.9,54,0.0,21.0,16
2026-01-07T14:00,29.8,54,0.0,21.3,11
2026-01-07T15:00,29.0,58,0.0,23.9,14
2026-01-07T16:00,28.3,62,0.0,21.4,15
2026-01-07T17:00,27.0,68,0.0,22.0,15
2026-01-07T18:00,25.9,72,0.0,22.3,14
2026-01-07T19:00,25.4,73,0.0,21.8,22
2026-01-07T20:00,24.9,73,0.0,21.4,20
2026-01-07T21:00,24.4,76,0.0,21.2,22
2026-01-07T22:00,24.1,77,0.0,22.5,19
2026-01-07T23:00,23.8,79,0.0,21.4,16
2026-01-08T00:00,23.5,80,0.0,20.0,13
2026-01-08T01:00,23.2,82,0.0,19.2,10
2026-01-08T02:00,22.9,82,0.0,18.9,3
2026-01-08T03:00,22.6,82,0.0,18.9,3
2026-01-08T04:00,22.5,83,0.0,18.3,7
2026-01-08T05:00,22.8,83,0.0,17.7,13
2026-01-08T06:00,22.8,82,0.0,15.5,13
2026-01-08T07:00,23.4,81,0.0,14.1,14
2026-01-08T08:00,24.5,78,0.0,12.1,11
2026-01-08T09:00,25.7,74,0.0,14.0,7
2026-01-08T10:00,27.5,68,0.0,19.3,12
2026-01-08T11:00,27.2,67,0.0,23.7,20
2026-01-08T12:00,27.4,65,0.0,21.9,18
2026-01-08T13:00,27.6,65,0.0,23.5,14
2026-01-08T14:00,27.7,64,0.0,21.7,9
2026-01-08T15:00,27.4,67,0.0,17.7,9
2026-01-08T16:00,27.3,67,0.0,21.1,13
2026-01-08T17:00,25.2,79,0.0,18.5,10
2026-01-08T18:00,24.6,81,0.0,18.2,18
2026-01-08T19:00,24.3,82,0.0,18.7,21
2026-01-08T20:00,24.1,81,0.0,19.9,22
2026-01-08T21:00,23.7,81,0.0,19.9,20
2026-01-08T22:00,23.3,83,0.0,19.8,20
2026-01-08T23:00,23.6,82,0.0,17.6,18
2026-01-09T00:00,23.2,81,0.0,16.6,17
2026-01-09T01:00,22.9,79,0.0,16.1,18
2026-01-09T02:00,22.5,79,0.0,15.6,24
2026-01-09T03:00,22.4,79,0.0,16.1,22
2026-01-09T04:00,22.3,82,0.0,14.6,19
2026-01-09T05:00,22.5,87,0.0,16.1,20
2026-01-09T06:00,22.5,87,0.0,15.1,20
2026-01-09T07:00,23.3,85,0.0,15.8,21
2026-01-09T08:00,24.2,83,0.0,14.3,21
2026-01-09T09:00,25.8,76,0.0,17.4,19
2026-01-09T10:00,26.7,71,0.0,19.1,18
2026-01-09T11:00,28.0,66,0.0,19.1,16
2026-01-09T12:00,29.0,61,0.1,19.6,3
2026-01-09T13:00,29.4,60,0.1,20.9,352
2026-01-09T14:00,28.3,65,0.2,20.1,350
2026-01-09T15:00,28.2,67,0.1,17.9,347
2026-01-09T16:00,27.7,70,0.1,20.2,355
2026-01-09T17:00,26.4,78,0.1,13.8,8
2026-01-09T18:00,25.5,83,0.0,14.1,6
2026-01-09T19:00,25.1,84,0.0,16.0,9
2026-01-09T20:00,24.7,85,0.0,15.7,13
2026-01-09T21:00,24.5,86,0.0,14.5,17
2026-01-09T22:00,24.4,87,0.0,12.5,18
2026-01-09T23:00,24.1,87,0.0,12.7,18
2026-01-10T00:00,23.9,87,0.0,11.2,24
2026-01-10T01:00,23.6,89,0.0,10.3,23
2026-01-10T02:00,23.4,89,0.0,10.9,16
2026-01-10T03:00,23.4,89,0.0,11.2,12
2026-01-10T04:00,23.4,90,0.0,9.9,16
2026-01-10T05:00,23.8,88,0.0,11.1,22
2026-01-10T06:00,23.8,89,0.0,9.9,29
2026-01-10T07:00,24.7,85,0.0,10.3,25
2026-01-10T08:00,26.0,79,0.0,15.3,16
2026-01-10T09:00,27.1,74,0.0,16.7,17
2026-01-10T10:00,27.6,71,0.0,15.6,14
2026-01-10T11:00,28.4,70,0.1,6.2,343
2026-01-10T12:00,28.4,70,0.3,12.2,319
2026-01-10T13:00,28.0,71,0.5,17.6,327
2026-01-10T14:00,27.4,76,0.4,17.6,334
2026-01-10T15:00,27.1,77,0.2,16.9,337
2026-01-10T16:00,27.0,76,0.0,15.6,343
2026-01-10T17:00,26.9,76,0.0,13.7,347
2026-01-10T18:00,25.7,81,0.1,14.2,2
2026-01-10T19:00,24.8,84,0.0,12.0,14
2026-01-10T20:00,24.5,85,0.0,10.8,15
2026-01-10T21:00,24.4,86,0.0,9.6,20
2026-01-10T22:00,24.3,87,0.0,8.0,28
2026-01-10T23:00,24.3,89,0.0,9.3,22
2026-01-11T00:00,24.1,91,0.2,8.9,32
2026-01-11T01:00,23.8,93,0.1,7.2,37
2026-01-11T02:00,23.5,94,0.0,7.2,39
2026-01-11T03:00,23.2,95,0.0,6.8,50
2026-01-11T04:00,23.1,96,0.0,6.7,46
2026-01-11T05:00,23.1,95,0.0,4.9,36
2026-01-11T06:00,23.1,95,0.0,3.9,74
2026-01-11T07:00,23.9,92,0.0,3.4,72
2026-01-11T08:00,25.6,86,0.0,0.7,76
2026-01-11T09:00,27.2,78,0.0,2.1,200
2026-01-11T10:00,28.5,70,0.0,2.7,200
2026-01-11T11:00,29.3,67,0.1,3.6,319
2026-01-11T12:00,29.6,67,0.1,7.6,289
2026-01-11T13:00,29.2,68,0.9,9.5,285
2026-01-11T14:00,28.8,72,0.9,9.0,293
2026-01-11T15:00,27.8,73,1.0,8.8,275
2026-01-11T16:00,27.0,79,0.5,3.8,335
2026-01-11T17:00,26.1,85,0.4,7.2,193
2026-01-11T18:00,24.5,91,1.9,2.1,70
2026-01-11T19:00,24.0,94,1.0,3.6,110
2026-01-11T20:00,23.5,96,1.5,6.9,123
2026-01-11T21:00,23.6,96,0.2,0.9,53
2026-01-11T22:00,23.6,96,0.1,2.3,51
2026-01-11T23:00,23.9,97,0.0,1.0,45
2026-01-12T00:00,23.8,98,0.0,2.2,81
2026-01-12T01:00,23.4,99,0.0,2.2,55
2026-01-12T02:00,23.0,99,0.0,3.4,84
2026-01-12T03:00,22.7,98,0.0,3.1,87
2026-01-12T04:00,22.7,98,0.0,5.6,29
2026-01-12T05:00,22.8,98,0.0,8.4,20
2026-01-12T06:00,22.6,98,0.0,9.4,32
2026-01-12T07:00,23.1,96,0.0,7.9,30
2026-01-12T08:00,24.9,89,0.0,8.0,38
2026-01-12T09:00,26.6,83,0.0,6.5,34
2026-01-12T10:00,28.3,73,0.0,4.4,7
2026-01-12T11:00,29.4,62,0.0,4.4,339
2026-01-12T12:00,29.6,63,0.1,7.0,320
2026-01-12T13:00,28.8,71,0.6,2.1,329
2026-01-12T14:00,25.1,92,8.2,6.9,323
2026-01-12T15:00,25.0,91,4.1,5.7,351
2026-01-12T16:00,25.3,91,0.1,7.3,7
2026-01-12T17:00,25.9,88,0.0,9.7,350
2026-01-12T18:00,25.4,91,0.0,8.9,346
2026-01-12T19:00,25.4,91,0.1,4.3,336
2026-01-12T20:00,25.5,91,0.4,7.1,351
2026-01-12T21:00,25.1,94,0.0,8.4,16
2026-01-12T22:00,24.7,95,0.0,9.4,5
2026-01-12T23:00,24.6,96,0.0,8.2,14
2026-01-13T00:00,24.2,98,0.0,8.0,23
2026-01-13T01:00,23.7,98,0.0,7.6,19
2026-01-13T02:00,23.3,98,0.0,7.6,25
2026-01-13T03:00,23.0,98,0.0,6.7,27
2026-01-13T04:00,22.9,98,0.0,6.5,34
2026-01-13T05:00,23.0,96,0.0,2.9,90
2026-01-13T06:00,23.0,97,0.0,1.6,63
2026-01-13T07:00,23.7,94,0.0,3.2,106
2026-01-13T08:00,25.2,89,0.0,4.4,128
2026-01-13T09:00,26.8,82,0.0,4.3,158
2026-01-13T10:00,27.7,82,0.0,2.2,235
2026-01-13T11:00,28.8,77,0.0,3.3,257
2026-01-13T12:00,29.2,77,0.0,5.2,258
2026-01-13T13:00,28.8,77,0.3,7.2,269
2026-01-13T14:00,26.5,83,1.3,5.3,213
2026-01-13T15:00,26.5,83,0.4,2.1,345
2026-01-13T16:00,26.3,84,0.6,3.8,90
2026-01-13T17:00,25.0,88,1.2,6.9,33
2026-01-13T18:00,23.8,92,3.6,4.3,180
2026-01-13T19:00,23.6,93,0.8,4.2,192
2026-01-13T20:00,23.9,92,0.2,4.7,313
2026-01-13T21:00,23.5,96,0.1,1.8,90
2026-01-13T22:00,23.2,98,0.0,4.7,92
2026-01-13T23:00,23.3,98,0.0,6.1,60
2026-01-14T00:00,23.1,98,0.0,5.7,53
2026-01-14T01:00,22.9,98,0.0,5.9,50
2026-01-14T02:00,22.7,98,0.0,6.6,43
2026-01-14T03:00,22.6,98,0.0,7.8,40
2026-01-14T04:00,22.4,98,0.0,8.5,38
2026-01-14T05:00,22.0,98,0.0,6.0,57
2026-01-14T06:00,22.0,98,0.0,9.1,39
2026-01-14T07:00,22.9,94,0.0,9.9,37
2026-01-14T08:00,24.5,90,0.0,8.0,44
2026-01-14T09:00,26.2,86,0.0,4.8,42
2026-01-14T10:00,27.7,80,0.0,4.0,3
2026-01-14T11:00,29.7,69,0.0,8.6,10
2026-01-14T12:00,30.6,63,0.0,10.1,3
2026-01-14T13:00,30.8,62,0.0,11.3,2
2026-01-14T14:00,30.8,61,0.0,12.1,3
2026-01-14T15:00,30.3,63,0.0,12.7,8
2026-01-14T16:00,29.3,68,0.1,12.2,8
2026-01-14T17:00,28.4,78,0.0,10.4,342
2026-01-14T18:00,27.0,86,0.0,1.0,149
2026-01-14T19:00,26.1,90,0.0,5.4,98
2026-01-14T20:00,24.6,95,0.0,9.1,158
2026-01-14T21:00,23.8,94,0.0,6.7,164
2026-01-14T22:00,23.3,95,0.0,5.8,110
2026-01-14T23:00,23.8,96,0.0,4.5,90
2026-01-15T00:00,23.7,97,0.0,3.8,82
2026-01-15T01:00,23.4,98,0.0,4.5,74
2026-01-15T02:00,23.2,99,0.0,4.0,98
2026-01-15T03:00,23.0,99,0.0,2.1,105
2026-01-15T04:00,23.1,98,0.0,2.2,35
2026-01-15T05:00,22.7,97,0.0,5.7,32
2026-01-15T06:00,22.5,97,0.0,6.3,31
2026-01-15T07:00,23.2,94,0.0,5.4,42
2026-01-15T08:00,24.9,91,0.0,4.5,47
2026-01-15T09:00,26.8,81,0.0,2.6,39
2026-01-15T10:00,27.8,77,0.0,1.3,344
2026-01-15T11:00,28.8,73,0.0,3.3,299
2026-01-15T12:00,29.3,70,0.0,6.6,286
2026-01-15T13:00,29.0,73,0.1,10.4,270
2026-01-15T14:00,28.0,76,0.0,13.5,254
2026-01-15T15:00,27.9,71,0.1,13.1,224
2026-01-15T16:00,28.1,71,0.0,12.5,216
2026-01-15T17:00,28.8,73,0.0,2.6,254
2026-01-15T18:00,27.0,86,0.0,1.9,29
2026-01-15T19:00,26.0,88,0.0,5.2,56
2026-01-15T20:00,24.9,91,0.0,7.3,73
2026-01-15T21:00,24.3,91,0.0,8.6,53
2026-01-15T22:00,24.1,90,0.0,8.7,38
2026-01-15T23:00,24.1,87,0.0,8.3,44
2026-01-16T00:00,23.7,86,0.0,7.1,36
2026-01-16T01:00,23.0,86,0.0,7.2,28
2026-01-16T02:00,22.4,86,0.0,8.9,21
2026-01-16T03:00,21.9,85,0.0,8.5,29
2026-01-16T04:00,21.6,85,0.0,9.1,25
2026-01-16T05:00,21.5,81,0.0,9.6,28
2026-01-16T06:00,21.7,81,0.0,10.3,27
2026-01-16T07:00,22.8,79,0.0,10.5,31
2026-01-16T08:00,24.9,75,0.0,9.5,25
2026-01-16T09:00,27.2,66,0.0,11.5,25
2026-01-16T10:00,29.0,53,0.0,13.8,29
2026-01-16T11:00,30.5,48,0.0,14.3,28
2026-01-16T12:00,31.2,46,0.0,15.3,20
2026-01-16T13:00,31.4,45,0.0,17.4,13
2026-01-16T14:00,31.5,44,0.0,19.0,15
2026-01-16T15:00,30.6,46,0.0,20.7,18
2026-01-16T16:00,30.3,47,0.0,20.9,15
2026-01-16T17:00,29.4,53,0.0,15.6,12
2026-01-16T18:00,27.6,61,0.0,11.2,16
2026-01-16T19:00,26.6,64,0.0,13.8,21
2026-01-16T20:00,25.8,67,0.0,17.5,27
2026-01-16T21:00,25.2,68,0.0,15.8,30
2026-01-16T22:00,24.5,70,0.0,14.4,26
2026-01-16T23:00,24.0,73,0.0,14.3,20
2026-01-17T00:00,23.6,75,0.0,14.6,21
2026-01-17T01:00,23.2,76,0.0,14.7,25
2026-01-17T02:00,22.7,77,0.0,13.6,32
2026-01-17T03:00,22.1,79,0.0,12.4,31
2026-01-17T04:00,21.8,81,0.0,12.0,30
2026-01-17T05:00,21.3,82,0.0,9.6,30
2026-01-17T06:00,21.2,83,0.0,9.6,34
2026-01-17T07:00,22.4,78,0.0,10.2,34
2026-01-17T08:00,24.4,72,0.0,9.7,31
2026-01-17T09:00,26.8,64,0.0,11.0,34
2026-01-17T10:00,28.8,55,0.0,9.9,52
2026-01-17T11:00,29.8,51,0.0,9.2,43
2026-01-17T12:00,30.7,47,0.0,7.9,30
2026-01-17T13:00,31.3,44,0.0,6.7,360
2026-01-17T14:00,32.0,40,0.0,8.9,335
2026-01-17T15:00,31.8,39,0.0,13.3,351
2026-01-17T16:00,31.2,40,0.0,15.9,356
2026-01-17T17:00,29.0,51,0.0,16.0,345
2026-01-17T18:00,27.8,57,0.0,12.8,351
2026-01-17T19:00,26.9,60,0.0,13.5,9
2026-01-17T20:00,26.1,63,0.0,12.0,9
2026-01-17T21:00,25.4,67,0.0,12.2,9
2026-01-17T22:00,24.7,70,0.0,12.5,21
2026-01-17T23:00,24.3,69,0.0,13.4,26
2026-01-18T00:00,23.6,71,0.0,13.4,27
2026-01-18T01:00,23.2,73,0.0,12.5,32
2026-01-18T02:00,22.7,75,0.0,11.4,33
2026-01-18T03:00,22.3,77,0.0,10.5,41
2026-01-18T04:00,22.1,79,0.0,8.6,53
2026-01-18T05:00,22.0,80,0.0,7.6,63
2026-01-18T06:00,21.9,81,0.0,6.9,60
2026-01-18T07:00,22.9,78,0.0,6.9,49
2026-01-18T08:00,25.6,69,0.0,5.2,41
2026-01-18T09:00,27.7,64,0.0,5.4,48
2026-01-18T10:00,29.4,56,0.0,3.7,23
2026-01-18T11:00,30.4,50,0.0,4.1,331
2026-01-18T12:00,31.4,45,0.0,9.9,308
2026-01-18T13:00,31.1,46,0.0,15.2,310
2026-01-18T14:00,30.5,51,0.0,18.0,312
2026-01-18T15:00,29.9,54,0.0,18.3,320
2026-01-18T16:00,28.2,60,0.0,19.2,322
2026-01-18T17:00,27.6,62,0.0,16.3,325
2026-01-18T18:00,26.9,66,0.0,15.2,336
2026-01-18T19:00,26.6,67,0.0,13.9,343
2026-01-18T20:00,26.3,68,0.0,12.2,351
2026-01-18T21:00,25.7,68,0.0,10.6,2
2026-01-18T22:00,24.8,71,0.0,9.0,6
2026-01-18T23:00,24.4,74,0.0,8.0,10
2026-01-19T00:00,23.7,78,0.0,6.3,55
2026-01-19T01:00,23.1,82,0.0,6.2,12
2026-01-19T02:00,22.8,83,0.0,7.6,14
2026-01-19T03:00,22.1,86,0.0,5.7,41
2026-01-19T04:00,21.6,88,0.0,4.1,45
2026-01-19T05:00,21.2,91,0.0,5.6,33
2026-01-19T06:00,21.2,89,0.0,6.0,27
2026-01-19T07:00,22.2,83,0.0,5.4,26
2026-01-19T08:00,25.0,72,0.0,5.1,32
2026-01-19T09:00,27.4,66,0.0,5.6,21
2026-01-19T10:00,29.5,53,0.0,7.3,353
2026-01-19T11:00,30.9,44,0.0,9.9,328
2026-01-19T12:00,31.5,42,0.0,13.9,316
2026-01-19T13:00,31.0,45,0.0,17.9,310
2026-01-19T14:00,30.4,49,0.0,18.9,311
2026-01-19T15:00,29.8,53,0.0,18.7,314
2026-01-19T16:00,29.0,58,0.0,17.4,321
2026-01-19T17:00,27.8,63,0.0,15.4,331
2026-01-19T18:00,26.8,63,0.0,14.9,335
2026-01-19T19:00,26.3,63,0.0,13.1,344
2026-01-19T20:00,25.9,65,0.0,10.9,351
2026-01-19T21:00,25.2,68,0.0,10.5,3
2026-01-19T22:00,24.2,72,0.0,9.9,15
2026-01-19T23:00,23.7,77,0.0,7.9,13
2026-01-20T00:00,23.2,80,0.0,6.8,40
2026-01-20T01:00,22.6,83,0.0,7.1,43
2026-01-20T02:00,22.0,85,0.0,8.2,22
2026-01-20T03:00,21.6,85,0.0,8.0,31
2026-01-20T04:00,21.0,87,0.0,6.9,45
2026-01-20T05:00,20.9,88,0.0,7.0,44
2026-01-20T06:00,20.6,89,0.0,7.3,23
2026-01-20T07:00,21.7,83,0.0,7.1,21
2026-01-20T08:00,24.2,71,0.0,7.1,19
2026-01-20T09:00,27.2,57,0.0,10.7,16
2026-01-20T10:00,29.1,46,0.0,14.3,14
2026-01-20T11:00,30.4,40,0.0,14.5,11
2026-01-20T12:00,31.6,37,0.0,14.4,1
2026-01-20T13:00,32.0,37,0.0,14.9,353
2026-01-20T14:00,32.1,37,0.0,15.5,347
2026-01-20T15:00,31.7,39,0.0,15.9,345
2026-01-20T16:00,31.0,42,0.0,15.7,354
2026-01-20T17:00,30.0,44,0.0,15.5,359
2026-01-20T18:00,28.6,47,0.0,13.2,355
2026-01-20T19:00,27.8,50,0.0,10.6,1
2026-01-20T20:00,27.0,55,0.0,11.9,358
2026-01-20T21:00,26.1,60,0.0,9.5,14
2026-01-20T22:00,24.9,66,0.0,8.0,63
2026-01-20T23:00,24.2,69,0.0,10.1,46
2026-01-21T00:00,23.5,71,0.0,10.4,34
2026-01-21T01:00,23.0,73,0.0,8.9,47
2026-01-21T02:00,22.4,76,0.0,6.8,58
2026-01-21T03:00,22.0,78,0.0,6.5,51
2026-01-21T04:00,21.6,80,0.0,7.8,44
2026-01-21T05:00,21.8,77,0.0,8.6,36
2026-01-21T06:00,21.5,78,0.0,8.5,29
2026-01-21T07:00,22.4,72,0.0,9.1,25
2026-01-21T08:00,24.9,62,0.0,9.3,22
2026-01-21T09:00,27.5,51,0.0,12.4,19
2026-01-21T10:00,29.1,45,0.0,13.2,15
2026-01-21T11:00,30.5,40,0.0,14.9,12
2026-01-21T12:00,31.6,36,0.0,15.2,6
2026-01-21T13:00,32.2,35,0.0,15.5,2
2026-01-21T14:00,32.2,36,0.0,17.0,356
2026-01-21T15:00,31.9,37,0.0,18.4,2
2026-01-21T16:00,30.9,40,0.0,18.1,353
2026-01-21T17:00,30.0,43,0.0,16.7,1
2026-01-21T18:00,28.7,47,0.0,15.5,357
2026-01-21T19:00,27.4,55,0.0,14.0,351
2026-01-21T20:00,26.0,71,0.0,14.6,357
2026-01-21T21:00,25.1,74,0.0,14.9,9
2026-01-21T22:00,24.9,67,0.0,15.2,22
2026-01-21T23:00,24.6,67,0.0,15.6,19
2026-01-22T00:00,24.1,69,0.0,14.8,24
2026-01-22T01:00,23.5,71,0.0,13.6,35
2026-01-22T02:00,22.8,73,0.0,11.6,43
2026-01-22T03:00,22.1,75,0.0,9.8,36
2026-01-22T04:00,21.7,77,0.0,9.3,25
2026-01-22T05:00,22.1,78,0.0,12.2,25
2026-01-22T06:00,21.9,81,0.0,11.5,25
2026-01-22T07:00,22.5,79,0.0,10.3,31
2026-01-22T08:00,24.5,71,0.0,9.9,27
2026-01-22T09:00,27.3,57,0.0,11.5,23
2026-01-22T10:00,29.1,47,0.0,10.6,15
2026-01-22T11:00,30.3,42,0.0,5.8,358
2026-01-22T12:00,31.8,37,0.0,7.6,322
2026-01-22T13:00,31.9,37,0.0,10.8,312
2026-01-22T14:00,32.4,35,0.0,11.7,315
2026-01-22T15:00,32.6,34,0.0,12.3,323
2026-01-22T16:00,31.8,37,0.0,16.5,329
2026-01-22T17:00,28.0,70,0.0,19.9,326
2026-01-22T18:00,26.6,76,0.0,17.9,330
2026-01-22T19:00,26.2,78,0.0,13.7,338
2026-01-22T20:00,26.0,75,0.0,11.6,352
2026-01-22T21:00,25.4,76,0.0,10.5,353
2026-01-22T22:00,24.9,78,0.0,11.3,2
2026-01-22T23:00,24.8,75,0.0,12.9,23
2026-01-23T00:00,24.3,75,0.0,13.6,28
2026-01-23T01:00,23.8,78,0.0,13.8,33
2026-01-23T02:00,23.4,80,0.0,12.9,36
2026-01-23T03:00,23.0,83,0.0,12.7,36
2026-01-23T04:00,22.8,84,0.0,12.3,39
2026-01-23T05:00,22.7,84,0.0,9.8,36
2026-01-23T06:00,22.5,84,0.0,9.1,32
2026-01-23T07:00,23.2,79,0.0,8.0,38
2026-01-23T08:00,25.7,67,0.0,8.4,40
2026-01-23T09:00,28.2,56,0.0,10.2,36
2026-01-23T10:00,30.1,47,0.0,6.4,18
2026-01-23T11:00,31.1,41,0.0,6.5,330
2026-01-23T12:00,31.6,39,0.0,11.1,318
2026-01-23T13:00,31.1,47,0.0,16.0,313
2026-01-23T14:00,29.9,57,0.0,20.4,313
2026-01-23T15:00,28.8,61,0.0,21.3,313
2026-01-23T16:00,28.4,59,0.0,20.1,320
2026-01-23T17:00,27.9,66,0.0,18.4,327
2026-01-23T18:00,26.7,76,0.0,16.3,335
2026-01-23T19:00,26.3,78,0.0,14.1,346
2026-01-23T20:00,26.1,77,0.0,11.9,357
2026-01-23T21:00,25.8,76,0.0,12.3,5
2026-01-23T22:00,25.3,77,0.0,13.8,11
2026-01-23T23:00,25.0,76,0.0,11.6,18
2026-01-24T00:00,24.6,78,0.0,8.1,31
2026-01-24T01:00,24.3,80,0.0,7.9,27
2026-01-24T02:00,24.0,81,0.0,8.3,27
2026-01-24T03:00,23.6,84,0.0,8.4,34
2026-01-24T04:00,23.1,86,0.0,7.8,32
2026-01-24T05:00,23.0,87,0.0,7.4,41
2026-01-24T06:00,22.8,88,0.0,7.1,56
2026-01-24T07:00,23.9,82,0.0,6.7,46
2026-01-24T08:00,26.4,70,0.0,5.8,22
2026-01-24T09:00,28.8,60,0.0,6.3,5
2026-01-24T10:00,30.7,49,0.0,5.9,337
2026-01-24T11:00,30.9,52,0.0,10.7,305
2026-01-24T12:00,29.2,67,0.2,16.1,301
2026-01-24T13:00,28.9,67,0.1,16.6,311
2026-01-24T14:00,28.9,65,0.1,16.7,312
2026-01-24T15:00,28.1,70,0.1,17.4,315
2026-01-24T16:00,28.3,68,0.0,16.2,321
2026-01-24T17:00,27.6,74,0.0,14.2,324
2026-01-24T18:00,26.6,79,0.2,13.6,337
2026-01-24T19:00,26.5,81,0.0,12.1,345
2026-01-24T20:00,26.3,82,0.0,12.0,352
2026-01-24T21:00,25.8,84,0.0,11.4,3
2026-01-24T22:00,25.3,85,0.0,9.1,9
2026-01-24T23:00,25.1,87,0.0,7.8,9
2026-01-25T00:00,24.8,88,0.0,5.4,26
2026-01-25T01:00,24.4,91,0.0,4.1,77
2026-01-25T02:00,24.0,93,0.0,4.4,117
2026-01-25T03:00,23.8,94,0.0,2.1,121
2026-01-25T04:00,23.8,93,0.0,5.3,123
2026-01-25T05:00,24.2,94,0.0,2.9,97
2026-01-25T06:00,23.9,96,0.0,6.2,82
2026-01-25T07:00,24.9,89,0.0,5.6,88
2026-01-25T08:00,27.1,73,0.0,5.0,139
2026-01-25T09:00,29.1,62,0.0,6.5,174
2026-01-25T10:00,30.7,55,0.0,5.6,209
2026-01-25T11:00,31.3,50,0.2,9.1,231
2026-01-25T12:00,30.6,55,0.2,11.2,244
2026-01-25T13:00,30.2,58,0.5,9.7,252
2026-01-25T14:00,29.9,60,0.3,10.1,267
2026-01-25T15:00,29.5,60,0.1,11.7,274
2026-01-25T16:00,28.5,67,0.0,11.7,295
2026-01-25T17:00,28.2,71,0.0,10.9,297
2026-01-25T18:00,27.9,71,0.0,7.4,296
2026-01-25T19:00,27.6,72,0.0,9.3,319
2026-01-25T20:00,26.9,73,0.2,4.6,315
2026-01-25T21:00,26.6,78,0.3,3.5,219
2026-01-25T22:00,26.2,81,0.0,6.5,193
2026-01-25T23:00,26.4,84,0.0,4.0,122
2026-01-26T00:00,25.9,85,0.0,9.3,146
2026-01-26T01:00,25.5,87,0.0,9.0,127
2026-01-26T02:00,24.7,90,0.0,8.0,115
2026-01-26T03:00,24.4,90,0.0,6.2,116
2026-01-26T04:00,24.3,91,0.0,5.0,109
2026-01-26T05:00,24.5,89,0.1,2.5,135
2026-01-26T06:00,24.4,89,0.0,2.6,34
2026-01-26T07:00,25.4,84,0.0,4.6,31
2026-01-26T08:00,27.2,74,0.0,6.5,358
2026-01-26T09:00,29.4,61,0.0,7.5,333
2026-01-26T10:00,31.2,51,0.0,8.0,340
2026-01-26T11:00,31.5,51,0.0,8.8,303
2026-01-26T12:00,32.1,54,0.0,11.5,280
2026-01-26T13:00,31.8,58,0.1,11.3,269
2026-01-26T14:00,32.2,53,0.3,7.6,284
2026-01-26T15:00,32.1,50,0.0,6.4,306
2026-01-26T16:00,30.0,58,0.2,5.0,120
2026-01-26T17:00,30.3,61,0.2,14.6,87
2026-01-26T18:00,28.3,73,0.0,11.6,114
2026-01-26T19:00,27.3,77,0.0,6.0,100
2026-01-26T20:00,27.1,78,0.0,4.8,70
2026-01-26T21:00,26.8,80,0.0,4.4,52
2026-01-26T22:00,26.4,82,0.0,5.2,44
2026-01-26T23:00,26.0,84,0.0,7.5,120
2026-01-27T00:00,25.5,84,0.0,4.0,93
2026-01-27T01:00,25.1,86,0.0,4.5,40
2026-01-27T02:00,24.7,86,0.0,7.2,37
2026-01-27T03:00,24.4,84,0.0,8.3,33
2026-01-27T04:00,24.5,80,0.0,10.2,28
2026-01-27T05:00,24.1,81,0.0,11.5,39
2026-01-27T06:00,24.1,81,0.0,10.6,34
2026-01-27T07:00,25.1,77,0.0,9.6,33
2026-01-27T08:00,27.3,65,0.0,11.4,33
2026-01-27T09:00,29.6,53,0.0,13.4,36
2026-01-27T10:00,31.4,46,0.0,13.0,34
2026-01-27T11:00,32.7,42,0.0,9.9,45
2026-01-27T12:00,34.1,39,0.0,7.7,25
2026-01-27T13:00,34.5,36,0.0,9.0,355
2026-01-27T14:00,34.3,37,0.0,12.0,353
2026-01-27T15:00,33.7,38,0.0,15.2,5
2026-01-27T16:00,32.7,41,0.0,17.1,358
2026-01-27T17:00,30.4,52,0.0,18.8,341
2026-01-27T18:00,29.6,53,0.0,16.3,352
2026-01-27T19:00,28.9,55,0.0,19.4,15
2026-01-27T20:00,28.0,58,0.0,19.6,24
2026-01-27T21:00,27.0,61,0.0,18.9,27
2026-01-27T22:00,26.3,63,0.0,19.1,26
2026-01-27T23:00,25.7,66,0.0,18.6,25
2026-01-28T00:00,25.0,69,0.0,17.5,17
2026-01-28T01:00,24.5,71,0.0,16.9,15
2026-01-28T02:00,24.2,72,0.0,16.0,23
2026-01-28T03:00,23.8,73,0.0,15.4,27
2026-01-28T04:00,23.4,74,0.0,14.7,25
2026-01-28T05:00,23.7,72,0.0,14.4,20
2026-01-28T06:00,23.7,71,0.0,14.4,23
2026-01-28T07:00,24.1,69,0.0,13.9,21
2026-01-28T08:00,25.2,63,0.0,13.5,16
2026-01-28T09:00,28.0,49,0.0,15.6,19
2026-01-28T10:00,30.1,40,0.0,16.5,22
2026-01-28T11:00,31.7,36,0.0,16.6,19
2026-01-28T12:00,32.8,34,0.0,16.2,17
2026-01-28T13:00,33.4,33,0.0,16.4,15
2026-01-28T14:00,33.6,33,0.0,16.6,13
2026-01-28T15:00,33.6,33,0.0,16.0,9
2026-01-28T16:00,32.8,36,0.0,16.6,9
2026-01-28T17:00,32.1,37,0.0,15.5,359
2026-01-28T18:00,30.5,43,0.0,15.7,358
2026-01-28T19:00,28.9,50,0.0,12.8,10
2026-01-28T20:00,27.8,54,0.0,13.8,16
2026-01-28T21:00,26.7,58,0.0,12.6,26
2026-01-28T22:00,25.8,63,0.0,12.5,36
2026-01-28T23:00,25.4,67,0.0,12.1,42
2026-01-29T00:00,24.7,70,0.0,11.0,40
2026-01-29T01:00,24.0,72,0.0,12.1,30
2026-01-29T02:00,23.8,72,0.0,12.5,28
2026-01-29T03:00,23.7,72,0.0,12.5,27
2026-01-29T04:00,23.4,72,0.0,12.2,33
2026-01-29T05:00,22.8,76,0.0,9.4,40
2026-01-29T06:00,22.3,77,0.0,11.2,33
2026-01-29T07:00,23.1,73,0.0,11.4,24
2026-01-29T08:00,25.3,65,0.0,11.4,23
2026-01-29T09:00,27.9,56,0.0,11.5,22
2026-01-29T10:00,30.0,46,0.0,9.0,5
2026-01-29T11:00,31.3,40,0.0,8.9,331
2026-01-29T12:00,31.7,42,0.0,13.6,311
2026-01-29T13:00,31.1,50,0.0,18.6,309
2026-01-29T14:00,30.6,53,0.0,20.1,310
2026-01-29T15:00,29.8,57,0.0,22.0,313
2026-01-29T16:00,29.0,62,0.0,22.3,319
2026-01-29T17:00,28.1,68,0.0,20.1,326
2026-01-29T18:00,27.2,71,0.0,17.5,332
2026-01-29T19:00,26.9,73,0.0,15.3,339
2026-01-29T20:00,26.7,69,0.0,14.2,351
2026-01-29T21:00,26.5,67,0.0,13.3,2
2026-01-29T22:00,26.5,68,0.0,14.6,20
2026-01-29T23:00,26.0,69,0.0,14.3,33
2026-01-30T00:00,25.5,71,0.0,12.3,39
2026-01-30T01:00,25.0,72,0.0,10.9,31
2026-01-30T02:00,24.5,74,0.0,11.6,13
2026-01-30T03:00,23.9,77,0.0,12.8,9
2026-01-30T04:00,23.4,79,0.0,11.9,11
2026-01-30T05:00,23.2,83,0.0,11.4,12
2026-01-30T06:00,23.2,84,0.0,11.4,16
2026-01-30T07:00,23.9,81,0.0,11.6,22
2026-01-30T08:00,25.9,73,0.0,13.1,19
2026-01-30T09:00,28.3,63,0.0,13.1,19
2026-01-30T10:00,30.6,52,0.0,11.0,15
2026-01-30T11:00,31.8,49,0.0,10.4,11
2026-01-30T12:00,32.5,47,0.0,11.1,343
2026-01-30T13:00,31.8,49,0.1,13.6,337
2026-01-30T14:00,31.1,53,0.1,16.0,336
2026-01-30T15:00,30.5,56,0.0,15.4,341
2026-01-30T16:00,26.3,78,6.4,11.5,51
2026-01-30T17:00,28.9,62,4.5,13.1,33
2026-01-30T18:00,27.4,70,0.0,11.5,31
2026-01-30T19:00,26.9,73,0.0,9.6,13
2026-01-30T20:00,26.8,75,0.0,9.9,10
2026-01-30T21:00,26.7,76,0.0,11.4,5
2026-01-30T22:00,26.1,76,0.0,13.4,14
2026-01-30T23:00,26.1,75,0.0,16.7,17
2026-01-31T00:00,25.6,77,0.0,15.7,22
2026-01-31T01:00,25.2,81,0.0,14.9,19
2026-01-31T02:00,25.0,82,0.0,13.7,16
2026-01-31T03:00,24.8,81,0.0,14.5,22
2026-01-31T04:00,24.6,81,0.0,14.0,23
2026-01-31T05:00,23.8,93,0.0,11.8,353
2026-01-31T06:00,24.4,93,0.9,11.4,334
2026-01-31T07:00,24.8,91,0.1,14.4,351
2026-01-31T08:00,26.2,80,0.1,11.0,6
2026-01-31T09:00,28.0,69,0.0,12.5,16
2026-01-31T10:00,30.0,60,0.0,12.9,16
2026-01-31T11:00,31.2,57,0.0,11.6,8
2026-01-31T12:00,32.6,51,0.0,13.4,7
2026-01-31T13:00,33.1,49,0.0,15.3,9
2026-01-31T14:00,31.9,51,0.0,15.2,7
2026-01-31T15:00,30.7,56,0.3,16.8,13
2026-01-31T16:00,28.6,66,0.1,15.7,25
2026-01-31T17:00,29.7,64,0.3,15.1,12
2026-01-31T18:00,27.9,73,0.1,4.5,56
2026-01-31T19:00,28.0,71,0.0,10.3,22
2026-01-31T20:00,27.0,74,0.0,9.5,25
2026-01-31T21:00,26.3,77,0.0,11.5,25
2026-01-31T22:00,25.7,79,0.0,12.5,28
2026-01-31T23:00,25.9,82,0.0,11.1,32
2026-02-01T00:00,25.5,85,0.0,10.1,43
2026-02-01T01:00,25.3,85,0.0,8.8,47
2026-02-01T02:00,24.7,88,0.0,7.3,65
2026-02-01T03:00,24.4,90,0.0,5.4,82
2026-02-01T04:00,24.1,92,0.0,5.0,90
2026-02-01T05:00,24.0,91,0.0,2.3,94
2026-02-01T06:00,24.0,92,0.0,2.8,101
2026-02-01T07:00,24.6,89,0.0,1.7,108
2026-02-01T08:00,26.3,80,0.0,2.4,17
2026-02-01T09:00,28.0,72,0.0,3.5,258
2026-02-01T10:00,29.0,67,0.0,5.9,250
2026-02-01T11:00,30.6,61,0.0,6.2,291
2026-02-01T12:00,31.5,58,0.0,9.0,283
2026-02-01T13:00,31.3,61,0.0,13.2,282
2026-02-01T14:00,28.5,72,1.4,10.2,311
2026-02-01T15:00,26.6,76,2.1,13.0,354
2026-02-01T16:00,26.6,79,0.8,5.7,18
2026-02-01T17:00,26.4,78,0.1,14.0,13
2026-02-01T18:00,26.5,78,0.2,4.0,51
2026-02-01T19:00,26.2,80,0.0,6.4,29
2026-02-01T20:00,25.8,82,0.0,6.0,49
2026-02-01T21:00,25.4,85,0.0,5.5,38
2026-02-01T22:00,25.2,85,0.0,5.9,20
2026-02-01T23:00,25.8,82,0.0,6.1,3
2026-02-02T00:00,25.6,83,0.0,3.9,22
2026-02-02T01:00,25.2,86,0.0,6.3,18
2026-02-02T02:00,24.8,90,0.0,9.1,21
2026-02-02T03:00,24.3,90,0.0,10.2,31
2026-02-02T04:00,24.2,89,0.0,10.2,32
2026-02-02T05:00,24.4,89,0.0,6.8,42
2026-02-02T06:00,24.2,90,0.0,8.5,18
2026-02-02T07:00,25.1,86,0.0,10.7,20
2026-02-02T08:00,27.0,77,0.0,12.3,27
2026-02-02T09:00,29.4,65,0.0,14.4,28
2026-02-02T10:00,31.1,57,0.0,15.3,24
2026-02-02T11:00,32.4,51,0.0,15.1,32
2026-02-02T12:00,33.2,49,0.0,13.0,27
2026-02-02T13:00,33.7,47,0.1,12.0,17
2026-02-02T14:00,33.7,46,0.0,14.6,5
2026-02-02T15:00,29.1,64,0.9,12.7,63
2026-02-02T16:00,26.7,79,2.9,2.2,99
2026-02-02T17:00,30.3,61,0.1,9.7,28
2026-02-02T18:00,27.7,73,1.5,2.4,163
2026-02-02T19:00,25.8,90,0.6,9.2,125
2026-02-02T20:00,25.1,94,0.1,11.5,151
2026-02-02T21:00,24.5,92,0.1,7.7,159
2026-02-02T22:00,23.8,97,0.2,9.0,151
2026-02-02T23:00,23.3,96,1.1,4.6,138
2026-02-03T00:00,23.6,96,0.4,2.7,157
2026-02-03T01:00,23.6,95,0.2,2.2,156
2026-02-03T02:00,23.5,96,0.0,2.8,117
2026-02-03T03:00,23.6,96,0.0,3.1,130
2026-02-03T04:00,23.6,95,0.0,4.3,57
2026-02-03T05:00,23.8,94,0.0,6.3,24
2026-02-03T06:00,23.8,92,0.0,9.0,33
2026-02-03T07:00,24.1,89,0.0,10.9,22
2026-02-03T08:00,25.1,84,0.0,12.3,27
2026-02-03T09:00,26.8,73,0.0,12.8,32
2026-02-03T10:00,28.9,64,0.0,9.4,30
2026-02-03T11:00,30.1,58,0.1,4.8,25
2026-02-03T12:00,31.0,51,0.0,5.1,321
2026-02-03T13:00,31.4,48,0.0,8.2,319
2026-02-03T14:00,31.4,46,0.0,9.2,327
2026-02-03T15:00,29.8,58,0.0,12.3,307
2026-02-03T16:00,27.7,78,0.0,6.8,307
2026-02-03T17:00,28.3,78,0.0,7.7,311
2026-02-03T18:00,26.8,78,1.3,11.2,26
2026-02-03T19:00,26.0,82,0.1,8.6,57
2026-02-03T20:00,25.6,84,0.0,7.9,13
2026-02-03T21:00,25.8,81,0.0,12.2,22
2026-02-03T22:00,25.3,82,0.0,15.1,35
2026-02-03T23:00,25.4,81,0.0,14.4,26
2026-02-04T00:00,25.1,82,0.0,14.2,20
2026-02-04T01:00,24.7,83,0.0,14.5,20
2026-02-04T02:00,24.3,84,0.0,14.4,23
2026-02-04T03:00,24.0,85,0.0,13.4,22
2026-02-04T04:00,23.7,85,0.0,12.5,21
2026-02-04T05:00,23.5,87,0.0,11.1,30
2026-02-04T06:00,23.6,89,0.0,11.8,25
2026-02-04T07:00,24.5,85,0.0,10.8,33
2026-02-04T08:00,26.3,77,0.0,11.1,43
2026-02-04T09:00,28.7,66,0.0,11.1,47
2026-02-04T10:00,30.8,56,0.0,9.0,46
2026-02-04T11:00,31.4,52,0.0,10.7,33
2026-02-04T12:00,32.2,52,0.1,8.3,11
2026-02-04T13:00,31.5,53,0.1,9.3,338
2026-02-04T14:00,32.2,50,0.0,12.6,317
2026-02-04T15:00,29.8,61,0.2,13.0,329
2026-02-04T16:00,28.1,68,1.1,8.3,68
2026-02-04T17:00,25.3,89,0.2,5.6,268
2026-02-04T18:00,25.9,85,0.5,0.9,281
2026-02-04T19:00,25.9,86,0.0,3.3,77
2026-02-04T20:00,25.4,91,0.0,5.1,108
2026-02-04T21:00,25.2,92,0.0,2.9,86
2026-02-04T22:00,25.1,93,0.0,3.5,339
2026-02-04T23:00,25.7,88,0.0,6.0,319
2026-02-05T00:00,25.4,81,0.0,9.4,359
2026-02-05T01:00,24.7,82,0.0,10.5,16
2026-02-05T02:00,24.1,86,0.0,10.7,41
2026-02-05T03:00,23.9,87,0.0,10.7,44
2026-02-05T04:00,23.9,85,0.0,9.8,38
2026-02-05T05:00,23.8,86,0.0,8.1,29
2026-02-05T06:00,23.7,86,0.0,8.1,35
2026-02-05T07:00,24.5,82,0.0,7.3,57
2026-02-05T08:00,26.5,73,0.0,6.0,46
2026-02-05T09:00,28.9,62,0.0,6.1,47
2026-02-05T10:00,30.7,53,0.0,3.8,49
2026-02-05T11:00,31.2,49,0.0,2.7,160
2026-02-05T12:00,31.3,50,0.0,7.4,221
2026-02-05T13:00,31.1,54,0.6,13.4,230
2026-02-05T14:00,29.1,67,1.7,6.3,233
2026-02-05T15:00,27.6,74,0.2,8.2,76
2026-02-05T16:00,27.8,75,0.0,6.0,74
2026-02-05T17:00,25.6,88,0.9,3.5,69
2026-02-05T18:00,24.7,92,2.5,9.0,179
2026-02-05T19:00,24.8,91,0.1,4.4,117
2026-02-05T20:00,24.6,93,0.0,3.5,111
2026-02-05T21:00,24.2,96,0.0,3.8,71
2026-02-05T22:00,23.9,98,0.0,7.1,30
2026-02-05T23:00,24.0,94,0.0,9.1,8
2026-02-06T00:00,23.9,92,0.0,11.8,11
2026-02-06T01:00,23.6,90,0.0,11.4,12
2026-02-06T02:00,23.6,88,0.0,13.6,15
2026-02-06T03:00,23.5,87,0.0,15.9,18
2026-02-06T04:00,23.5,88,0.0,16.2,27
2026-02-06T05:00,23.1,91,0.0,10.7,46
2026-02-06T06:00,23.4,90,0.0,11.5,45
2026-02-06T07:00,24.3,88,0.0,10.4,46
2026-02-06T08:00,26.0,82,0.0,10.2,39
2026-02-06T09:00,28.0,74,0.0,10.6,35
2026-02-06T10:00,29.7,64,0.0,10.9,20
2026-02-06T11:00,30.7,61,0.1,8.2,10
2026-02-06T12:00,30.7,62,0.1,7.4,334
2026-02-06T13:00,27.2,78,7.7,11.9,322
2026-02-06T14:00,26.5,83,3.3,1.7,72
2026-02-06T15:00,26.2,83,1.0,6.2,46
2026-02-06T16:00,25.7,87,0.6,11.5,34
2026-02-06T17:00,27.0,85,0.8,5.1,45
2026-02-06T18:00,26.6,88,0.1,3.6,360
2026-02-06T19:00,26.2,83,0.0,10.8,4
2026-02-06T20:00,25.2,84,0.0,16.0,12
2026-02-06T21:00,24.9,84,0.0,17.0,19
2026-02-06T22:00,24.8,83,0.0,15.7,27
2026-02-06T23:00,24.9,84,0.0,14.3,31
2026-02-07T00:00,24.7,85,0.0,13.3,38
2026-02-07T01:00,24.6,86,0.0,12.5,41
2026-02-07T02:00,24.3,87,0.0,11.1,39
2026-02-07T03:00,24.1,88,0.0,10.1,29
2026-02-07T04:00,24.1,88,0.0,11.3,17
2026-02-07T05:00,24.1,89,0.0,10.5,22
2026-02-07T06:00,24.1,91,0.0,11.0,26
2026-02-07T07:00,24.8,88,0.0,10.9,27
2026-02-07T08:00,26.5,82,0.0,12.3,14
2026-02-07T09:00,28.1,75,0.0,15.4,21
2026-02-07T10:00,29.5,70,0.0,15.0,19
2026-02-07T11:00,30.5,66,0.0,12.3,27
2026-02-07T12:00,30.9,63,0.1,11.2,18
2026-02-07T13:00,31.0,64,0.0,12.0,351
2026-02-07T14:00,30.6,63,0.1,14.2,3
2026-02-07T15:00,28.6,72,1.2,7.8,38
2026-02-07T16:00,27.6,77,0.2,3.3,84
2026-02-07T17:00,28.4,78,2.5,12.7,342
2026-02-07T18:00,27.2,82,0.1,9.5,349
2026-02-07T19:00,27.0,77,0.0,12.6,22
2026-02-07T20:00,26.5,75,0.0,15.9,18
2026-02-07T21:00,25.9,76,0.0,16.5,20
2026-02-07T22:00,25.3,79,0.0,17.4,18
2026-02-07T23:00,24.8,78,0.0,18.4,19
2026-02-08T00:00,24.6,79,0.0,19.8,17
2026-02-08T01:00,24.4,79,0.0,19.6,17
2026-02-08T02:00,24.2,80,0.0,18.7,16
2026-02-08T03:00,23.9,82,0.0,17.5,15
2026-02-08T04:00,24.0,81,0.0,16.9,16
2026-02-08T05:00,23.4,84,0.0,12.2,29
2026-02-08T06:00,23.4,84,0.0,11.3,31
2026-02-08T07:00,24.0,81,0.0,11.4,31
2026-02-08T08:00,25.3,76,0.0,10.1,27
2026-02-08T09:00,26.4,72,0.0,10.6,35
2026-02-08T10:00,27.7,65,0.0,10.4,39
2026-02-08T11:00,28.9,62,0.0,7.2,39
2026-02-08T12:00,30.6,58,0.0,6.1,19
2026-02-08T13:00,31.7,54,0.0,6.7,355
2026-02-08T14:00,32.0,51,0.0,7.4,347
2026-02-08T15:00,31.8,49,0.0,7.4,354
2026-02-08T16:00,31.1,52,0.0,7.6,19
2026-02-08T17:00,29.5,65,0.0,9.4,42
2026-02-08T18:00,27.4,76,0.0,6.6,47
2026-02-08T19:00,26.5,76,0.0,5.4,21
2026-02-08T20:00,26.1,71,0.0,7.5,24
2026-02-08T21:00,25.5,71,0.0,9.5,25
2026-02-08T22:00,24.9,73,0.0,11.7,25
2026-02-08T23:00,24.4,77,0.0,14.9,23
2026-02-09T00:00,24.0,78,0.0,14.0,24
2026-02-09T01:00,23.8,78,0.0,13.8,24
2026-02-09T02:00,23.6,78,0.0,13.7,22
2026-02-09T03:00,23.2,79,0.0,14.3,21
2026-02-09T04:00,22.9,80,0.0,15.5,20
2026-02-09T05:00,23.1,79,0.0,13.1,19
2026-02-09T06:00,23.1,79,0.0,12.8,22
2026-02-09T07:00,23.7,76,0.0,14.7,19
2026-02-09T08:00,24.8,72,0.0,14.0,24
2026-02-09T09:00,26.8,64,0.0,14.0,28
2026-02-09T10:00,28.6,54,0.0,14.1,21
2026-02-09T11:00,30.1,51,0.0,9.6,16
2026-02-09T12:00,31.1,50,0.0,7.5,350
2026-02-09T13:00,31.8,46,0.0,10.3,344
2026-02-09T14:00,32.0,41,0.0,14.0,353
2026-02-09T15:00,31.6,41,0.0,16.6,357
2026-02-09T16:00,30.8,44,0.0,17.8,8
2026-02-09T17:00,29.8,47,0.0,17.5,352
2026-02-09T18:00,27.8,56,0.0,13.8,347
2026-02-09T19:00,27.2,57,0.0,14.9,359
2026-02-09T20:00,26.1,61,0.0,15.0,11
2026-02-09T21:00,25.3,64,0.0,14.8,22
2026-02-09T22:00,24.7,66,0.0,15.4,23
2026-02-09T23:00,24.1,69,0.0,14.3,25
2026-02-10T00:00,23.6,72,0.0,13.4,28
2026-02-10T01:00,23.2,74,0.0,13.8,21
2026-02-10T02:00,22.8,76,0.0,13.5,23
2026-02-10T03:00,22.4,78,0.0,12.6,26
2026-02-10T04:00,22.2,79,0.0,14.2,18
2026-02-10T05:00,21.9,82,0.0,14.1,22
2026-02-10T06:00,21.7,84,0.0,13.1,23
2026-02-10T07:00,22.3,82,0.0,12.2,22
2026-02-10T08:00,24.0,75,0.0,10.5,22
2026-02-10T09:00,26.4,66,0.0,10.1,24
2026-02-10T10:00,28.3,56,0.0,10.2,17
2026-02-10T11:00,30.7,37,0.0,10.8,15
2026-02-10T12:00,32.1,30,0.0,13.6,8
2026-02-10T13:00,32.7,30,0.0,15.2,6
2026-02-10T14:00,33.0,29,0.0,15.3,9
2026-02-10T15:00,32.6,29,0.0,16.8,21
2026-02-10T16:00,31.8,33,0.0,17.4,20
2026-02-10T17:00,31.1,35,0.0,18.6,12
2026-02-10T18:00,29.2,41,0.0,15.0,21
2026-02-10T19:00,27.8,46,0.0,8.7,52
2026-02-10T20:00,26.9,48,0.0,7.0,55
2026-02-10T21:00,26.3,50,0.0,7.6,38
2026-02-10T22:00,25.6,52,0.0,8.1,25
2026-02-10T23:00,25.2,59,0.0,11.1,25
2026-02-11T00:00,24.6,63,0.0,12.8,22
2026-02-11T01:00,24.1,66,0.0,15.0,20
2026-02-11T02:00,23.7,68,0.0,14.3,28
2026-02-11T03:00,23.6,68,0.0,13.8,27
2026-02-11T04:00,23.7,67,0.0,13.6,29
2026-02-11T05:00,23.4,68,0.0,12.2,28
2026-02-11T06:00,23.0,71,0.0,13.0,28
2026-02-11T07:00,23.3,71,0.0,13.5,27
2026-02-11T08:00,25.0,64,0.0,11.2,16
2026-02-11T09:00,27.4,55,0.0,11.8,19
2026-02-11T10:00,28.9,47,0.0,11.9,30
2026-02-11T11:00,31.4,40,0.0,11.4,24
2026-02-11T12:00,32.6,37,0.0,9.0,345
2026-02-11T13:00,33.3,35,0.0,9.7,332
2026-02-11T14:00,33.6,33,0.0,11.3,338
2026-02-11T15:00,32.9,33,0.0,14.8,339
2026-02-11T16:00,30.8,47,0.0,18.9,328
2026-02-11T17:00,29.9,51,0.0,14.6,330
2026-02-11T18:00,29.7,49,0.0,11.5,3
2026-02-11T19:00,28.5,56,0.0,13.9,13
2026-02-11T20:00,27.6,60,0.0,13.6,20
2026-02-11T21:00,26.7,64,0.0,17.1,27
2026-02-11T22:00,26.2,65,0.0,16.3,28
2026-02-11T23:00,25.9,68,0.0,14.5,34
2026-02-12T00:00,25.2,72,0.0,13.0,29
2026-02-12T01:00,24.9,73,0.0,13.0,24
2026-02-12T02:00,24.6,74,0.0,12.6,24
2026-02-12T03:00,24.4,75,0.0,13.7,16
2026-02-12T04:00,23.9,78,0.0,13.8,15
2026-02-12T05:00,23.9,79,0.0,13.0,10
2026-02-12T06:00,23.5,82,0.0,14.5,14
2026-02-12T07:00,24.0,80,0.0,13.4,15
2026-02-12T08:00,25.8,73,0.0,15.3,13
2026-02-12T09:00,28.2,63,0.0,16.5,18
2026-02-12T10:00,30.0,56,0.0,15.3,12
2026-02-12T11:00,32.2,46,0.0,18.3,15
2026-02-12T12:00,31.8,48,0.0,17.7,4
2026-02-12T13:00,32.2,49,0.0,15.3,344
2026-02-12T14:00,30.4,59,0.3,20.1,324
2026-02-12T15:00,28.6,70,1.6,20.3,343
2026-02-12T16:00,26.8,81,3.3,9.0,338
2026-02-12T17:00,29.5,63,1.1,15.0,357
2026-02-12T18:00,27.2,78,0.0,13.5,5
2026-02-12T19:00,26.6,80,0.0,12.4,13
2026-02-12T20:00,26.0,82,0.0,12.0,14
2026-02-12T21:00,25.4,84,0.0,11.7,21
2026-02-12T22:00,25.0,85,0.0,9.0,20
2026-02-12T23:00,25.0,84,0.0,9.3,16
2026-02-13T00:00,24.7,85,0.0,7.3,28
2026-02-13T01:00,24.4,87,0.0,5.7,44
2026-02-13T02:00,24.1,88,0.0,5.6,22
2026-02-13T03:00,23.8,88,0.0,7.5,10
2026-02-13T04:00,23.6,89,0.0,9.6,9
2026-02-13T05:00,23.7,92,0.0,5.6,15
2026-02-13T06:00,23.7,92,0.0,5.6,48
2026-02-13T07:00,24.6,87,0.0,7.7,33
2026-02-13T08:00,25.9,81,0.0,10.5,22
2026-02-13T09:00,27.8,72,0.0,11.1,23
2026-02-13T10:00,30.2,60,0.0,13.1,30
2026-02-13T11:00,31.5,55,0.0,12.9,42
2026-02-13T12:00,32.5,52,0.0,8.9,29
2026-02-13T13:00,32.9,51,0.0,6.7,346
2026-02-13T14:00,31.1,57,0.8,9.5,54
2026-02-13T15:00,29.1,69,1.3,9.9,181
2026-02-13T16:00,28.7,73,0.0,2.4,171
2026-02-13T17:00,30.2,60,0.0,9.6,20
2026-02-13T18:00,28.4,66,0.0,8.7,18
2026-02-13T19:00,27.1,73,0.0,5.1,39
2026-02-13T20:00,26.3,80,0.0,2.9,90
2026-02-13T21:00,25.9,85,0.0,0.8,135
2026-02-13T22:00,25.6,88,0.0,0.4,63
2026-02-13T23:00,25.4,87,0.0,1.9,49
2026-02-14T00:00,25.2,85,0.0,3.9,43
2026-02-14T01:00,25.0,82,0.0,6.7,31
2026-02-14T02:00,24.6,83,0.0,6.8,27
2026-02-14T03:00,24.5,84,0.0,6.7,9
2026-02-14T04:00,24.4,84,0.0,9.7,10
2026-02-14T05:00,24.2,86,0.0,10.2,9
2026-02-14T06:00,24.1,87,0.0,10.7,22
2026-02-14T07:00,24.8,86,0.0,10.0,26
2026-02-14T08:00,26.7,79,0.0,10.1,27
2026-02-14T09:00,28.9,69,0.0,10.5,24
2026-02-14T10:00,30.6,61,0.0,10.1,16
2026-02-14T11:00,31.2,57,0.0,11.8,13
2026-02-14T12:00,31.7,55,0.0,9.7,4
2026-02-14T13:00,30.7,56,1.3,15.6,11
2026-02-14T14:00,27.2,77,2.2,12.4,13
2026-02-14T15:00,27.2,81,0.7,8.7,6
2026-02-14T16:00,27.6,75,0.2,13.3,13
2026-02-14T17:00,27.3,79,0.0,10.1,344
2026-02-14T18:00,26.7,80,0.0,10.9,8
2026-02-14T19:00,26.1,79,0.0,11.7,10
2026-02-14T20:00,25.4,80,0.0,13.7,18
2026-02-14T21:00,25.0,82,0.0,13.7,23
2026-02-14T22:00,24.8,82,0.0,13.3,30
2026-02-14T23:00,25.0,81,0.0,12.1,30
2026-02-15T00:00,25.1,80,0.0,12.8,32
2026-02-15T01:00,24.9,81,0.0,13.7,27
2026-02-15T02:00,24.7,82,0.0,13.9,25
2026-02-15T03:00,24.6,82,0.0,14.0,20
2026-02-15T04:00,24.4,83,0.0,14.5,14
2026-02-15T05:00,23.9,85,0.0,8.1,18
2026-02-15T06:00,23.6,87,0.0,7.3,30
2026-02-15T07:00,24.1,86,0.0,6.2,73
2026-02-15T08:00,24.5,87,0.0,3.1,100
2026-02-15T09:00,24.7,87,0.0,1.6,96
2026-02-15T10:00,25.7,79,0.0,2.5,120
2026-02-15T11:00,28.8,67,0.0,6.1,45
2026-02-15T12:00,29.1,63,0.0,3.5,351
2026-02-15T13:00,29.3,60,0.0,6.6,349
2026-02-15T14:00,30.2,54,0.0,8.9,9
2026-02-15T15:00,30.4,55,0.1,8.8,20
2026-02-15T16:00,29.1,62,0.0,11.4,52
2026-02-15T17:00,27.7,69,0.0,5.1,67
2026-02-15T18:00,26.2,79,0.3,6.0,117
2026-02-15T19:00,24.9,93,0.5,4.4,142
2026-02-15T20:00,24.6,96,0.0,0.6,124
2026-02-15T21:00,24.9,90,0.0,5.1,45
2026-02-15T22:00,25.1,81,0.0,8.1,29
2026-02-15T23:00,25.5,74,0.0,12.4,19
2026-02-16T00:00,25.1,75,0.0,12.8,29
2026-02-16T01:00,24.6,78,0.0,10.6,28
2026-02-16T02:00,24.4,80,0.0,8.8,28
2026-02-16T03:00,24.2,79,0.0,10.7,35
2026-02-16T04:00,23.8,80,0.0,9.8,52
2026-02-16T05:00,23.4,83,0.0,9.8,44
2026-02-16T06:00,22.7,83,0.0,6.8,32
2026-02-16T07:00,23.3,80,0.0,6.6,26
2026-02-16T08:00,25.2,72,0.0,5.3,8
2026-02-16T09:00,27.0,65,0.0,5.9,348
2026-02-16T10:00,28.5,58,0.0,5.4,334
2026-02-16T11:00,31.1,46,0.0,6.9,15
2026-02-16T12:00,33.4,34,0.0,8.9,7
2026-02-16T13:00,34.4,31,0.0,12.4,352
2026-02-16T14:00,34.7,27,0.0,16.0,2
2026-02-16T15:00,34.0,31,0.0,20.4,14
2026-02-16T16:00,32.9,34,0.0,19.8,21
2026-02-16T17:00,31.6,38,0.0,15.3,24
2026-02-16T18:00,29.7,46,0.0,14.7,24
2026-02-16T19:00,28.2,57,0.0,13.5,4
2026-02-16T20:00,27.7,60,0.0,12.6,22
2026-02-16T21:00,27.0,62,0.0,9.7,42
2026-02-16T22:00,26.2,66,0.0,7.7,39
2026-02-16T23:00,25.7,68,0.0,12.7,30
2026-02-17T00:00,25.4,70,0.0,10.6,30
2026-02-17T01:00,25.1,72,0.0,10.5,27
2026-02-17T02:00,24.7,74,0.0,12.6,22
2026-02-17T03:00,24.4,74,0.0,11.8,25
2026-02-17T04:00,24.0,76,0.0,10.8,15
2026-02-17T05:00,23.6,79,0.0,10.1,12
2026-02-17T06:00,23.4,80,0.0,10.2,13
2026-02-17T07:00,23.9,78,0.0,10.0,18
2026-02-17T08:00,26.0,70,0.0,10.2,18
2026-02-17T09:00,28.2,61,0.0,11.2,18
2026-02-17T10:00,29.7,53,0.0,12.7,30
2026-02-17T11:00,28.7,57,0.0,16.2,35
2026-02-17T12:00,27.9,59,0.0,15.6,51
2026-02-17T13:00,28.0,58,0.0,14.8,54
2026-02-17T14:00,27.0,67,0.3,12.9,48
2026-02-17T15:00,26.4,74,0.9,12.2,44
2026-02-17T16:00,26.1,77,0.2,12.7,35
2026-02-17T17:00,25.8,88,0.2,8.0,38
2026-02-17T18:00,25.6,86,0.0,7.1,15
2026-02-17T19:00,25.3,85,0.0,11.1,17
2026-02-17T20:00,24.3,85,0.1,14.4,28
2026-02-17T21:00,23.8,84,0.0,14.5,28
2026-02-17T22:00,23.7,84,0.0,15.6,31
2026-02-17T23:00,24.3,85,0.0,16.1,27
2026-02-18T00:00,24.3,85,0.0,15.5,26
2026-02-18T01:00,24.2,86,0.0,16.8,24
2026-02-18T02:00,24.2,85,0.0,17.7,22
2026-02-18T03:00,24.1,86,0.0,16.0,25
2026-02-18T04:00,24.2,86,0.0,14.5,23
2026-02-18T05:00,24.0,89,0.0,8.2,41
2026-02-18T06:00,24.0,90,0.0,6.8,37
2026-02-18T07:00,24.4,89,0.0,5.5,32
2026-02-18T08:00,25.1,87,0.0,6.9,17
2026-02-18T09:00,26.7,77,0.1,14.6,38
2026-02-18T10:00,27.4,74,0.1,15.2,35
2026-02-18T11:00,29.6,66,0.0,17.1,35
2026-02-18T12:00,30.1,61,0.0,18.5,32
2026-02-18T13:00,30.4,58,0.0,16.5,35
2026-02-18T14:00,29.0,63,0.0,16.3,31
2026-02-18T15:00,28.2,68,0.0,13.5,21
2026-02-18T16:00,27.5,74,0.0,13.1,18
2026-02-18T17:00,27.2,76,0.1,12.8,15
2026-02-18T18:00,26.1,81,0.0,12.7,18
2026-02-18T19:00,25.4,85,0.0,10.7,14
2026-02-18T20:00,25.2,86,0.0,11.3,13
2026-02-18T21:00,24.9,86,0.0,10.6,23
2026-02-18T22:00,24.6,87,0.0,9.8,31
2026-02-18T23:00,24.5,86,0.0,10.6,40
2026-02-19T00:00,24.3,87,0.0,8.1,58
2026-02-19T01:00,24.1,88,0.0,8.0,44
2026-02-19T02:00,24.0,88,0.0,9.7,40
2026-02-19T03:00,23.9,88,0.0,10.1,47
2026-02-19T04:00,23.8,89,0.0,10.1,51
2026-02-19T05:00,23.2,91,0.0,4.8,70
2026-02-19T06:00,23.0,92,0.0,6.4,8
2026-02-19T07:00,23.9,90,0.0,6.6,11
2026-02-19T08:00,26.1,83,0.0,7.2,3
2026-02-19T09:00,28.2,75,0.0,6.7,3
2026-02-19T10:00,29.7,66,0.1,10.9,24
2026-02-19T11:00,30.5,62,0.1,7.0,50
2026-02-19T12:00,31.3,59,0.1,3.3,6
2026-02-19T13:00,31.8,56,0.1,3.7,309
2026-02-19T14:00,31.0,60,0.2,6.2,330
2026-02-19T15:00,30.1,66,0.1,8.6,248
2026-02-19T16:00,28.3,75,0.2,8.4,335
2026-02-19T17:00,27.9,78,0.2,9.3,350
2026-02-19T18:00,26.9,82,0.0,7.3,327
2026-02-19T19:00,26.6,86,0.1,6.9,57
2026-02-19T20:00,25.7,92,0.0,6.9,75
2026-02-19T21:00,25.5,91,0.0,4.5,50
2026-02-19T22:00,25.3,86,0.0,8.5,28
2026-02-19T23:00,25.4,84,0.0,11.5,22
2026-02-20T00:00,25.1,85,0.0,10.8,21
2026-02-20T01:00,24.7,86,0.1,11.2,24
2026-02-20T02:00,24.2,89,0.3,12.9,25
2026-02-20T03:00,24.0,91,0.2,13.9,30
2026-02-20T04:00,23.9,92,0.2,12.5,36
2026-02-20T05:00,24.3,90,0.1,8.1,45
2026-02-20T06:00,24.3,91,0.0,7.7,36
2026-02-20T07:00,25.1,88,0.0,8.8,33
2026-02-20T08:00,26.4,83,0.0,11.2,40
2026-02-20T09:00,28.1,74,0.0,11.6,51
2026-02-20T10:00,29.4,69,0.0,7.2,72
2026-02-20T11:00,30.1,68,0.1,3.8,90
2026-02-20T12:00,30.9,66,0.0,2.3,203
2026-02-20T13:00,30.9,66,0.0,7.4,238
2026-02-20T14:00,28.1,77,1.4,9.1,291
2026-02-20T15:00,27.5,79,0.5,1.3,90
2026-02-20T16:00,27.1,81,0.1,2.6,78
2026-02-20T17:00,26.2,88,0.1,4.2,18
2026-02-20T18:00,25.8,93,0.5,6.2,15
2026-02-20T19:00,25.6,94,0.2,5.3,102
2026-02-20T20:00,25.2,96,0.1,4.7,106
2026-02-20T21:00,24.9,98,0.0,4.6,116
2026-02-20T22:00,24.7,98,0.0,4.0,10
2026-02-20T23:00,24.8,98,0.0,2.3,18
2026-02-21T00:00,24.8,98,0.0,3.8,49
2026-02-21T01:00,24.4,99,0.0,4.1,90
2026-02-21T02:00,24.0,100,0.0,2.3,72
2026-02-21T03:00,24.0,99,0.0,2.9,30
2026-02-21T04:00,23.9,99,0.0,6.2,12
2026-02-21T05:00,23.6,97,0.5,10.3,31
2026-02-21T06:00,24.1,96,4.7,7.5,35
2026-02-21T07:00,24.3,97,5.1,2.5,94
2026-02-21T08:00,25.5,91,0.6,7.1,24
2026-02-21T09:00,26.7,84,0.0,6.8,11
2026-02-21T10:00,28.5,78,0.0,5.3,342
2026-02-21T11:00,27.8,77,0.1,11.7,313
2026-02-21T12:00,25.1,93,3.7,10.6,330
2026-02-21T13:00,26.3,85,0.4,9.4,293
2026-02-21T14:00,26.0,86,0.4,7.2,335
2026-02-21T15:00,26.3,84,0.1,11.3,329
2026-02-21T16:00,25.5,88,4.2,8.8,355
2026-02-21T17:00,25.7,93,0.5,7.7,319
2026-02-21T18:00,24.9,95,3.4,11.0,354
2026-02-21T19:00,25.0,96,3.0,5.4,352
2026-02-21T20:00,24.6,97,2.2,4.0,93
2026-02-21T21:00,23.9,98,4.0,5.9,140
2026-02-21T22:00,23.8,99,4.3,7.2,167
2026-02-21T23:00,24.1,98,5.0,3.8,155
2026-02-22T00:00,24.2,95,1.8,4.6,169
2026-02-22T01:00,23.9,96,2.2,1.8,90
2026-02-22T02:00,23.6,98,1.6,5.0,109
2026-02-22T03:00,23.4,98,1.7,5.8,95
2026-02-22T04:00,23.4,97,1.8,2.4,197
2026-02-22T05:00,23.2,98,1.8,4.5,40
2026-02-22T06:00,23.5,96,0.2,3.2,93
2026-02-22T07:00,24.0,94,0.2,3.2,71
2026-02-22T08:00,25.0,92,0.1,3.3,22
2026-02-22T09:00,26.5,85,0.0,6.0,339
2026-02-22T10:00,27.4,80,0.2,11.7,315
2026-02-22T11:00,28.5,75,0.4,11.2,320
2026-02-22T12:00,28.6,74,0.1,14.1,312
2026-02-22T13:00,28.5,75,0.3,15.7,314
2026-02-22T14:00,28.3,76,0.5,16.0,317
2026-02-22T15:00,27.7,77,0.8,14.9,324
2026-02-22T16:00,27.4,78,0.8,14.7,327
2026-02-22T17:00,27.6,80,0.2,9.9,295
2026-02-22T18:00,26.9,83,0.1,9.5,295
2026-02-22T19:00,26.7,85,0.1,9.0,301
2026-02-22T20:00,26.6,86,0.0,8.1,309
2026-02-22T21:00,26.2,88,0.0,6.6,334
2026-02-22T22:00,25.5,92,0.0,6.3,360
2026-02-22T23:00,25.2,93,0.1,6.1,32
2026-02-23T00:00,24.7,94,0.0,4.8,48
2026-02-23T01:00,24.2,95,0.0,4.1,61
2026-02-23T02:00,23.9,95,0.0,2.1,75
2026-02-23T03:00,23.8,95,0.0,2.2,48
2026-02-23T04:00,23.9,95,0.0,3.2,341
2026-02-23T05:00,24.1,95,0.0,3.1,3
2026-02-23T06:00,24.4,95,0.0,3.1,350
2026-02-23T07:00,25.5,93,0.0,4.2,5
2026-02-23T08:00,26.9,87,0.1,6.5,332
2026-02-23T09:00,27.9,79,0.3,10.4,318
2026-02-23T10:00,28.3,76,0.2,12.9,310
2026-02-23T11:00,29.3,70,0.1,10.5,309
2026-02-23T12:00,29.1,71,0.0,12.9,305
2026-02-23T13:00,28.7,74,0.0,14.1,310
2026-02-23T14:00,28.7,74,0.1,14.7,310
2026-02-23T15:00,28.3,76,0.1,14.5,309
2026-02-23T16:00,27.9,77,0.0,13.3,311
2026-02-23T17:00,28.0,78,0.0,11.2,320
2026-02-23T18:00,27.2,82,0.0,8.9,324
2026-02-23T19:00,26.8,85,0.0,9.1,328
2026-02-23T20:00,26.4,88,0.0,8.1,332
2026-02-23T21:00,26.1,90,0.0,7.0,331
2026-02-23T22:00,25.7,93,0.0,3.4,360
2026-02-23T23:00,25.5,93,0.0,3.0,25
2026-02-24T00:00,25.3,95,0.0,5.5,32
2026-02-24T01:00,24.7,96,0.0,6.2,38
2026-02-24T02:00,24.4,97,0.0,5.2,41
2026-02-24T03:00,24.0,98,0.0,3.1,54
2026-02-24T04:00,23.7,99,0.0,2.9,86
2026-02-24T05:00,23.8,98,0.0,1.5,120
2026-02-24T06:00,23.7,99,0.0,3.1,126
2026-02-24T07:00,24.4,98,0.0,3.6,108
2026-02-24T08:00,26.1,90,0.0,3.8,82
2026-02-24T09:00,27.7,81,0.0,3.6,20
2026-02-24T10:00,29.2,72,0.1,4.8,326
2026-02-24T11:00,29.6,70,0.0,8.1,301
2026-02-24T12:00,29.6,70,0.1,11.5,305
2026-02-24T13:00,29.5,71,0.0,13.2,307
2026-02-24T14:00,29.5,69,0.0,12.3,301
2026-02-24T15:00,29.3,65,0.0,11.4,294
2026-02-24T16:00,28.9,65,0.0,11.2,302
2026-02-24T17:00,28.2,76,0.0,10.3,297
2026-02-24T18:00,27.2,84,0.0,8.5,288
2026-02-24T19:00,26.8,87,0.0,4.7,274
2026-02-24T20:00,26.3,91,0.0,1.9,253
2026-02-24T21:00,26.0,92,0.0,0.9,101
2026-02-24T22:00,25.6,93,0.0,0.6,108
2026-02-24T23:00,25.4,94,0.0,1.6,207
2026-02-25T00:00,25.5,94,0.0,0.8,225
2026-02-25T01:00,25.0,96,0.0,0.3,45
2026-02-25T02:00,24.5,97,0.0,2.0,45
2026-02-25T03:00,24.0,99,0.0,4.1,52
2026-02-25T04:00,23.6,99,0.0,4.8,61
2026-02-25T05:00,23.7,98,0.0,5.1,84
2026-02-25T06:00,23.7,97,0.0,4.0,90
2026-02-25T07:00,24.7,94,0.0,4.2,102
2026-02-25T08:00,26.5,88,0.0,3.5,111
2026-02-25T09:00,28.3,79,0.0,2.0,90
2026-02-25T10:00,29.6,69,0.0,2.4,306
2026-02-25T11:00,30.7,60,0.0,6.2,306
2026-02-25T12:00,30.8,59,0.0,9.4,293
2026-02-25T13:00,30.1,68,0.1,12.0,291
2026-02-25T14:00,29.8,63,0.0,13.5,297
2026-02-25T15:00,30.1,54,0.0,13.5,297
2026-02-25T16:00,29.3,59,0.0,13.2,294
2026-02-25T17:00,28.7,69,0.0,12.9,290
2026-02-25T18:00,27.5,77,0.0,11.5,299
2026-02-25T19:00,27.3,79,0.0,11.8,310
2026-02-25T20:00,27.0,83,0.0,11.2,314
2026-02-25T21:00,26.8,85,0.0,6.8,338
2026-02-25T22:00,25.5,85,1.3,4.4,9
2026-02-25T23:00,25.5,94,1.0,2.2,55
2026-02-26T00:00,25.3,96,0.0,3.6,27
2026-02-26T01:00,25.1,96,0.0,3.7,23
2026-02-26T02:00,25.0,96,0.0,5.4,356
2026-02-26T03:00,24.9,94,0.0,8.9,328
2026-02-26T04:00,24.8,91,0.0,8.9,342
2026-02-26T05:00,24.4,93,0.0,5.9,340
2026-02-26T06:00,24.3,93,0.0,4.4,7
2026-02-26T07:00,25.4,86,0.0,4.0,21
2026-02-26T08:00,27.0,78,0.0,5.6,338
2026-02-26T09:00,28.6,71,0.0,6.9,323
2026-02-26T10:00,29.9,63,0.0,9.8,316
2026-02-26T11:00,31.1,57,0.0,10.4,312
2026-02-26T12:00,31.6,54,0.0,13.8,299
2026-02-26T13:00,31.0,55,0.0,15.3,295
2026-02-26T14:00,30.6,58,0.0,16.0,296
2026-02-26T15:00,30.0,63,0.0,15.9,293
2026-02-26T16:00,29.5,65,0.0,15.3,292
2026-02-26T17:00,29.1,69,0.0,14.1,291
2026-02-26T18:00,28.2,73,0.0,10.4,290
2026-02-26T19:00,27.8,74,0.0,5.1,302
2026-02-26T20:00,27.0,79,0.0,6.9,121
2026-02-26T21:00,25.7,83,0.0,7.3,138
2026-02-26T22:00,25.2,84,0.0,4.3,138
2026-02-26T23:00,25.2,84,0.0,5.7,167
2026-02-27T00:00,25.1,85,0.0,4.1,167
2026-02-27T01:00,24.8,86,0.0,2.6,129
2026-02-27T02:00,24.3,86,0.0,4.7,122
2026-02-27T03:00,24.0,86,0.0,5.2,131
2026-02-27T04:00,23.8,86,0.0,3.4,133
2026-02-27T05:00,23.7,87,0.0,6.1,135
2026-02-27T06:00,23.7,88,0.0,6.2,123
2026-02-27T07:00,25.1,84,0.0,5.2,119
2026-02-27T08:00,27.1,78,0.0,4.0,141
2026-02-27T09:00,28.9,68,0.1,4.0,234
2026-02-27T10:00,29.8,62,0.1,7.0,258
2026-02-27T11:00,30.4,60,0.1,7.8,274
2026-02-27T12:00,30.7,59,0.0,9.8,278
2026-02-27T13:00,30.7,60,0.0,11.1,287
2026-02-27T14:00,30.7,60,0.0,12.3,285
2026-02-27T15:00,30.2,63,0.0,13.9,290
2026-02-27T16:00,29.4,63,0.0,14.1,280
2026-02-27T17:00,29.1,65,0.0,12.3,301
2026-02-27T18:00,28.2,73,0.0,11.4,296
2026-02-27T19:00,28.0,76,0.0,8.5,295
2026-02-27T20:00,27.9,77,0.0,6.2,280
2026-02-27T21:00,27.3,72,0.4,2.0,63
2026-02-27T22:00,26.0,81,0.1,0.7,90
2026-02-27T23:00,25.2,87,0.0,3.5,165
2026-02-28T00:00,25.1,87,0.0,3.7,145
2026-02-28T01:00,24.8,88,0.0,4.7,137
2026-02-28T02:00,24.5,89,0.0,2.7,113
2026-02-28T03:00,24.4,89,0.0,3.9,114
2026-02-28T04:00,24.1,91,0.0,5.4,116
2026-02-28T05:00,23.6,82,0.0,6.9,163
2026-02-28T06:00,23.6,85,0.0,7.9,156
2026-02-28T07:00,24.9,79,0.0,6.5,146
2026-02-28T08:00,27.2,70,0.0,6.1,161
2026-02-28T09:00,29.1,62,0.0,7.0,176
2026-02-28T10:00,30.5,57,0.0,7.5,190
2026-02-28T11:00,31.2,53,0.1,5.8,216
2026-02-28T12:00,32.0,49,0.2,6.6,244
2026-02-28T13:00,31.6,53,0.3,9.0,254
2026-02-28T14:00,31.4,54,0.1,11.3,250
2026-02-28T15:00,30.7,56,0.0,12.4,244
2026-02-28T16:00,29.3,65,0.8,14.7,248
2026-02-28T17:00,29.3,65,0.0,9.2,272
2026-02-28T18:00,28.3,70,0.0,8.3,264
2026-02-28T19:00,27.9,71,0.0,0.4,297
2026-02-28T20:00,24.4,81,0.7,11.6,129
2026-02-28T21:00,25.3,76,0.0,1.0,45
2026-02-28T22:00,24.8,81,0.0,6.4,151
2026-02-28T23:00,24.8,85,0.0,5.4,138
2026-03-01T00:00,24.7,87,0.0,7.0,134
2026-03-01T01:00,24.4,88,0.0,6.1,140
2026-03-01T02:00,24.1,89,0.0,6.0,141
2026-03-01T03:00,23.7,91,0.0,6.3,143
2026-03-01T04:00,23.4,92,0.0,6.7,136
2026-03-01T05:00,23.9,93,0.0,3.1,140
2026-03-01T06:00,23.9,92,0.0,2.8,145
2026-03-01T07:00,25.0,86,0.0,3.9,124
2026-03-01T08:00,27.1,75,0.0,4.2,160
2026-03-01T09:00,29.0,65,0.0,4.4,201
2026-03-01T10:00,30.3,56,0.0,5.0,232
2026-03-01T11:00,30.9,50,0.0,7.0,257
2026-03-01T12:00,30.5,55,0.3,10.5,262
2026-03-01T13:00,29.8,61,0.7,12.9,254
2026-03-01T14:00,29.6,62,0.4,11.0,264
2026-03-01T15:00,29.4,64,0.0,11.4,264
2026-03-01T16:00,29.0,66,0.0,12.5,264
2026-03-01T17:00,28.8,69,0.0,10.3,289
2026-03-01T18:00,28.2,71,0.0,8.7,294
2026-03-01T19:00,28.1,69,0.0,6.3,309
2026-03-01T20:00,27.7,70,0.0,5.4,300
2026-03-01T21:00,26.9,75,0.0,1.1,189
2026-03-01T22:00,26.1,81,0.0,6.1,148
2026-03-01T23:00,25.5,88,0.0,7.3,150
2026-03-02T00:00,24.7,91,0.0,8.2,147
2026-03-02T01:00,24.2,90,0.0,8.3,146
2026-03-02T02:00,24.0,88,0.0,7.5,134
2026-03-02T03:00,23.8,87,0.0,7.6,126
2026-03-02T04:00,23.4,89,0.0,8.1,114
2026-03-02T05:00,22.7,92,0.0,6.1,109
2026-03-02T06:00,22.3,93,0.0,7.5,107
2026-03-02T07:00,23.8,85,0.0,6.4,112
2026-03-02T08:00,27.0,73,0.0,4.8,132
2026-03-02T09:00,29.2,62,0.0,5.0,182
2026-03-02T10:00,30.5,53,0.0,5.7,226
2026-03-02T11:00,31.2,50,0.0,7.5,253
2026-03-02T12:00,31.7,49,0.0,9.8,263
2026-03-02T13:00,30.8,53,0.0,15.1,255
2026-03-02T14:00,30.7,52,0.0,13.6,252
2026-03-02T15:00,30.6,51,0.0,11.9,264
2026-03-02T16:00,30.2,44,0.0,11.9,271
2026-03-02T17:00,29.6,45,0.0,11.2,292
2026-03-02T18:00,28.7,50,0.0,9.3,302
2026-03-02T19:00,28.5,52,0.0,6.5,298
2026-03-02T20:00,27.4,60,0.0,1.0,239
2026-03-02T21:00,26.5,62,0.0,1.9,158
2026-03-02T22:00,25.8,66,0.0,4.2,168
2026-03-02T23:00,25.3,70,0.0,5.2,153
2026-03-03T00:00,24.6,72,0.0,6.3,145
2026-03-03T01:00,23.9,70,0.0,9.0,149
2026-03-03T02:00,23.4,73,0.0,7.4,135
2026-03-03T03:00,22.8,78,0.0,6.2,123
2026-03-03T04:00,22.4,83,0.0,6.2,128
2026-03-03T05:00,22.3,86,0.0,5.9,128
2026-03-03T06:00,22.0,88,0.0,5.6,112
2026-03-03T07:00,23.5,81,0.0,6.0,111
2026-03-03T08:00,26.5,69,0.0,5.2,158
2026-03-03T09:00,28.8,60,0.0,7.8,184
2026-03-03T10:00,30.3,49,0.0,7.6,211
2026-03-03T11:00,30.8,47,0.0,10.2,233
2026-03-03T12:00,30.4,50,0.1,12.4,228
2026-03-03T13:00,30.0,52,0.1,11.6,217
2026-03-03T14:00,30.1,52,0.0,14.4,223
2026-03-03T15:00,30.0,53,0.0,15.2,229
2026-03-03T16:00,29.1,56,0.0,14.5,231
2026-03-03T17:00,29.0,55,0.0,10.9,234
2026-03-03T18:00,28.2,57,0.0,7.8,265
2026-03-03T19:00,28.1,59,0.0,6.1,268
2026-03-03T20:00,27.7,62,0.0,3.3,299
2026-03-03T21:00,27.1,64,0.0,2.1,59
2026-03-03T22:00,26.2,70,0.0,4.8,132
2026-03-03T23:00,25.6,78,0.0,6.5,146
2026-03-04T00:00,25.1,81,0.0,6.9,143
2026-03-04T01:00,24.7,82,0.0,7.5,136
2026-03-04T02:00,24.4,82,0.0,6.7,126
2026-03-04T03:00,24.0,84,0.0,6.0,117
2026-03-04T04:00,23.5,85,0.0,6.0,107
2026-03-04T05:00,23.0,90,0.0,6.4,115
2026-03-04T06:00,22.9,89,0.0,6.4,119
2026-03-04T07:00,24.4,79,0.0,5.6,111
2026-03-04T08:00,27.4,63,0.0,6.0,115
2026-03-04T09:00,29.6,53,0.0,5.2,134
2026-03-04T10:00,31.3,46,0.0,2.5,172
2026-03-04T11:00,32.4,41,0.0,7.3,237
2026-03-04T12:00,31.5,50,0.0,15.9,250
2026-03-04T13:00,31.0,50,0.0,16.6,248
2026-03-04T14:00,30.6,52,0.0,16.0,253
2026-03-04T15:00,30.1,55,0.0,14.3,264
2026-03-04T16:00,29.6,56,0.0,12.7,262
2026-03-04T17:00,29.4,59,0.0,10.1,248
2026-03-04T18:00,28.4,66,0.0,8.7,240
2026-03-04T19:00,28.0,68,0.0,6.2,253
2026-03-04T20:00,27.9,69,0.0,4.5,256
2026-03-04T21:00,27.6,70,0.0,2.9,270
2026-03-04T22:00,27.1,73,0.0,1.2,309
2026-03-04T23:00,26.7,76,0.0,3.3,6
2026-03-05T00:00,26.5,78,0.1,3.1,40
2026-03-05T01:00,26.2,80,0.0,1.8,127
2026-03-05T02:00,25.9,81,0.0,2.9,150
2026-03-05T03:00,25.5,83,0.0,3.3,139
2026-03-05T04:00,25.0,85,0.0,3.3,135
2026-03-05T05:00,24.5,88,0.0,4.2,115
2026-03-05T06:00,24.4,88,0.0,4.0,129
2026-03-05T07:00,25.9,79,0.0,4.0,141
2026-03-05T08:00,28.0,68,0.0,3.5,159
2026-03-05T09:00,29.9,59,0.0,3.2,196
2026-03-05T10:00,31.5,52,0.0,5.2,250
2026-03-05T11:00,32.3,48,0.1,9.9,265
2026-03-05T12:00,30.7,59,0.2,14.3,264
2026-03-05T13:00,30.4,61,0.2,12.7,264
2026-03-05T14:00,30.4,61,0.2,13.0,271
2026-03-05T15:00,29.6,66,0.1,12.8,273
2026-03-05T16:00,29.3,66,0.0,13.2,277
2026-03-05T17:00,29.0,70,0.0,10.8,285
2026-03-05T18:00,28.4,72,0.0,9.8,284
2026-03-05T19:00,28.0,74,0.0,7.0,283
2026-03-05T20:00,27.9,75,0.0,4.3,292
2026-03-05T21:00,27.7,75,0.0,2.7,307
2026-03-05T22:00,27.4,77,0.0,0.6,34
2026-03-05T23:00,26.9,78,0.1,4.3,123
2026-03-06T00:00,26.2,82,0.0,6.8,151
2026-03-06T01:00,25.5,88,0.0,7.7,155
2026-03-06T02:00,25.0,90,0.0,6.6,154
2026-03-06T03:00,24.8,91,0.0,5.9,145
2026-03-06T04:00,24.8,91,0.0,5.8,160
2026-03-06T05:00,24.5,89,0.5,3.9,114
2026-03-06T06:00,24.7,88,0.1,5.2,131
2026-03-06T07:00,26.0,82,0.0,3.6,186
2026-03-06T08:00,27.4,74,0.4,8.0,211
2026-03-06T09:00,29.3,63,0.1,6.4,223
2026-03-06T10:00,30.3,58,0.0,9.3,245
2026-03-06T11:00,30.6,58,0.1,8.9,257
2026-03-06T12:00,30.6,59,0.1,11.3,257
2026-03-06T13:00,30.2,61,0.0,12.1,258
2026-03-06T14:00,30.4,60,0.0,12.3,259
2026-03-06T15:00,29.8,62,0.1,13.8,261
2026-03-06T16:00,29.4,64,0.0,12.5,264
2026-03-06T17:00,29.0,66,0.0,11.3,263
2026-03-06T18:00,28.7,66,0.0,10.8,260
2026-03-06T19:00,27.9,72,0.2,10.1,250
2026-03-06T20:00,27.8,71,0.1,6.3,243
2026-03-06T21:00,27.2,74,0.0,6.6,217
2026-03-06T22:00,27.0,76,0.0,6.0,197
2026-03-06T23:00,26.7,81,0.0,4.4,168
2026-03-07T00:00,26.3,84,0.0,5.9,169
2026-03-07T01:00,25.7,88,0.0,5.8,154
2026-03-07T02:00,25.1,91,0.0,5.5,136
2026-03-07T03:00,24.5,94,0.0,5.2,131
2026-03-07T04:00,24.2,94,0.0,5.6,121
2026-03-07T05:00,24.3,93,0.0,7.9,114
2026-03-07T06:00,24.2,92,0.0,6.4,106
2026-03-07T07:00,25.8,83,0.0,5.0,125
2026-03-07T08:00,27.9,74,0.0,3.9,158
2026-03-07T09:00,29.9,63,0.0,4.3,225
2026-03-07T10:00,31.2,55,0.0,7.5,250
2026-03-07T11:00,31.4,53,0.0,10.7,263
2026-03-07T12:00,31.3,55,0.0,13.2,265
2026-03-07T13:00,30.8,56,0.0,13.5,267
2026-03-07T14:00,31.1,56,0.0,14.4,266
2026-03-07T15:00,30.5,60,0.0,16.4,266
2026-03-07T16:00,29.8,63,0.0,14.2,269
2026-03-07T17:00,29.4,65,0.0,12.1,273
2026-03-07T18:00,28.8,69,0.0,8.5,271
2026-03-07T19:00,28.6,71,0.1,8.0,279
2026-03-07T20:00,28.6,70,0.1,7.2,289
2026-03-07T21:00,28.2,72,0.0,0.6,288
2026-03-07T22:00,26.8,79,0.1,8.4,165
2026-03-07T23:00,26.2,83,0.0,6.9,150
2026-03-08T00:00,25.8,83,0.0,5.9,149
2026-03-08T01:00,25.4,85,0.0,5.1,129
2026-03-08T02:00,24.9,87,0.0,5.9,128
2026-03-08T03:00,24.4,89,0.0,5.5,117
2026-03-08T04:00,24.2,90,0.0,5.9,130
2026-03-08T05:00,24.5,89,0.0,5.8,95
2026-03-08T06:00,24.3,89,0.0,3.9,77
2026-03-08T07:00,26.0,80,0.0,2.9,86
2026-03-08T08:00,28.4,69,0.0,2.6,124
2026-03-08T09:00,30.4,57,0.0,2.2,185
2026-03-08T10:00,32.2,47,0.0,4.0,234
2026-03-08T11:00,33.2,42,0.0,7.5,262
2026-03-08T12:00,32.2,54,0.0,15.3,261
2026-03-08T13:00,30.5,60,0.0,18.3,252
2026-03-08T14:00,31.3,59,0.0,15.7,251
2026-03-08T15:00,30.2,62,0.6,17.8,244
2026-03-08T16:00,29.5,68,0.0,15.0,243
2026-03-08T17:00,29.0,67,0.0,12.3,275
2026-03-08T18:00,28.5,69,0.0,10.4,287
2026-03-08T19:00,28.7,68,0.0,8.6,300
2026-03-08T20:00,28.0,68,0.2,2.1,142
2026-03-08T21:00,26.0,79,0.0,9.4,148
2026-03-08T22:00,25.7,79,0.0,8.6,154
2026-03-08T23:00,25.9,76,0.0,7.9,159
2026-03-09T00:00,25.4,80,0.0,6.9,152
2026-03-09T01:00,25.2,80,0.0,5.5,153
2026-03-09T02:00,24.9,82,0.0,4.6,159
2026-03-09T03:00,24.5,84,0.0,3.9,137
2026-03-09T04:00,24.2,86,0.0,4.8,115
2026-03-09T05:00,23.8,95,0.0,3.5,75
2026-03-09T06:00,23.7,96,0.0,5.9,72
2026-03-09T07:00,25.0,89,0.0,5.1,72
2026-03-09T08:00,27.7,72,0.0,3.1,80
2026-03-09T09:00,29.6,62,0.0,2.2,185
2026-03-09T10:00,31.2,51,0.0,4.0,216
2026-03-09T11:00,32.1,46,0.0,5.6,228
2026-03-09T12:00,31.8,55,0.0,12.2,239
2026-03-09T13:00,30.7,62,0.0,17.0,249
2026-03-09T14:00,30.4,58,0.0,17.1,245
2026-03-09T15:00,30.0,61,0.0,15.0,247
2026-03-09T16:00,29.3,62,0.0,13.1,262
2026-03-09T17:00,26.4,77,0.0,11.1,256
2026-03-09T18:00,25.7,79,0.0,11.9,235
2026-03-09T19:00,26.0,79,0.0,7.8,236
2026-03-09T20:00,26.2,82,0.0,9.3,199
2026-03-09T21:00,26.0,81,0.0,8.8,175
2026-03-09T22:00,25.6,84,0.0,5.9,149
2026-03-09T23:00,25.5,87,0.0,4.6,121
2026-03-10T00:00,25.0,89,0.0,4.2,100
2026-03-10T01:00,24.5,91,0.0,4.4,69
2026-03-10T02:00,24.1,92,0.0,5.6,48
2026-03-10T03:00,23.7,93,0.0,3.8,59
2026-03-10T04:00,23.5,93,0.0,3.5,55
2026-03-10T05:00,24.2,87,0.0,6.5,51
2026-03-10T06:00,24.1,85,0.0,4.6,42
2026-03-10T07:00,25.4,75,0.0,4.3,24
2026-03-10T08:00,28.0,61,0.0,4.2,10
2026-03-10T09:00,30.0,54,0.0,4.4,300
2026-03-10T10:00,31.2,48,0.0,7.7,269
2026-03-10T11:00,31.7,50,0.0,9.9,248
2026-03-10T12:00,31.2,54,0.0,13.0,253
2026-03-10T13:00,31.2,54,0.0,12.6,260
2026-03-10T14:00,31.0,53,0.0,14.2,270
2026-03-10T15:00,30.7,54,0.0,14.6,274
2026-03-10T16:00,30.4,54,0.0,14.4,271
2026-03-10T17:00,30.2,56,0.0,11.9,268
2026-03-10T18:00,28.9,60,0.0,10.2,277
2026-03-10T19:00,28.6,60,0.0,4.4,258
2026-03-10T20:00,28.5,60,0.0,5.6,228
2026-03-10T21:00,28.5,61,0.0,8.0,222
2026-03-10T22:00,27.9,66,0.0,9.8,203
2026-03-10T23:00,27.9,65,0.0,7.2,212
2026-03-11T00:00,27.5,69,0.0,8.7,218
2026-03-11T01:00,27.2,72,0.0,7.7,205
2026-03-11T02:00,26.4,78,0.0,3.5,168
2026-03-11T03:00,25.6,81,0.0,5.3,98
2026-03-11T04:00,25.1,81,0.0,5.5,67
2026-03-11T05:00,25.3,81,0.0,5.6,27
2026-03-11T06:00,25.1,81,0.0,4.2,36
2026-03-11T07:00,26.0,74,0.0,4.9,36
2026-03-11T08:00,28.6,63,0.0,6.2,21
2026-03-11T09:00,30.6,55,0.0,6.5,352
2026-03-11T10:00,32.2,48,0.0,8.3,318
2026-03-11T11:00,33.0,44,0.2,10.8,308
2026-03-11T12:00,32.6,50,0.1,15.9,297
2026-03-11T13:00,31.7,55,0.0,18.4,297
2026-03-11T14:00,31.7,55,0.0,18.4,299
2026-03-11T15:00,31.6,56,0.0,18.0,303
2026-03-11T16:00,30.6,63,0.0,16.1,304
2026-03-11T17:00,30.0,68,0.0,15.1,292
2026-03-11T18:00,29.1,76,0.0,13.8,277
2026-03-11T19:00,28.9,78,0.0,8.8,268
2026-03-11T20:00,23.9,90,0.9,21.9,152
2026-03-11T21:00,24.9,85,0.1,11.3,163
2026-03-11T22:00,24.8,86,0.0,4.6,149
2026-03-11T23:00,25.4,86,0.0,5.2,96
2026-03-12T00:00,25.4,87,0.0,3.3,103
2026-03-12T01:00,25.3,88,0.0,3.3,96
2026-03-12T02:00,25.1,89,0.0,3.3,96
2026-03-12T03:00,24.8,91,0.0,2.6,56
2026-03-12T04:00,24.8,90,0.0,6.2,10
2026-03-12T05:00,25.3,88,0.0,3.8,73
2026-03-12T06:00,24.5,88,0.7,7.1,47
2026-03-12T07:00,25.9,81,0.0,5.8,39
2026-03-12T08:00,28.3,71,0.0,5.2,22
2026-03-12T09:00,30.0,65,0.0,6.2,343
2026-03-12T10:00,31.2,59,0.1,9.0,313
2026-03-12T11:00,31.5,59,0.0,12.2,295
2026-03-12T12:00,30.1,65,1.1,13.3,295
2026-03-12T13:00,30.5,63,0.1,13.5,289
2026-03-12T14:00,30.6,63,0.0,14.4,282
2026-03-12T15:00,30.0,66,0.0,14.7,281
2026-03-12T16:00,29.6,66,0.0,13.0,280
2026-03-12T17:00,29.3,71,0.4,13.7,291
2026-03-12T18:00,28.3,75,0.0,8.1,252
2026-03-12T19:00,24.6,88,1.0,10.7,145
2026-03-12T20:00,24.6,89,0.1,3.2,133
2026-03-12T21:00,24.6,89,0.0,4.9,82
2026-03-12T22:00,24.5,90,0.0,3.7,55
2026-03-12T23:00,25.2,91,0.0,4.8,151
2026-03-13T00:00,25.1,91,0.0,5.2,136
2026-03-13T01:00,24.5,91,0.1,6.6,159
2026-03-13T02:00,23.6,89,0.4,9.3,144
2026-03-13T03:00,22.8,95,2.8,7.4,103
2026-03-13T04:00,22.9,96,1.4,6.4,128
2026-03-13T05:00,23.3,96,0.7,1.2,63
2026-03-13T06:00,23.8,97,0.8,7.8,105
2026-03-13T07:00,24.5,91,0.0,7.9,114
2026-03-13T08:00,25.7,86,0.0,3.2,153
2026-03-13T09:00,27.2,78,0.0,2.5,90
2026-03-13T10:00,29.2,71,0.0,1.7,257
2026-03-13T11:00,29.9,69,0.0,7.6,301
2026-03-13T12:00,30.4,63,0.0,9.8,300
2026-03-13T13:00,30.0,65,0.0,12.0,298
2026-03-13T14:00,30.4,63,0.0,13.2,294
2026-03-13T15:00,29.1,70,0.9,12.6,284
2026-03-13T16:00,28.6,73,0.1,6.1,265
2026-03-13T17:00,26.9,78,0.2,11.9,214
2026-03-13T18:00,23.8,97,4.3,6.3,108
2026-03-13T19:00,24.1,94,1.5,8.9,45
2026-03-13T20:00,24.2,94,0.2,6.0,83
2026-03-13T21:00,24.4,91,0.0,4.5,88
2026-03-13T22:00,24.5,91,0.1,5.6,163
2026-03-13T23:00,24.8,85,0.2,7.1,146
2026-03-14T00:00,24.1,94,0.2,8.0,110
2026-03-14T01:00,23.6,93,0.6,7.4,135
2026-03-14T02:00,22.8,97,2.1,7.3,44
2026-03-14T03:00,22.7,97,3.3,5.0,52
2026-03-14T04:00,22.7,96,6.8,6.4,27
2026-03-14T05:00,23.1,96,6.2,3.8,95
2026-03-14T06:00,23.2,95,0.0,11.3,68
2026-03-14T07:00,23.5,93,0.0,10.0,49
2026-03-14T08:00,24.0,89,0.1,5.5,54
2026-03-14T09:00,25.8,87,0.1,5.8,60
2026-03-14T10:00,28.1,73,0.0,5.6,65
2026-03-14T11:00,29.6,65,0.0,1.3,34
2026-03-14T12:00,30.5,64,0.0,5.6,303
2026-03-14T13:00,30.1,67,0.7,10.2,300
2026-03-14T14:00,28.0,75,0.0,10.9,354
2026-03-14T15:00,28.8,73,0.0,5.0,330
2026-03-14T16:00,28.0,76,0.2,3.4,133
2026-03-14T17:00,29.2,69,0.0,2.3,331
2026-03-14T18:00,27.2,79,0.0,6.8,140
2026-03-14T19:00,25.8,87,0.0,6.2,44
2026-03-14T20:00,25.2,90,0.0,3.8,73
2026-03-14T21:00,24.8,91,0.0,4.0,95
2026-03-14T22:00,24.4,92,0.0,3.6,57
2026-03-14T23:00,24.5,94,0.0,1.8,45
2026-03-15T00:00,24.2,96,0.0,2.0,45
2026-03-15T01:00,24.0,95,0.0,4.0,72
2026-03-15T02:00,23.8,94,0.0,3.3,77
2026-03-15T03:00,23.6,94,0.0,4.1,77
2026-03-15T04:00,23.3,95,0.0,5.1,67
2026-03-15T05:00,23.8,92,0.0,3.3,49
2026-03-15T06:00,23.8,92,0.0,5.1,63
2026-03-15T07:00,24.7,90,0.0,3.8,73
2026-03-15T08:00,26.8,82,0.0,2.5,98
2026-03-15T09:00,28.7,72,0.0,1.7,131
2026-03-15T10:00,29.9,65,0.0,2.6,254
2026-03-15T11:00,30.4,64,0.0,6.3,277
2026-03-15T12:00,30.5,63,0.0,8.8,269
2026-03-15T13:00,30.5,62,0.0,10.3,268
2026-03-15T14:00,30.3,64,0.0,12.8,269
2026-03-15T15:00,29.7,67,0.0,10.1,274
2026-03-15T16:00,29.3,68,0.0,8.2,261
2026-03-15T17:00,29.1,74,0.0,6.0,260
2026-03-15T18:00,28.3,82,0.0,6.0,277
2026-03-15T19:00,27.9,83,0.0,5.8,292
2026-03-15T20:00,26.4,83,0.5,5.9,128
2026-03-15T21:00,23.9,97,0.1,6.0,111
2026-03-15T22:00,24.5,94,0.0,7.4,47
2026-03-15T23:00,24.5,96,0.0,4.7,67
2026-03-16T00:00,24.6,94,0.0,2.0,85
2026-03-16T01:00,24.4,96,0.0,2.8,105
2026-03-16T02:00,24.3,96,0.0,3.6,108
2026-03-16T03:00,24.1,96,0.0,4.0,90
2026-03-16T04:00,23.8,96,0.0,4.6,77
2026-03-16T05:00,24.3,94,0.0,3.6,120
2026-03-16T06:00,24.3,95,0.0,1.8,45
2026-03-16T07:00,25.7,90,0.0,3.0,52
2026-03-16T08:00,27.5,82,0.0,2.2,85
2026-03-16T09:00,29.0,74,0.0,0.4,153
2026-03-16T10:00,30.1,66,0.0,2.5,270
2026-03-16T11:00,30.9,62,0.1,5.3,282
2026-03-16T12:00,31.0,61,0.1,9.1,284
2026-03-16T13:00,30.4,65,0.1,12.5,277
2026-03-16T14:00,30.5,63,0.0,14.0,269
2026-03-16T15:00,30.2,65,0.0,15.0,264
2026-03-16T16:00,29.6,67,0.0,14.4,258
2026-03-16T17:00,29.5,68,0.0,14.6,251
2026-03-16T18:00,28.5,73,0.0,9.1,236
2026-03-16T19:00,28.1,76,0.0,8.6,213
2026-03-16T20:00,27.3,80,0.1,5.7,171
2026-03-16T21:00,26.8,86,0.0,2.1,149
2026-03-16T22:00,26.2,89,0.0,5.2,90
2026-03-16T23:00,25.8,89,0.0,6.3,72
2026-03-17T00:00,25.2,92,0.0,4.9,33
2026-03-17T01:00,24.8,94,0.0,5.4,53
2026-03-17T02:00,24.4,95,0.0,6.4,52
2026-03-17T03:00,24.2,94,0.0,5.5,54
2026-03-17T04:00,24.3,91,0.0,5.9,55
2026-03-17T05:00,25.0,93,0.0,0.3,135
2026-03-17T06:00,24.9,94,0.0,2.9,97
2026-03-17T07:00,26.3,85,0.0,4.3,95
2026-03-17T08:00,28.4,74,0.0,1.9,68
2026-03-17T09:00,29.8,66,0.1,3.0,295
2026-03-17T10:00,30.6,62,0.2,4.7,286
2026-03-17T11:00,31.4,57,0.1,4.3,272
2026-03-17T12:00,31.7,56,0.1,7.1,279
2026-03-17T13:00,31.0,62,0.3,10.6,271
2026-03-17T14:00,30.4,66,0.1,9.9,279
2026-03-17T15:00,29.2,69,0.6,12.4,260
2026-03-17T16:00,29.3,70,0.0,7.5,240
2026-03-17T17:00,30.3,62,0.0,9.3,224
2026-03-17T18:00,29.1,69,0.2,9.3,207
2026-03-17T19:00,24.9,86,1.2,12.3,51
2026-03-17T20:00,25.0,85,0.2,2.2,355
2026-03-17T21:00,25.0,86,0.0,6.4,43
2026-03-17T22:00,24.8,87,0.0,8.1,39
2026-03-17T23:00,25.3,86,0.0,7.7,30
2026-03-18T00:00,25.1,86,0.0,7.0,26
2026-03-18T01:00,24.8,87,0.0,5.2,44
2026-03-18T02:00,24.6,88,0.0,5.0,38
2026-03-18T03:00,24.4,89,0.0,5.0,49
2026-03-18T04:00,24.2,91,0.0,5.2,49
2026-03-18T05:00,24.8,87,0.0,4.0,82
2026-03-18T06:00,25.0,86,0.0,5.8,74
2026-03-18T07:00,26.0,80,0.1,6.8,318
2026-03-18T08:00,28.1,68,0.0,2.2,325
2026-03-18T09:00,30.0,61,0.0,5.9,325
2026-03-18T10:00,30.7,59,0.0,8.1,317
2026-03-18T11:00,32.7,47,0.1,4.1,268
2026-03-18T12:00,33.1,48,0.0,9.6,266
2026-03-18T13:00,30.7,61,1.0,13.6,281
2026-03-18T14:00,31.0,62,0.1,13.0,287
2026-03-18T15:00,30.2,67,0.0,12.3,282
2026-03-18T16:00,29.4,69,0.0,5.1,262
2026-03-18T17:00,28.4,69,0.3,8.4,227
2026-03-18T18:00,27.4,74,0.3,5.9,168
2026-03-18T19:00,25.1,84,0.8,10.1,63
2026-03-18T20:00,24.4,89,2.1,1.7,77
2026-03-18T21:00,24.1,92,0.1,8.5,78
2026-03-18T22:00,24.1,90,0.0,3.5,69
2026-03-18T23:00,25.0,91,0.0,4.0,85
2026-03-19T00:00,24.8,92,0.0,4.3,90
2026-03-19T01:00,24.5,94,0.0,2.9,79
2026-03-19T02:00,24.3,96,0.0,2.4,107
2026-03-19T03:00,24.2,96,0.0,3.2,87
2026-03-19T04:00,24.0,96,0.0,4.2,78
2026-03-19T05:00,23.9,96,0.0,2.7,110
2026-03-19T06:00,24.0,96,0.0,3.8,79
2026-03-19T07:00,25.3,87,0.0,5.0,90
2026-03-19T08:00,27.5,76,0.0,2.9,94
2026-03-19T09:00,29.2,70,0.0,1.8,204
2026-03-19T10:00,29.9,67,0.0,7.2,258
2026-03-19T11:00,30.9,62,0.7,7.4,263
2026-03-19T12:00,30.8,64,0.0,11.9,267
2026-03-19T13:00,29.8,67,2.1,8.7,264
2026-03-19T14:00,29.9,67,0.1,11.7,272
2026-03-19T15:00,29.9,65,0.0,11.0,275
2026-03-19T16:00,28.6,69,0.5,7.8,326
2026-03-19T17:00,28.7,73,0.1,5.6,327
2026-03-19T18:00,27.4,78,1.8,3.6,147
2026-03-19T19:00,25.1,92,1.8,8.1,149
2026-03-19T20:00,25.0,92,0.0,8.7,148
2026-03-19T21:00,25.0,93,0.0,7.0,148
2026-03-19T22:00,24.5,92,0.0,7.3,152
2026-03-19T23:00,24.9,89,0.0,7.5,136
2026-03-20T00:00,24.6,89,0.0,7.1,159
2026-03-20T01:00,24.1,91,0.0,6.1,152
2026-03-20T02:00,23.6,92,0.0,4.7,133
2026-03-20T03:00,23.2,93,0.0,5.2,102
2026-03-20T04:00,23.1,93,0.0,4.0,87
2026-03-20T05:00,23.7,94,0.0,5.4,94
2026-03-20T06:00,23.6,94,0.0,5.6,90
2026-03-20T07:00,24.9,89,0.0,4.7,62
2026-03-20T08:00,27.4,77,0.0,3.1,80
2026-03-20T09:00,29.3,66,0.0,4.2,342
2026-03-20T10:00,30.3,62,0.0,3.4,288
2026-03-20T11:00,30.8,63,0.0,6.5,257
2026-03-20T12:00,31.3,62,0.0,9.4,267
2026-03-20T13:00,30.1,68,0.0,11.7,295
2026-03-20T14:00,30.5,65,0.1,9.4,277
2026-03-20T15:00,30.8,63,0.0,10.1,267
2026-03-20T16:00,29.9,68,0.0,10.0,247
2026-03-20T17:00,30.5,62,0.1,8.8,272
2026-03-20T18:00,29.7,66,0.0,4.7,247
2026-03-20T19:00,28.8,72,0.1,3.8,259
2026-03-20T20:00,28.4,74,0.0,3.5,305
2026-03-20T21:00,28.4,74,0.0,1.7,252
2026-03-20T22:00,28.1,76,0.0,2.3,157
2026-03-20T23:00,27.3,81,0.3,4.8,68
2026-03-21T00:00,26.5,85,0.0,2.7,67
2026-03-21T01:00,26.1,87,0.0,2.0,117
2026-03-21T02:00,25.7,91,0.0,4.4,125
2026-03-21T03:00,25.4,93,0.0,5.6,140
2026-03-21T04:00,25.1,93,0.0,5.0,125
2026-03-21T05:00,24.8,88,0.0,3.6,120
2026-03-21T06:00,25.0,86,0.0,2.9,94
2026-03-21T07:00,26.6,78,0.0,2.9,101
2026-03-21T08:00,28.7,70,0.0,2.9,150
2026-03-21T09:00,30.6,60,0.0,2.9,210
2026-03-21T10:00,32.0,54,0.0,4.4,249
2026-03-21T11:00,32.3,52,0.0,7.4,244
2026-03-21T12:00,32.3,54,0.2,8.6,255
2026-03-21T13:00,31.6,59,0.2,9.8,262
2026-03-21T14:00,31.7,60,0.1,11.4,258
2026-03-21T15:00,31.0,61,0.1,10.6,255
2026-03-21T16:00,30.5,63,0.0,7.7,252
2026-03-21T17:00,30.5,64,0.0,7.4,247
2026-03-21T18:00,29.5,69,0.0,9.6,217
2026-03-21T19:00,28.1,77,0.0,10.4,191
2026-03-21T20:00,25.5,86,1.0,12.8,48
2026-03-21T21:00,25.5,85,0.4,2.6,164
2026-03-21T22:00,25.1,88,0.3,6.6,339
2026-03-21T23:00,25.5,90,0.0,3.6,41
2026-03-22T00:00,24.9,91,0.0,6.7,134
2026-03-22T01:00,24.3,91,0.2,7.0,220
2026-03-22T02:00,24.4,90,0.1,4.2,160
2026-03-22T03:00,24.2,93,0.1,1.4,140
2026-03-22T04:00,24.2,92,0.0,3.5,118
2026-03-22T05:00,25.1,96,0.0,4.0,100
2026-03-22T06:00,25.2,94,0.0,4.4,109
2026-03-22T07:00,26.2,86,0.0,3.7,101
2026-03-22T08:00,28.1,75,0.0,2.7,127
2026-03-22T09:00,30.1,64,0.0,1.7,252
2026-03-22T10:00,31.6,57,0.0,5.4,272
2026-03-22T11:00,31.9,56,0.0,7.4,270
2026-03-22T12:00,31.9,56,0.0,9.8,275
2026-03-22T13:00,31.4,60,0.0,11.2,267
2026-03-22T14:00,31.3,59,0.0,10.8,271
2026-03-22T15:00,31.0,61,0.0,12.2,268
2026-03-22T16:00,30.8,61,0.0,13.6,248
2026-03-22T17:00,30.2,66,0.0,10.7,265
2026-03-22T18:00,29.1,70,0.0,6.7,236
2026-03-22T19:00,26.6,80,1.2,8.4,70
2026-03-22T20:00,26.4,82,0.2,4.9,170
2026-03-22T21:00,26.3,83,0.0,3.5,39
2026-03-22T22:00,25.9,87,0.0,4.2,59
2026-03-22T23:00,25.7,90,0.0,5.1,67
2026-03-23T00:00,25.4,91,0.0,6.2,60
2026-03-23T01:00,25.0,92,0.0,5.2,86
2026-03-23T02:00,24.7,92,0.0,4.7,92
2026-03-23T03:00,24.4,92,0.0,4.6,64
2026-03-23T04:00,24.2,93,0.0,4.7,58
2026-03-23T05:00,24.5,90,0.0,6.0,95
2026-03-23T06:00,24.5,88,0.0,4.8,63
2026-03-23T07:00,26.1,80,0.0,4.1,34
2026-03-23T08:00,28.5,72,0.0,3.9,28
2026-03-23T09:00,30.3,65,0.0,4.0,328
2026-03-23T10:00,32.1,54,0.0,4.8,299
2026-03-23T11:00,33.1,46,0.0,6.6,286
2026-03-23T12:00,33.0,51,0.0,9.6,265
2026-03-23T13:00,32.3,58,0.0,13.5,258
2026-03-23T14:00,32.0,59,0.0,13.6,255
2026-03-23T15:00,31.7,59,0.0,15.3,236
2026-03-23T16:00,30.7,63,0.0,14.7,244
2026-03-23T17:00,29.9,68,0.0,12.9,276
2026-03-23T18:00,29.4,71,0.0,11.0,291
2026-03-23T19:00,29.3,73,0.0,11.0,285
2026-03-23T20:00,26.8,80,1.1,8.6,88
2026-03-23T21:00,25.7,86,0.5,2.5,120
2026-03-23T22:00,25.8,87,0.0,7.3,155
2026-03-23T23:00,26.1,87,0.0,5.4,154
2026-03-24T00:00,26.1,88,0.0,5.8,150
2026-03-24T01:00,25.8,88,0.0,6.1,133
2026-03-24T02:00,25.4,89,0.0,6.5,129
2026-03-24T03:00,25.2,90,0.0,6.5,114
2026-03-24T04:00,25.0,90,0.0,6.0,111
2026-03-24T05:00,25.1,90,0.0,7.1,105
2026-03-24T06:00,25.1,91,0.0,7.4,94
2026-03-24T07:00,26.7,82,0.0,5.6,97
2026-03-24T08:00,28.9,72,0.0,4.8,115
2026-03-24T09:00,30.5,64,0.0,2.2,125
2026-03-24T10:00,32.0,56,0.0,2.9,240
2026-03-24T11:00,33.0,48,0.0,6.1,268
2026-03-24T12:00,33.1,50,0.1,9.4,258
2026-03-24T13:00,32.5,57,0.0,11.6,244
2026-03-24T14:00,32.1,58,0.0,12.1,243
2026-03-24T15:00,31.7,59,0.1,13.3,238
2026-03-24T16:00,30.7,62,0.0,12.9,251
2026-03-24T17:00,30.0,65,0.0,12.2,279
2026-03-24T18:00,29.3,65,0.0,8.4,307
2026-03-24T19:00,29.3,68,0.0,2.9,317
2026-03-24T20:00,26.1,80,0.5,12.7,151
2026-03-24T21:00,26.4,79,0.0,4.0,162
2026-03-24T22:00,26.2,81,0.0,4.6,171
2026-03-24T23:00,26.6,82,0.0,3.3,126
2026-03-25T00:00,26.3,83,0.0,4.9,147
2026-03-25T01:00,26.0,84,0.0,5.3,123
2026-03-25T02:00,25.6,86,0.0,5.9,108
2026-03-25T03:00,25.3,87,0.0,5.5,101
2026-03-25T04:00,25.1,88,0.0,4.9,82
2026-03-25T05:00,24.7,91,0.0,5.8,95
2026-03-25T06:00,24.6,91,0.0,6.4,79
2026-03-25T07:00,26.1,82,0.0,4.9,73
2026-03-25T08:00,28.8,69,0.0,5.2,102
2026-03-25T09:00,30.9,60,0.0,4.0,117
2026-03-25T10:00,32.7,51,0.0,1.0,239
2026-03-25T11:00,33.7,44,0.0,7.6,289
2026-03-25T12:00,33.2,51,0.0,12.6,279
2026-03-25T13:00,32.2,57,0.0,14.4,272
2026-03-25T14:00,32.3,56,0.0,13.9,271
2026-03-25T15:00,31.8,58,0.0,13.0,264
2026-03-25T16:00,30.9,62,0.0,14.1,257
2026-03-25T17:00,29.9,64,0.0,9.9,279
2026-03-25T18:00,29.2,71,0.0,8.8,285
2026-03-25T19:00,29.2,74,0.0,5.6,268
2026-03-25T20:00,29.1,73,0.0,4.0,238
2026-03-25T21:00,27.8,77,0.3,5.2,74
2026-03-25T22:00,27.3,79,0.1,5.0,145
2026-03-25T23:00,27.3,80,0.0,5.9,149
2026-03-26T00:00,27.0,82,0.0,4.8,151
2026-03-26T01:00,26.5,84,0.0,5.3,123
2026-03-26T02:00,25.9,87,0.0,6.4,98
2026-03-26T03:00,25.4,88,0.0,5.4,75
2026-03-26T04:00,25.1,89,0.0,5.7,37
2026-03-26T05:00,25.3,90,0.0,5.4,40
2026-03-26T06:00,25.1,89,0.0,7.3,38
2026-03-26T07:00,26.1,79,0.0,7.3,38
2026-03-26T08:00,28.6,65,0.0,7.6,43
2026-03-26T09:00,31.0,53,0.0,5.8,51
2026-03-26T10:00,33.0,44,0.0,1.1,90
2026-03-26T11:00,33.6,42,0.0,7.5,253
2026-03-26T12:00,33.2,49,0.0,13.0,260
2026-03-26T13:00,32.4,53,0.0,13.2,260
2026-03-26T14:00,32.2,53,0.0,13.2,255
2026-03-26T15:00,31.9,54,0.0,13.1,255
2026-03-26T16:00,31.1,61,0.0,11.7,267
2026-03-26T17:00,30.4,64,0.0,11.2,275
2026-03-26T18:00,29.6,70,0.0,8.9,278
2026-03-26T19:00,29.5,66,0.0,7.3,263
2026-03-26T20:00,29.4,64,0.0,6.3,268
2026-03-26T21:00,29.3,65,0.0,5.2,299
2026-03-26T22:00,29.0,69,0.0,5.0,289
2026-03-26T23:00,28.8,71,0.0,5.8,240
2026-03-27T00:00,28.3,75,0.0,5.6,230
2026-03-27T01:00,28.0,76,0.0,5.1,234
2026-03-27T02:00,27.5,79,0.0,2.8,230
2026-03-27T03:00,26.9,84,0.0,1.9,202
2026-03-27T04:00,26.2,89,0.0,1.6,153
2026-03-27T05:00,25.5,91,0.0,7.2,86
2026-03-27T06:00,25.2,90,0.0,6.5,95
2026-03-27T07:00,27.3,79,0.0,4.5,88
2026-03-27T08:00,29.6,68,0.0,3.2,71
2026-03-27T09:00,31.6,58,0.0,0.4,207
2026-03-27T10:00,33.0,51,0.0,4.6,249
2026-03-27T11:00,33.7,46,0.0,8.4,255
2026-03-27T12:00,33.4,47,0.0,11.5,253
2026-03-27T13:00,33.0,50,0.0,13.8,263
2026-03-27T14:00,32.8,51,0.0,13.2,264
2026-03-27T15:00,32.4,53,0.0,14.1,265
2026-03-27T16:00,31.2,61,0.0,15.0,267
2026-03-27T17:00,30.7,68,0.0,13.8,277
2026-03-27T18:00,29.4,73,0.0,12.1,288
2026-03-27T19:00,29.4,71,0.0,8.0,297
2026-03-27T20:00,29.0,72,0.0,6.7,87
2026-03-27T21:00,27.4,75,0.0,6.8,125
2026-03-27T22:00,26.7,77,0.0,4.2,102
2026-03-27T23:00,26.6,78,0.0,3.4,106
2026-03-28T00:00,26.6,77,0.0,3.1,121
2026-03-28T01:00,26.5,78,0.0,2.7,98
2026-03-28T02:00,26.3,79,0.0,2.9,94
2026-03-28T03:00,26.1,82,0.0,5.1,132
2026-03-28T04:00,25.6,86,0.0,5.9,125
2026-03-28T05:00,25.6,87,0.0,3.4,90
2026-03-28T06:00,25.6,87,0.0,4.5,104
2026-03-28T07:00,27.9,74,0.0,3.4,115
2026-03-28T08:00,29.8,67,0.0,1.5,210
2026-03-28T09:00,31.3,57,0.0,4.9,262
2026-03-28T10:00,32.1,53,0.0,9.4,274
2026-03-28T11:00,32.3,52,0.0,12.1,282
2026-03-28T12:00,32.5,53,0.0,13.2,282
2026-03-28T13:00,32.2,52,0.0,14.3,281
2026-03-28T14:00,32.4,50,0.0,14.6,280
2026-03-28T15:00,31.6,54,0.0,15.0,274
2026-03-28T16:00,31.0,59,0.0,13.7,271
2026-03-28T17:00,30.3,65,0.0,14.2,269
2026-03-28T18:00,29.9,67,0.0,11.6,265
2026-03-28T19:00,29.6,67,0.0,11.2,251
2026-03-28T20:00,26.3,78,0.6,9.1,163
2026-03-28T21:00,26.6,77,0.1,2.3,238
2026-03-28T22:00,26.3,79,0.0,3.6,99
2026-03-28T23:00,26.3,82,0.0,4.4,99
2026-03-29T00:00,26.5,79,0.0,5.7,103
2026-03-29T01:00,26.2,80,0.0,6.0,106
2026-03-29T02:00,26.0,81,0.0,5.2,104
2026-03-29T03:00,25.9,81,0.0,4.4,111
2026-03-29T04:00,25.7,82,0.0,4.6,126
2026-03-29T05:00,25.9,81,0.0,4.0,111
2026-03-29T06:00,26.0,80,0.0,4.2,102
2026-03-29T07:00,27.7,72,0.0,4.2,95
2026-03-29T08:00,30.0,65,0.0,0.5,360
2026-03-29T09:00,31.4,59,0.1,5.9,282
2026-03-29T10:00,32.1,55,0.1,9.2,291
2026-03-29T11:00,31.8,58,0.1,11.9,274
2026-03-29T12:00,32.3,56,0.0,11.6,275
2026-03-29T13:00,32.4,54,0.0,12.1,277
2026-03-29T14:00,32.5,54,0.0,12.2,270
2026-03-29T15:00,32.1,55,0.0,11.5,269
2026-03-29T16:00,31.3,57,0.0,11.8,262
2026-03-29T17:00,31.4,61,0.0,13.0,272
2026-03-29T18:00,30.1,68,0.3,11.8,258
2026-03-29T19:00,30.1,69,0.2,9.5,268
2026-03-29T20:00,29.5,65,0.1,4.0,219
2026-03-29T21:00,25.6,83,0.6,11.1,164
2026-03-29T22:00,25.5,82,0.0,8.8,160
2026-03-29T23:00,26.2,81,0.0,7.8,146
2026-03-30T00:00,26.1,83,0.0,6.7,172
2026-03-30T01:00,25.9,86,0.0,7.7,171
2026-03-30T02:00,25.7,87,0.0,7.2,162
2026-03-30T03:00,25.4,88,0.0,6.1,148
2026-03-30T04:00,25.3,87,0.0,7.4,154
2026-03-30T05:00,25.7,86,0.0,5.4,159
2026-03-30T06:00,25.6,86,0.0,4.1,146
2026-03-30T07:00,27.1,77,0.0,3.7,133
2026-03-30T08:00,29.2,68,0.0,3.9,167
2026-03-30T09:00,31.2,59,0.0,5.2,207
2026-03-30T10:00,32.1,55,0.1,8.4,228
2026-03-30T11:00,33.2,47,0.1,9.7,239
2026-03-30T12:00,32.3,53,0.0,12.3,245
2026-03-30T13:00,32.2,54,0.0,12.2,243
2026-03-30T14:00,32.1,54,0.1,10.9,239
2026-03-30T15:00,31.4,58,0.1,12.9,243
2026-03-30T16:00,30.3,66,0.0,13.3,245
2026-03-30T17:00,30.0,68,0.0,11.2,232
2026-03-30T18:00,29.2,74,0.0,11.7,232
2026-03-30T19:00,28.9,75,0.0,9.1,218
2026-03-30T20:00,28.6,76,0.0,5.9,194
2026-03-30T21:00,28.3,78,0.0,4.7,189
2026-03-30T22:00,28.0,80,0.0,3.8,172
2026-03-30T23:00,27.7,82,0.0,6.8,155
2026-03-31T00:00,27.2,80,0.0,7.2,148
2026-03-31T01:00,26.9,79,0.0,5.7,136
2026-03-31T02:00,26.5,80,0.0,5.9,125
2026-03-31T03:00,26.0,82,0.0,6.6,116
2026-03-31T04:00,25.5,84,0.0,5.8,116
2026-03-31T05:00,25.0,86,0.0,5.9,108
2026-03-31T06:00,24.8,86,0.0,5.9,102
2026-03-31T07:00,26.5,76,0.0,3.8,98
2026-03-31T08:00,29.3,64,0.0,3.1,100
2026-03-31T09:00,31.4,55,0.0,0.9,180
2026-03-31T10:00,33.0,47,0.0,2.5,266
2026-03-31T11:00,33.4,46,0.0,6.8,268
2026-03-31T12:00,32.4,52,0.0,11.3,263
2026-03-31T13:00,31.4,61,0.0,14.0,255
2026-03-31T14:00,31.3,61,0.0,12.5,243
2026-03-31T15:00,31.3,62,0.0,14.9,245
2026-03-31T16:00,29.9,66,0.0,14.2,234
2026-03-31T17:00,30.2,68,0.0,12.1,252
2026-03-31T18:00,29.4,70,0.0,11.2,242
2026-03-31T19:00,29.3,70,0.0,8.8,211
2026-03-31T20:00,26.2,80,1.0,13.3,87
2026-03-31T21:00,24.6,89,1.4,4.7,180
2026-03-31T22:00,25.6,85,0.2,0.5,180
2026-03-31T23:00,25.5,87,0.0,3.8,59
2026-04-01T00:00,25.2,87,0.0,4.1,75
2026-04-01T01:00,24.9,91,0.0,2.9,68
2026-04-01T02:00,24.8,90,0.0,2.7,32
2026-04-01T03:00,24.7,91,0.0,1.9,68
2026-04-01T04:00,24.4,92,0.0,3.6,87
2026-04-01T05:00,24.0,97,0.0,1.7,72
2026-04-01T06:00,24.2,97,0.0,3.1,80
2026-04-01T07:00,25.7,88,0.0,1.3,34
2026-04-01T08:00,28.0,74,0.0,1.6,6
2026-04-01T09:00,29.7,66,0.0,3.3,331
2026-04-01T10:00,30.9,62,0.0,6.0,287
2026-04-01T11:00,31.8,58,0.0,9.8,287
2026-04-01T12:00,31.5,61,0.0,12.2,279
2026-04-01T13:00,31.0,63,0.0,13.2,282
2026-04-01T14:00,30.9,64,0.0,13.4,290
2026-04-01T15:00,30.6,66,0.0,14.7,287
2026-04-01T16:00,30.1,67,0.0,14.0,282
2026-04-01T17:00,29.6,70,0.0,11.6,283
2026-04-01T18:00,28.9,71,0.0,9.2,282
2026-04-01T19:00,28.6,74,0.0,2.8,243
2026-04-01T20:00,28.4,76,0.0,2.8,195
2026-04-01T21:00,28.1,76,0.0,5.4,186
2026-04-01T22:00,27.4,80,0.0,4.7,176
2026-04-01T23:00,27.3,80,0.0,6.9,194
2026-04-02T00:00,27.1,82,0.0,6.3,195
2026-04-02T01:00,26.8,84,0.0,4.7,171
2026-04-02T02:00,26.2,87,0.0,1.8,204
2026-04-02T03:00,25.9,88,0.0,5.6,211
2026-04-02T04:00,25.3,85,0.1,10.8,176
2026-04-02T05:00,26.0,81,0.1,5.1,172
2026-04-02T06:00,25.8,83,0.0,7.9,147
2026-04-02T07:00,26.5,80,0.0,7.8,165
2026-04-02T08:00,28.1,72,0.0,5.6,163
2026-04-02T09:00,30.0,64,0.0,4.9,170
2026-04-02T10:00,31.7,56,0.0,3.3,234
2026-04-02T11:00,32.8,54,0.0,6.9,261
2026-04-02T12:00,32.6,57,0.0,10.5,265
2026-04-02T13:00,29.1,74,2.8,8.1,269
2026-04-02T14:00,29.3,69,1.1,7.2,243
2026-04-02T15:00,28.0,79,1.6,2.9,90
2026-04-02T16:00,27.1,80,1.5,4.2,95
2026-04-02T17:00,27.7,82,0.2,4.2,162
2026-04-02T18:00,27.7,81,0.1,3.4,115
2026-04-02T19:00,27.5,81,0.0,3.8,71
2026-04-02T20:00,26.5,85,0.1,11.4,156
2026-04-02T21:00,25.9,87,1.4,3.4,32
2026-04-02T22:00,25.8,88,0.9,4.7,196
2026-04-02T23:00,25.2,94,0.0,8.1,356
2026-04-03T00:00,25.4,91,0.1,2.2,180
2026-04-03T01:00,24.9,94,0.0,8.3,24
2026-04-03T02:00,24.5,93,0.0,4.0,72
2026-04-03T03:00,24.4,93,0.0,4.8,63
2026-04-03T04:00,24.3,92,0.0,5.6,84
2026-04-03T05:00,24.5,95,0.0,5.4,98
2026-04-03T06:00,24.8,94,0.0,4.7,92
2026-04-03T07:00,26.4,85,0.0,3.5,75
2026-04-03T08:00,29.2,69,0.0,2.0,117
2026-04-03T09:00,31.1,59,0.1,4.1,203
2026-04-03T10:00,32.0,54,0.0,6.6,233
2026-04-03T11:00,33.1,50,0.0,6.7,239
2026-04-03T12:00,33.2,52,0.0,9.9,245
2026-04-03T13:00,32.3,56,0.0,12.6,250
2026-04-03T14:00,32.2,57,0.0,13.7,251
2026-04-03T15:00,30.9,64,0.1,10.2,228
2026-04-03T16:00,30.2,65,0.0,2.1,239
2026-04-03T17:00,29.3,67,0.1,3.6,229
2026-04-03T18:00,27.2,77,1.0,10.6,32
2026-04-03T19:00,25.9,87,1.1,4.8,121
2026-04-03T20:00,25.4,88,0.0,8.7,111
2026-04-03T21:00,25.4,85,0.0,8.0,118
2026-04-03T22:00,25.6,85,0.0,6.9,133
2026-04-03T23:00,25.6,87,0.0,7.4,148
2026-04-04T00:00,25.2,88,0.0,6.5,134
2026-04-04T01:00,25.0,88,0.0,5.7,122
2026-04-04T02:00,24.9,88,0.0,5.1,113
2026-04-04T03:00,24.8,89,0.0,5.7,125
2026-04-04T04:00,24.8,88,0.0,5.6,155
2026-04-04T05:00,25.0,90,0.0,4.8,151
2026-04-04T06:00,25.4,88,0.0,4.9,147
2026-04-04T07:00,26.8,80,0.0,2.8,130
2026-04-04T08:00,28.7,71,0.0,2.9,187
2026-04-04T09:00,29.9,69,0.0,6.4,234
2026-04-04T10:00,31.2,63,0.0,9.6,240
2026-04-04T11:00,32.0,58,0.0,9.7,245
2026-04-04T12:00,32.3,55,0.0,11.2,249
2026-04-04T13:00,31.9,58,0.0,12.3,255
2026-04-04T14:00,31.6,58,0.0,12.5,247
2026-04-04T15:00,31.2,59,0.0,11.1,253
2026-04-04T16:00,30.8,60,0.0,9.0,239
2026-04-04T17:00,30.8,62,0.0,6.4,198
2026-04-04T18:00,29.1,69,0.0,5.1,148
2026-04-04T19:00,28.0,76,0.0,5.3,125
2026-04-04T20:00,27.4,81,0.0,6.3,117
2026-04-04T21:00,27.0,83,0.0,4.2,108
2026-04-04T22:00,26.9,84,0.0,5.3,100
2026-04-04T23:00,27.3,84,0.0,4.2,115
2026-04-05T00:00,27.5,83,0.0,5.9,207
2026-04-05T01:00,27.3,83,0.0,8.7,220
2026-04-05T02:00,27.2,80,0.0,7.2,231
2026-04-05T03:00,27.1,80,0.0,4.6,225
2026-04-05T04:00,26.6,83,0.0,3.4,115
2026-04-05T05:00,27.2,83,0.0,3.1,220
2026-04-05T06:00,27.2,84,0.0,1.9,241
2026-04-05T07:00,28.6,79,0.0,0.8,225
2026-04-05T08:00,30.3,67,0.1,3.8,267
2026-04-05T09:00,31.5,59,0.0,8.1,273
2026-04-05T10:00,32.1,56,0.0,11.3,270
2026-04-05T11:00,32.2,58,0.0,13.5,270
2026-04-05T12:00,32.5,57,0.0,15.0,273
2026-04-05T13:00,32.5,57,0.0,16.3,276
2026-04-05T14:00,32.3,58,0.0,16.1,274
2026-04-05T15:00,32.0,60,0.0,14.4,268
2026-04-05T16:00,31.4,63,0.0,10.8,259
2026-04-05T17:00,31.2,65,0.0,9.6,250
2026-04-05T18:00,30.6,68,0.0,5.7,235
2026-04-05T19:00,29.9,71,0.0,3.4,212
2026-04-05T20:00,29.4,74,0.0,4.1,214
2026-04-05T21:00,28.9,77,0.0,4.6,219
2026-04-05T22:00,28.5,79,0.0,5.8,214
2026-04-05T23:00,29.0,76,0.0,8.6,213
2026-04-06T00:00,29.1,74,0.0,8.8,221
2026-04-06T01:00,28.8,74,0.0,10.3,230
2026-04-06T02:00,28.4,74,0.2,10.5,239
2026-04-06T03:00,28.6,75,0.0,11.7,260
2026-04-06T04:00,27.2,81,0.0,5.6,249
2026-04-06T05:00,28.9,69,0.2,8.9,243
2026-04-06T06:00,28.5,69,0.0,8.1,274
2026-04-06T07:00,29.0,69,0.1,10.6,271
2026-04-06T08:00,29.9,68,0.0,6.3,272
2026-04-06T09:00,31.3,62,0.2,10.0,278
2026-04-06T10:00,31.9,61,0.0,11.2,264
2026-04-06T11:00,31.5,64,0.0,14.4,262
2026-04-06T12:00,28.0,76,3.1,19.3,310
2026-04-06T13:00,28.9,73,0.2,10.2,302
2026-04-06T14:00,29.8,72,0.0,9.4,281
2026-04-06T15:00,29.4,75,0.1,8.6,272
2026-04-06T16:00,28.4,78,0.4,7.3,280
2026-04-06T17:00,26.6,84,0.1,4.1,124
2026-04-06T18:00,27.0,80,0.0,6.8,138
2026-04-06T19:00,26.9,83,0.0,5.4,130
2026-04-06T20:00,26.8,85,0.0,6.1,124
2026-04-06T21:00,26.1,90,0.6,4.4,125
2026-04-06T22:00,25.8,92,0.0,4.5,164
2026-04-06T23:00,26.8,89,0.0,5.9,157
2026-04-07T00:00,26.5,91,0.0,7.8,128
2026-04-07T01:00,26.5,89,0.0,7.9,120
2026-04-07T02:00,26.7,89,0.0,2.8,135
2026-04-07T03:00,26.8,91,0.0,0.7,256
2026-04-07T04:00,26.7,90,0.1,1.5,291
2026-04-07T05:00,26.1,93,0.1,1.8,66
2026-04-07T06:00,26.4,93,0.0,0.7,270
2026-04-07T07:00,28.4,82,0.0,1.8,204
2026-04-07T08:00,30.3,71,0.1,8.5,253
2026-04-07T09:00,31.0,65,0.0,12.8,261
2026-04-07T10:00,29.6,70,0.2,8.1,225
2026-04-07T11:00,32.3,61,0.1,13.0,270
2026-04-07T12:00,32.4,61,0.0,14.8,271
2026-04-07T13:00,32.3,60,0.0,15.4,275
2026-04-07T14:00,32.3,60,0.0,15.7,269
2026-04-07T15:00,31.9,62,0.0,16.4,271
2026-04-07T16:00,31.5,62,0.0,14.4,267
2026-04-07T17:00,30.8,66,0.8,13.3,254
2026-04-07T18:00,30.3,68,0.0,11.4,258
2026-04-07T19:00,30.1,69,0.0,11.5,262
2026-04-07T20:00,29.9,70,0.0,9.9,258
2026-04-07T21:00,29.7,72,0.0,9.7,245
2026-04-07T22:00,29.4,73,0.0,8.8,239
2026-04-07T23:00,29.6,71,0.1,8.4,235
2026-04-08T00:00,29.4,72,0.0,8.6,241
2026-04-08T01:00,29.2,73,0.0,8.8,247
2026-04-08T02:00,29.0,72,0.0,7.9,246
2026-04-08T03:00,27.1,81,0.6,7.8,241
2026-04-08T04:00,27.0,84,0.1,3.9,236
2026-04-08T05:00,27.1,87,0.0,2.0,207
2026-04-08T06:00,27.4,86,0.0,1.9,241
2026-04-08T07:00,29.1,77,0.0,3.6,279
2026-04-08T08:00,30.9,65,0.0,7.2,270
2026-04-08T09:00,32.1,60,0.0,9.0,264
2026-04-08T10:00,32.9,58,0.0,11.6,262
2026-04-08T11:00,33.1,57,0.0,12.6,268
2026-04-08T12:00,33.1,58,0.0,14.1,266
2026-04-08T13:00,32.5,60,0.0,15.7,269
2026-04-08T14:00,32.1,59,0.5,15.5,269
2026-04-08T15:00,30.9,64,0.8,8.9,241
2026-04-08T16:00,30.0,67,0.2,9.4,234
2026-04-08T17:00,31.0,60,0.0,11.9,221
2026-04-08T18:00,30.2,64,0.0,11.2,222
2026-04-08T19:00,29.8,67,0.0,9.8,206
2026-04-08T20:00,29.5,70,0.0,8.0,205
2026-04-08T21:00,29.1,74,0.0,6.7,204
2026-04-08T22:00,28.6,78,0.0,6.6,196
2026-04-08T23:00,28.3,82,0.0,5.6,187
2026-04-09T00:00,27.6,86,0.0,7.0,201
2026-04-09T01:00,27.4,83,0.0,8.7,186
2026-04-09T02:00,27.3,82,0.0,6.3,180
2026-04-09T03:00,26.7,85,0.1,4.0,249
2026-04-09T04:00,26.7,85,0.1,5.8,234
2026-04-09T05:00,26.7,82,0.0,2.2,194
2026-04-09T06:00,26.7,83,0.0,2.7,138
2026-04-09T07:00,28.2,78,0.0,2.6,164
2026-04-09T08:00,29.8,69,0.1,6.3,239
2026-04-09T09:00,31.1,62,0.0,8.7,256
2026-04-09T10:00,32.2,57,0.0,10.3,267
2026-04-09T11:00,32.8,53,0.0,13.1,263
2026-04-09T12:00,32.7,54,0.0,14.2,263
2026-04-09T13:00,32.4,56,0.1,14.8,270
2026-04-09T14:00,32.0,60,0.0,15.5,273
2026-04-09T15:00,31.5,56,0.6,14.8,267
2026-04-09T16:00,30.2,65,1.4,10.6,269
2026-04-09T17:00,30.6,65,0.1,11.9,260
2026-04-09T18:00,29.2,70,0.3,7.2,266
2026-04-09T19:00,28.6,76,0.0,6.2,282
2026-04-09T20:00,28.3,81,0.0,4.5,263
2026-04-09T21:00,27.7,88,0.0,3.8,270
2026-04-09T22:00,27.4,90,0.0,2.8,255
2026-04-09T23:00,27.4,89,0.0,0.4,270
2026-04-10T00:00,27.2,91,0.0,1.5,104
2026-04-10T01:00,26.8,93,0.0,2.7,148
2026-04-10T02:00,26.3,95,0.0,4.1,131
2026-04-10T03:00,25.9,95,0.0,4.6,116
2026-04-10T04:00,25.5,95,0.0,5.0,109
2026-04-10T05:00,25.2,91,0.0,3.6,87
2026-04-10T06:00,25.2,91,0.0,5.2,96
2026-04-10T07:00,27.2,82,0.0,4.9,96
2026-04-10T08:00,29.6,72,0.0,2.7,90
2026-04-10T09:00,31.2,63,0.0,1.9,221
2026-04-10T10:00,32.5,56,0.0,4.4,238
2026-04-10T11:00,33.2,51,0.0,6.9,240
2026-04-10T12:00,33.0,51,0.0,10.7,240
2026-04-10T13:00,32.4,55,0.0,13.2,232
2026-04-10T14:00,32.2,55,0.1,14.7,220
2026-04-10T15:00,31.9,58,0.0,15.4,217
2026-04-10T16:00,30.6,61,0.7,15.9,200
2026-04-10T17:00,29.2,70,0.8,17.1,192
2026-04-10T18:00,28.7,70,0.0,13.7,196
2026-04-10T19:00,28.3,76,0.2,12.8,181
2026-04-10T20:00,28.2,76,0.0,11.4,175
2026-04-10T21:00,28.0,76,0.0,10.1,179
2026-04-10T22:00,27.6,81,0.0,7.5,172
2026-04-10T23:00,27.3,83,0.0,7.6,158
2026-04-11T00:00,26.7,88,0.0,5.9,145
2026-04-11T01:00,26.1,91,0.0,5.1,122
2026-04-11T02:00,25.7,93,0.0,5.0,105
2026-04-11T03:00,25.4,94,0.0,4.5,90
2026-04-11T04:00,25.3,94,0.0,5.6,84
2026-04-11T05:00,25.7,90,0.0,4.0,63
2026-04-11T06:00,25.7,90,0.0,4.4,60
2026-04-11T07:00,27.3,83,0.0,3.9,74
2026-04-11T08:00,29.4,73,0.0,2.0,360
2026-04-11T09:00,30.6,66,0.0,5.6,291
2026-04-11T10:00,31.4,61,0.1,7.8,293
2026-04-11T11:00,31.4,62,0.1,8.4,289
2026-04-11T12:00,31.6,62,0.2,9.3,288
2026-04-11T13:00,31.6,60,0.3,9.5,292
2026-04-11T14:00,30.6,65,0.4,7.3,286
2026-04-11T15:00,31.3,62,0.2,11.1,284
2026-04-11T16:00,30.1,66,0.9,10.6,270
2026-04-11T17:00,30.1,69,0.4,9.4,287
2026-04-11T18:00,29.6,72,0.0,4.4,282
2026-04-11T19:00,29.4,72,0.0,5.2,266
2026-04-11T20:00,28.8,77,0.1,5.3,198
2026-04-11T21:00,27.1,82,1.5,7.2,94
2026-04-11T22:00,25.2,97,2.2,8.4,130
2026-04-11T23:00,25.4,97,0.2,4.8,103
2026-04-12T00:00,25.6,94,0.3,6.2,126
2026-04-12T01:00,25.3,95,0.1,6.1,133
2026-04-12T02:00,24.5,96,0.2,10.7,115
2026-04-12T03:00,24.6,92,0.2,8.9,148
2026-04-12T04:00,24.6,93,0.0,9.2,145
2026-04-12T05:00,26.2,94,0.0,4.5,127
2026-04-12T06:00,26.4,93,0.0,4.6,138
2026-04-12T07:00,27.7,84,0.0,5.4,154
2026-04-12T08:00,29.3,73,0.0,6.1,168
2026-04-12T09:00,30.6,66,0.0,6.0,183
2026-04-12T10:00,31.8,60,0.0,8.4,208
2026-04-12T11:00,32.5,59,0.0,9.4,230
2026-04-12T12:00,32.6,60,0.0,12.4,242
2026-04-12T13:00,29.6,71,1.8,4.6,191
2026-04-12T14:00,29.1,70,0.5,7.8,195
2026-04-12T15:00,28.2,74,1.4,7.0,180
2026-04-12T16:00,28.2,76,0.4,7.2,155
2026-04-12T17:00,27.5,81,0.2,7.5,134
2026-04-12T18:00,26.7,85,1.3,5.6,107
2026-04-12T19:00,25.8,92,1.7,12.7,113
2026-04-12T20:00,25.0,92,0.8,7.3,128
2026-04-12T21:00,25.0,92,0.2,10.2,134
2026-04-12T22:00,24.4,94,1.7,9.2,140
2026-04-12T23:00,25.4,93,0.0,3.5,204
2026-04-13T00:00,25.5,92,0.0,3.4,87
2026-04-13T01:00,25.5,93,0.0,2.8,165
2026-04-13T02:00,25.6,94,0.0,1.5,135
2026-04-13T03:00,25.7,94,0.0,2.2,204
2026-04-13T04:00,25.6,95,0.0,0.9,90
2026-04-13T05:00,25.6,93,0.0,3.5,99
2026-04-13T06:00,25.9,90,0.0,4.3,118
2026-04-13T07:00,27.1,83,0.0,1.8,180
2026-04-13T08:00,28.5,75,0.0,2.4,234
2026-04-13T09:00,29.7,70,0.1,3.5,231
2026-04-13T10:00,30.8,67,0.1,6.9,227
2026-04-13T11:00,30.9,64,0.2,5.8,244
2026-04-13T12:00,32.2,58,0.1,7.0,260
2026-04-13T13:00,32.1,58,0.0,7.4,263
2026-04-13T14:00,31.0,63,0.4,9.6,242
2026-04-13T15:00,29.8,68,0.1,8.4,227
2026-04-13T16:00,28.8,74,1.0,1.6,84
2026-04-13T17:00,28.6,73,0.7,4.7,266
2026-04-13T18:00,28.3,76,0.0,2.7,188
2026-04-13T19:00,27.7,81,0.1,4.4,161
2026-04-13T20:00,27.2,86,0.0,3.1,126
2026-04-13T21:00,26.7,90,0.0,3.2,117
2026-04-13T22:00,26.3,93,0.0,5.1,138
2026-04-13T23:00,26.2,93,0.0,5.1,132
2026-04-14T00:00,26.0,93,0.0,7.0,132
2026-04-14T01:00,25.7,90,0.0,5.9,110
2026-04-14T02:00,25.3,91,0.0,4.0,111
2026-04-14T03:00,25.2,91,0.0,5.3,128
2026-04-14T04:00,25.3,90,0.0,7.5,123
2026-04-14T05:00,25.5,93,0.0,3.0,104
2026-04-14T06:00,25.5,93,0.0,4.9,80
2026-04-14T07:00,26.8,87,0.0,2.9,97
2026-04-14T08:00,28.8,77,0.0,2.8,140
2026-04-14T09:00,30.3,68,0.0,4.2,227
2026-04-14T10:00,31.0,65,0.1,7.5,235
2026-04-14T11:00,31.8,61,0.1,7.3,239
2026-04-14T12:00,32.0,63,0.0,9.4,238
2026-04-14T13:00,30.7,69,0.1,9.1,229
2026-04-14T14:00,31.0,68,0.1,9.0,241
2026-04-14T15:00,30.3,70,0.1,9.5,205
2026-04-14T16:00,28.8,76,0.2,9.7,151
2026-04-14T17:00,29.1,78,0.1,5.9,200
2026-04-14T18:00,27.7,85,1.4,5.2,155
2026-04-14T19:00,26.9,91,0.8,2.5,135
2026-04-14T20:00,26.2,95,0.0,6.2,126
2026-04-14T21:00,26.0,94,0.0,6.6,143
2026-04-14T22:00,26.0,93,0.0,3.7,129
2026-04-14T23:00,25.0,96,0.0,2.2,125
2026-04-15T00:00,25.4,92,0.0,3.8,172
2026-04-15T01:00,25.7,91,0.0,4.1,157
2026-04-15T02:00,25.7,94,0.0,5.3,152
2026-04-15T03:00,25.5,95,0.0,5.7,131
2026-04-15T04:00,25.3,96,0.0,5.9,140
2026-04-15T05:00,25.6,96,0.0,5.2,139
2026-04-15T06:00,25.9,95,0.0,5.3,128
2026-04-15T07:00,27.1,91,0.0,4.8,138
2026-04-15T08:00,28.3,84,0.3,6.8,191
2026-04-15T09:00,29.3,81,0.2,7.7,204
2026-04-15T10:00,30.3,76,0.0,7.4,219
2026-04-15T11:00,31.1,72,0.1,8.0,243
2026-04-15T12:00,31.0,70,0.0,10.4,255
2026-04-15T13:00,30.7,72,0.0,8.5,270
2026-04-15T14:00,30.0,73,0.4,9.7,268
2026-04-15T15:00,29.8,76,0.3,5.4,312
2026-04-15T16:00,29.4,78,0.1,5.4,244
2026-04-15T17:00,30.2,75,1.5,4.0,201
2026-04-15T18:00,26.8,86,1.4,6.8,125
2026-04-15T19:00,26.5,89,0.0,6.0,163
2026-04-15T20:00,26.2,90,0.0,8.5,159
2026-04-15T21:00,25.7,92,0.0,7.6,162
2026-04-15T22:00,25.4,92,0.2,5.6,149
2026-04-15T23:00,24.3,94,1.0,8.1,103
2026-04-16T00:00,24.6,92,0.5,8.7,97
2026-04-16T01:00,24.1,94,1.5,5.7,81
2026-04-16T02:00,24.0,95,1.8,7.4,90
2026-04-16T03:00,23.8,94,1.2,6.6,107
2026-04-16T04:00,24.0,94,0.0,5.2,151
2026-04-16T05:00,23.9,92,0.0,5.8,219
2026-04-16T06:00,24.5,90,0.3,6.4,144
2026-04-16T07:00,24.7,92,0.0,4.0,216
2026-04-16T08:00,25.4,88,0.0,4.8,193
2026-04-16T09:00,26.6,84,0.0,4.8,207
2026-04-16T10:00,28.1,78,0.0,7.1,201
2026-04-16T11:00,30.1,73,0.0,6.4,227
2026-04-16T12:00,30.4,73,0.0,8.1,242
2026-04-16T13:00,29.8,76,0.0,8.5,242
2026-04-16T14:00,28.8,77,0.4,11.3,224
2026-04-16T15:00,29.0,76,0.4,11.2,221
2026-04-16T16:00,27.6,83,1.1,4.7,189
2026-04-16T17:00,29.1,75,0.1,3.8,197
2026-04-16T18:00,28.4,82,0.0,4.0,170
2026-04-16T19:00,28.0,86,0.0,4.8,155
2026-04-16T20:00,27.4,90,0.0,5.9,162
2026-04-16T21:00,26.8,93,0.0,5.9,142
2026-04-16T22:00,26.2,94,0.0,7.0,122
2026-04-16T23:00,26.3,92,0.0,7.0,130
2026-04-17T00:00,26.0,91,0.0,7.3,120
2026-04-17T01:00,25.9,91,0.0,6.5,120
2026-04-17T02:00,25.7,92,0.0,5.4,111
2026-04-17T03:00,25.4,93,0.0,5.3,118
2026-04-17T04:00,25.3,94,0.0,5.1,129
2026-04-17T05:00,25.1,95,0.0,5.1,117
2026-04-17T06:00,25.4,94,0.0,5.1,122
2026-04-17T07:00,26.9,89,0.0,3.8,135
2026-04-17T08:00,28.4,82,0.0,4.0,150
2026-04-17T09:00,29.6,76,0.0,4.5,178
2026-04-17T10:00,30.7,70,0.0,4.9,208
2026-04-17T11:00,31.2,67,0.1,6.4,227
2026-04-17T12:00,31.3,66,0.0,8.1,246
2026-04-17T13:00,30.8,67,0.3,9.6,257
2026-04-17T14:00,30.3,71,0.4,10.2,256
2026-04-17T15:00,30.2,71,0.0,10.2,249
2026-04-17T16:00,29.7,73,0.0,11.1,240
2026-04-17T17:00,30.0,74,0.0,10.8,252
2026-04-17T18:00,28.9,82,0.0,7.3,239
2026-04-17T19:00,28.0,85,0.2,8.5,117
2026-04-17T20:00,26.2,91,0.9,4.0,111
2026-04-17T21:00,26.1,92,0.0,4.9,96
2026-04-17T22:00,25.9,93,0.0,1.3,74
2026-04-17T23:00,26.4,92,0.0,3.5,165
2026-04-18T00:00,26.5,91,0.0,2.8,169
2026-04-18T01:00,26.2,94,0.1,2.4,126
2026-04-18T02:00,25.8,96,0.0,3.1,77
2026-04-18T03:00,25.4,96,0.1,0.3,225
2026-04-18T04:00,25.6,91,0.0,3.1,170
2026-04-18T05:00,25.7,95,0.0,4.5,173
2026-04-18T06:00,25.8,98,0.0,4.1,167
2026-04-18T07:00,27.0,92,0.0,3.1,170
2026-04-18T08:00,28.6,80,0.0,4.5,185
2026-04-18T09:00,29.8,73,0.1,5.4,195
2026-04-18T10:00,30.7,68,0.1,6.6,215
2026-04-18T11:00,31.5,63,0.1,5.6,248
2026-04-18T12:00,31.4,63,0.1,9.0,250
2026-04-18T13:00,31.0,66,0.1,10.5,254
2026-04-18T14:00,30.8,68,0.0,11.7,243
2026-04-18T15:00,30.4,70,0.1,11.7,239
2026-04-18T16:00,30.3,65,0.5,11.9,231
2026-04-18T17:00,29.2,74,0.1,11.1,233
2026-04-18T18:00,28.8,77,0.0,6.4,196
2026-04-18T19:00,28.3,82,0.0,6.1,194
2026-04-18T20:00,27.7,86,0.0,7.4,166
2026-04-18T21:00,27.1,89,0.0,6.0,159
2026-04-18T22:00,26.7,90,0.0,6.5,148
2026-04-18T23:00,26.8,90,0.0,6.5,180
2026-04-19T00:00,26.6,91,0.0,8.6,160
2026-04-19T01:00,26.3,89,0.0,7.1,156
2026-04-19T02:00,26.0,90,0.0,6.7,144
2026-04-19T03:00,25.8,89,0.0,7.1,137
2026-04-19T04:00,25.4,91,0.0,9.1,148
2026-04-19T05:00,25.5,95,0.0,5.2,149
2026-04-19T06:00,25.8,93,0.0,4.2,137
2026-04-19T07:00,27.1,87,0.0,4.5,124
2026-04-19T08:00,28.8,80,0.0,4.3,156
2026-04-19T09:00,30.4,70,0.1,5.0,199
2026-04-19T10:00,31.3,63,0.1,6.4,225
2026-04-19T11:00,31.9,59,0.1,8.6,231
2026-04-19T12:00,31.6,61,0.1,10.7,240
2026-04-19T13:00,31.4,65,0.0,11.1,245
2026-04-19T14:00,31.3,66,0.1,10.6,249
2026-04-19T15:00,30.6,65,0.3,10.3,239
2026-04-19T16:00,30.4,67,0.1,10.3,241
2026-04-19T17:00,30.2,66,0.0,10.2,240
2026-04-19T18:00,30.0,66,0.0,6.5,222
2026-04-19T19:00,28.8,69,0.6,1.4,50
2026-04-19T20:00,28.1,73,0.1,3.2,106
2026-04-19T21:00,27.5,80,0.0,4.7,108
2026-04-19T22:00,27.1,86,0.0,5.6,138
2026-04-19T23:00,27.3,87,0.0,9.0,178
2026-04-20T00:00,26.9,89,0.0,7.5,165
2026-04-20T01:00,26.3,91,0.0,7.7,149
2026-04-20T02:00,25.8,90,0.0,7.5,123
2026-04-20T03:00,25.6,87,0.0,5.7,134
2026-04-20T04:00,25.5,87,0.0,3.8,101
2026-04-20T05:00,25.8,89,0.0,1.5,144
2026-04-20T06:00,26.4,86,0.0,1.5,166
2026-04-20T07:00,28.0,77,0.0,1.3,180
2026-04-20T08:00,29.5,71,0.0,2.0,180
2026-04-20T09:00,31.1,64,0.1,3.3,202
2026-04-20T10:00,32.0,60,0.0,7.6,232
2026-04-20T11:00,32.0,61,0.1,10.5,246
2026-04-20T12:00,32.4,59,0.0,11.0,238
2026-04-20T13:00,32.7,55,0.0,11.9,236
2026-04-20T14:00,32.3,56,0.0,12.8,248
2026-04-20T15:00,31.3,60,0.2,11.9,238
2026-04-20T16:00,30.9,64,0.0,6.3,211
2026-04-20T17:00,27.0,83,0.2,8.5,142
2026-04-20T18:00,26.1,85,0.9,7.7,108
2026-04-20T19:00,25.2,92,7.3,9.0,105
2026-04-20T20:00,25.2,91,0.6,8.7,122
2026-04-20T21:00,24.4,93,5.8,8.2,80
2026-04-20T22:00,24.5,94,0.9,5.6,165
2026-04-20T23:00,24.4,93,1.7,5.3,128
2026-04-21T00:00,24.4,93,0.0,4.2,115
2026-04-21T01:00,24.4,92,0.0,5.6,112
2026-04-21T02:00,24.4,94,0.0,4.9,98
2026-04-21T03:00,24.4,94,0.0,4.7,90
2026-04-21T04:00,24.4,94,0.0,4.8,103
2026-04-21T05:00,24.3,95,0.0,5.3,82
2026-04-21T06:00,24.6,94,0.0,5.1,73
2026-04-21T07:00,25.8,90,0.0,3.5,78
2026-04-21T08:00,27.7,82,0.0,3.1,90
2026-04-21T09:00,29.6,72,0.0,1.9,73
2026-04-21T10:00,30.9,65,0.0,0.8,297
2026-04-21T11:00,32.1,57,0.0,2.7,298
2026-04-21T12:00,32.5,56,0.0,6.3,272
2026-04-21T13:00,32.2,56,0.0,9.1,261
2026-04-21T14:00,31.4,58,0.1,9.7,266
2026-04-21T15:00,31.4,58,0.1,12.0,256
2026-04-21T16:00,30.8,61,0.0,8.8,250
2026-04-21T17:00,30.8,61,0.8,6.0,233
2026-04-21T18:00,29.6,69,0.0,5.4,210
2026-04-21T19:00,28.9,76,0.0,1.9,331
2026-04-21T20:00,27.9,82,0.5,2.9,30
2026-04-21T21:00,27.2,84,0.0,6.1,32
2026-04-21T22:00,26.4,87,0.0,6.2,57
2026-04-21T23:00,26.1,87,0.0,5.6,86
2026-04-22T00:00,25.9,87,0.0,4.2,95
2026-04-22T01:00,25.6,89,0.0,4.2,85
2026-04-22T02:00,25.3,91,0.0,3.4,87
2026-04-22T03:00,25.1,93,0.0,3.2,87
2026-04-22T04:00,24.9,92,0.0,3.4,87
2026-04-22T05:00,24.8,93,0.0,4.8,119
2026-04-22T06:00,25.2,91,0.0,4.8,105
2026-04-22T07:00,27.4,81,0.0,3.3,112
2026-04-22T08:00,29.8,69,0.0,2.6,146
2026-04-22T09:00,31.2,62,0.0,3.1,225
2026-04-22T10:00,32.1,58,0.0,6.3,252
2026-04-22T11:00,32.8,56,0.0,6.8,259
2026-04-22T12:00,33.1,56,0.0,10.3,259
2026-04-22T13:00,32.9,56,0.0,12.5,262
2026-04-22T14:00,32.1,59,0.1,9.9,267
2026-04-22T15:00,31.0,63,0.0,8.0,265
2026-04-22T16:00,29.7,67,0.0,6.6,237
2026-04-22T17:00,29.8,68,0.0,5.0,272
2026-04-22T18:00,28.0,77,0.4,8.2,99
2026-04-22T19:00,27.1,82,0.3,9.9,111
2026-04-22T20:00,26.2,86,0.1,8.8,136
2026-04-22T21:00,25.8,86,0.0,8.1,129
2026-04-22T22:00,25.5,88,0.0,8.6,144
2026-04-22T23:00,25.7,86,0.0,8.8,137
2026-04-23T00:00,25.6,85,0.0,6.4,142
2026-04-23T01:00,25.5,84,0.0,5.7,152
2026-04-23T02:00,25.5,85,0.0,6.0,141
2026-04-23T03:00,25.4,86,0.0,7.0,138
2026-04-23T04:00,25.2,86,0.0,7.3,140
2026-04-23T05:00,25.6,88,0.0,6.9,123
2026-04-23T06:00,26.0,85,0.0,6.5,132
2026-04-23T07:00,28.0,74,0.0,4.5,140
2026-04-23T08:00,30.3,63,0.0,5.0,167
2026-04-23T09:00,32.0,56,0.0,5.2,207
2026-04-23T10:00,33.2,51,0.0,5.9,225
2026-04-23T11:00,33.0,51,0.1,6.8,235
2026-04-23T12:00,32.7,54,0.3,9.1,252
2026-04-23T13:00,31.6,61,0.2,11.3,248
2026-04-23T14:00,31.7,61,0.2,7.0,267
2026-04-23T15:00,30.6,65,0.1,9.3,193
2026-04-23T16:00,28.9,71,0.8,4.9,90
2026-04-23T17:00,30.3,64,0.1,5.2,239
2026-04-23T18:00,29.0,70,0.0,3.8,211
2026-04-23T19:00,28.2,75,0.0,2.3,58
2026-04-23T20:00,27.8,79,0.0,2.9,112
2026-04-23T21:00,27.4,83,0.0,5.1,122
2026-04-23T22:00,27.0,85,0.0,6.1,135
2026-04-23T23:00,27.0,85,3.1,6.5,138
2026-04-24T00:00,26.6,89,0.0,6.0,147
2026-04-24T01:00,26.1,90,0.0,6.4,130
2026-04-24T02:00,26.0,90,0.0,6.8,182
2026-04-24T03:00,25.1,91,0.2,11.2,181
2026-04-24T04:00,25.2,91,0.1,10.4,182
2026-04-24T05:00,26.4,86,0.0,7.4,193
2026-04-24T06:00,26.5,87,0.0,8.9,172
2026-04-24T07:00,27.1,84,0.0,5.9,157
2026-04-24T08:00,28.0,80,0.0,6.8,168
2026-04-24T09:00,29.0,75,0.1,7.5,188
2026-04-24T10:00,29.3,73,0.0,7.6,205
2026-04-24T11:00,29.8,68,0.0,10.6,198
2026-04-24T12:00,30.4,66,0.0,10.7,202
2026-04-24T13:00,30.9,64,0.1,11.1,216
2026-04-24T14:00,29.8,68,0.1,10.4,210
2026-04-24T15:00,29.6,69,0.1,10.8,210
2026-04-24T16:00,29.4,70,0.1,7.5,210
2026-04-24T17:00,29.7,70,0.1,6.1,212
2026-04-24T18:00,29.0,74,0.0,6.2,213
2026-04-24T19:00,28.6,77,0.0,6.2,190
2026-04-24T20:00,28.4,78,0.0,6.7,174
2026-04-24T21:00,28.1,81,0.0,7.6,168
2026-04-24T22:00,27.7,83,0.0,8.1,163
2026-04-24T23:00,27.3,86,0.0,6.1,166
2026-04-25T00:00,27.3,87,0.0,7.6,166
2026-04-25T01:00,26.5,90,0.0,4.6,116
2026-04-25T02:00,25.6,89,0.8,5.8,261
2026-04-25T03:00,25.7,88,0.0,2.4,138
2026-04-25T04:00,25.5,91,0.0,6.1,113
2026-04-25T05:00,25.7,91,0.0,4.6,108
2026-04-25T06:00,26.1,88,0.0,4.8,103
2026-04-25T07:00,27.7,80,0.0,4.1,103
2026-04-25T08:00,29.8,69,0.0,4.3,112
2026-04-25T09:00,31.7,58,0.0,1.7,108
2026-04-25T10:00,33.3,49,0.0,2.3,293
2026-04-25T11:00,33.8,47,0.2,5.0,311
2026-04-25T12:00,34.0,46,0.0,7.6,270
2026-04-25T13:00,32.6,55,0.4,10.9,251
2026-04-25T14:00,32.2,58,0.3,10.4,244
2026-04-25T15:00,32.2,57,0.0,10.1,243
2026-04-25T16:00,31.8,59,0.0,10.9,234
2026-04-25T17:00,31.4,61,0.0,10.2,246
2026-04-25T18:00,30.7,65,0.0,8.6,219
2026-04-25T19:00,30.3,67,0.0,9.2,201
2026-04-25T20:00,29.6,71,0.0,10.0,193
2026-04-25T21:00,29.2,75,0.0,8.1,180
2026-04-25T22:00,28.5,79,0.0,5.3,172
2026-04-25T23:00,27.8,83,0.0,3.9,208
2026-04-26T00:00,27.7,82,0.0,5.1,188
2026-04-26T01:00,27.5,81,0.0,5.0,167
2026-04-26T02:00,27.2,81,0.0,5.0,125
2026-04-26T03:00,26.7,83,0.0,5.2,104
2026-04-26T04:00,26.1,89,0.0,4.1,90
2026-04-26T05:00,25.9,90,0.0,3.6,93
2026-04-26T06:00,26.4,87,0.0,3.2,90
2026-04-26T07:00,28.2,78,0.0,2.6,78
2026-04-26T08:00,30.1,69,0.0,3.1,62
2026-04-26T09:00,32.1,58,0.0,1.5,7
2026-04-26T10:00,33.4,51,0.0,2.8,310
2026-04-26T11:00,34.2,47,0.0,5.2,299
2026-04-26T12:00,34.3,48,0.1,9.0,273
2026-04-26T13:00,33.0,57,0.1,11.3,269
2026-04-26T14:00,32.1,60,1.1,10.8,268
2026-04-26T15:00,31.9,61,0.3,10.2,252
2026-04-26T16:00,30.6,66,1.6,6.5,256
2026-04-26T17:00,31.2,64,0.5,5.3,294
2026-04-26T18:00,28.3,76,0.7,4.2,144
2026-04-26T19:00,28.1,78,0.0,1.3,196
2026-04-26T20:00,27.8,80,0.0,6.0,171
2026-04-26T21:00,27.2,82,0.1,3.3,144
2026-04-26T22:00,26.7,84,0.6,0.6,162
2026-04-26T23:00,27.5,82,0.1,2.7,132
2026-04-27T00:00,27.3,83,0.0,2.9,133
2026-04-27T01:00,26.9,85,0.0,2.2,81
2026-04-27T02:00,26.5,88,0.0,3.6,81
2026-04-27T03:00,26.1,91,0.0,3.6,53
2026-04-27T04:00,26.2,90,0.0,3.1,87
2026-04-27T05:00,26.5,91,0.0,2.5,120
2026-04-27T06:00,26.8,91,0.0,5.4,159
2026-04-27T07:00,28.2,80,0.0,5.6,163
2026-04-27T08:00,29.7,72,0.0,6.7,199
2026-04-27T09:00,30.5,68,0.0,8.4,220
2026-04-27T10:00,31.6,63,0.1,7.4,209
2026-04-27T11:00,32.6,58,0.0,8.0,216
2026-04-27T12:00,28.9,73,1.5,11.7,214
2026-04-27T13:00,29.9,71,0.1,5.0,218
2026-04-27T14:00,30.8,68,0.0,6.4,232
2026-04-27T15:00,30.2,71,0.1,7.8,233
2026-04-27T16:00,27.9,82,2.6,6.2,142
2026-04-27T17:00,29.2,73,0.4,7.1,218
2026-04-27T18:00,28.5,77,0.0,2.3,180
2026-04-27T19:00,28.0,81,0.0,2.5,135
2026-04-27T20:00,27.4,87,0.0,6.0,119
2026-04-27T21:00,26.9,90,0.0,7.4,129
2026-04-27T22:00,26.9,89,0.0,4.3,156
2026-04-27T23:00,27.0,90,0.0,6.8,155
2026-04-28T00:00,26.8,90,0.0,5.2,164
2026-04-28T01:00,26.6,89,0.0,6.1,156
2026-04-28T02:00,26.4,89,0.0,5.9,145
2026-04-28T03:00,26.4,89,0.0,3.3,158
2026-04-28T04:00,26.2,89,0.0,6.5,138
2026-04-28T05:00,25.9,89,0.0,6.6,133
2026-04-28T06:00,26.1,87,0.0,5.0,142
2026-04-28T07:00,27.4,79,0.0,4.1,135
2026-04-28T08:00,29.3,71,0.0,3.3,139
2026-04-28T09:00,30.6,66,0.0,4.4,207
2026-04-28T10:00,31.5,62,0.0,5.6,225
2026-04-28T11:00,32.5,58,0.1,7.0,212
2026-04-28T12:00,33.3,55,0.0,9.5,219
2026-04-28T13:00,32.8,58,0.0,10.4,231
2026-04-28T14:00,31.9,62,0.2,8.7,212
2026-04-28T15:00,31.8,62,0.1,6.8,215
2026-04-28T16:00,30.3,66,0.1,9.4,182
2026-04-28T17:00,29.0,78,0.0,8.0,200
2026-04-28T18:00,29.0,76,0.0,7.1,187
2026-04-28T19:00,28.8,77,0.0,6.4,170
2026-04-28T20:00,28.3,82,0.0,4.1,139
2026-04-28T21:00,27.9,85,0.0,4.4,148
2026-04-28T22:00,27.5,88,0.0,4.0,141
2026-04-28T23:00,27.4,89,0.0,4.6,167
2026-04-29T00:00,27.5,88,0.0,5.5,163
2026-04-29T01:00,27.4,87,0.0,5.8,158
2026-04-29T02:00,27.1,88,0.0,5.8,150
2026-04-29T03:00,26.8,89,0.0,6.5,156
2026-04-29T04:00,26.5,90,0.0,5.7,171
2026-04-29T05:00,26.6,85,0.0,7.2,158
2026-04-29T06:00,27.0,83,0.0,8.1,143
2026-04-29T07:00,28.7,74,0.0,8.0,153
2026-04-29T08:00,30.3,66,0.0,11.2,184
2026-04-29T09:00,31.4,61,0.0,13.6,192
2026-04-29T10:00,32.1,59,0.0,15.4,199
2026-04-29T11:00,33.1,55,0.0,14.0,203
2026-04-29T12:00,33.0,57,0.0,14.5,212
2026-04-29T13:00,33.0,56,0.0,12.8,214
2026-04-29T14:00,30.9,62,0.6,17.2,198
2026-04-29T15:00,30.6,65,0.5,15.4,190
2026-04-29T16:00,29.9,69,1.4,13.0,190
2026-04-29T17:00,29.6,74,5.2,13.2,169
2026-04-29T18:00,29.1,76,0.6,6.2,165
2026-04-29T19:00,28.3,79,0.0,7.1,156
2026-04-29T20:00,28.0,81,0.0,8.5,168
2026-04-29T21:00,27.6,82,0.0,13.8,196
2026-04-29T22:00,27.6,79,0.0,14.8,190
2026-04-29T23:00,26.4,87,0.0,14.2,168
2026-04-30T00:00,26.1,88,0.0,10.4,154
2026-04-30T01:00,25.8,88,0.0,12.4,150
2026-04-30T02:00,25.5,86,0.0,9.7,153
2026-04-30T03:00,25.3,87,0.0,9.0,143
2026-04-30T04:00,25.1,89,0.0,8.3,141
2026-04-30T05:00,25.8,89,0.0,7.4,154
2026-04-30T06:00,26.3,87,0.0,5.7,162
2026-04-30T07:00,27.5,82,0.0,5.3,162
2026-04-30T08:00,29.1,75,0.0,6.7,174
2026-04-30T09:00,30.6,68,0.1,7.6,184
2026-04-30T10:00,31.6,66,0.0,8.7,194
2026-04-30T11:00,32.4,61,0.0,10.9,214
2026-04-30T12:00,32.8,59,0.0,12.5,220
2026-04-30T13:00,32.4,61,0.0,13.4,220
2026-04-30T14:00,31.4,63,0.1,11.3,217
2026-04-30T15:00,30.8,67,0.1,13.1,209
2026-04-30T16:00,30.2,69,0.1,12.1,203
2026-04-30T17:00,29.9,72,0.2,7.1,204
2026-04-30T18:00,28.6,77,1.3,8.1,223
2026-04-30T19:00,26.5,88,3.9,7.0,192
2026-04-30T20:00,25.7,91,2.0,9.1,188
2026-04-30T21:00,25.6,93,1.6,11.9,182
2026-04-30T22:00,25.4,95,0.8,8.9,135
2026-04-30T23:00,26.0,97,0.1,6.6,147
2026-05-01T00:00,26.1,97,0.0,7.0,138
2026-05-01T01:00,25.8,94,0.0,7.9,141
2026-05-01T02:00,25.5,94,0.0,6.6,133
2026-05-01T03:00,25.2,93,0.0,7.4,124
2026-05-01T04:00,25.1,92,0.0,6.8,119
2026-05-01T05:00,25.5,90,0.0,8.3,153
2026-05-01T06:00,25.9,90,0.0,6.3,187
2026-05-01T07:00,26.7,87,0.1,7.5,160
2026-05-01T08:00,28.7,76,0.0,8.5,205
2026-05-01T09:00,29.7,71,0.0,8.8,215
2026-05-01T10:00,30.6,68,0.0,10.4,219
2026-05-01T11:00,31.7,63,0.0,10.3,224
2026-05-01T12:00,31.8,63,0.0,12.0,234
2026-05-01T13:00,31.5,66,0.0,14.5,233
2026-05-01T14:00,30.8,68,0.0,14.6,236
2026-05-01T15:00,30.9,65,0.3,14.1,238
2026-05-01T16:00,29.0,75,0.5,7.3,200
2026-05-01T17:00,30.3,68,0.3,12.0,227
2026-05-01T18:00,29.9,69,0.0,10.0,221
2026-05-01T19:00,29.7,69,0.0,9.6,220
2026-05-01T20:00,29.4,71,0.0,7.4,206
2026-05-01T21:00,28.9,74,0.0,6.7,196
2026-05-01T22:00,28.5,78,0.0,7.1,187
2026-05-01T23:00,28.3,80,0.0,9.2,200
2026-05-02T00:00,28.2,81,0.0,10.1,191
2026-05-02T01:00,28.1,81,0.0,10.1,186
2026-05-02T02:00,27.8,84,0.1,8.1,177
2026-05-02T03:00,26.7,88,0.6,8.3,184
2026-05-02T04:00,26.9,88,0.0,8.9,171
2026-05-02T05:00,26.6,91,0.0,6.8,138
2026-05-02T06:00,26.7,89,0.0,7.6,105
2026-05-02T07:00,28.1,80,0.0,6.9,123
2026-05-02T08:00,29.8,72,0.1,7.6,195
2026-05-02T09:00,30.5,69,0.0,9.6,206
2026-05-02T10:00,31.4,65,0.0,10.9,218
2026-05-02T11:00,32.2,61,0.0,10.9,226
2026-05-02T12:00,32.6,59,0.0,12.8,232
2026-05-02T13:00,32.3,61,0.0,15.0,238
2026-05-02T14:00,30.5,66,0.4,13.6,240
2026-05-02T15:00,29.0,74,0.3,13.6,238
2026-05-02T16:00,27.7,78,0.1,11.5,222
2026-05-02T17:00,29.5,72,0.2,12.3,226
2026-05-02T18:00,28.4,78,0.0,11.4,218
2026-05-02T19:00,27.7,82,0.0,9.8,210
2026-05-02T20:00,27.5,85,0.0,7.6,216
2026-05-02T21:00,27.4,86,0.1,10.4,219
2026-05-02T22:00,27.1,86,0.1,12.7,218
2026-05-02T23:00,25.0,96,0.0,3.7,125
2026-05-03T00:00,25.6,94,0.2,7.2,148
2026-05-03T01:00,25.5,94,0.2,6.6,147
2026-05-03T02:00,25.5,94,0.2,8.0,166
2026-05-03T03:00,25.8,91,0.7,11.9,182
2026-05-03T04:00,25.3,93,0.0,9.7,164
2026-05-03T05:00,25.9,93,0.0,6.0,173
2026-05-03T06:00,26.0,93,0.0,6.0,131
2026-05-03T07:00,26.4,90,0.0,5.6,117
2026-05-03T08:00,28.2,82,0.0,2.4,144
2026-05-03T09:00,29.9,73,0.1,7.0,235
2026-05-03T10:00,30.9,66,0.1,9.1,240
2026-05-03T11:00,31.9,62,0.1,10.1,251
2026-05-03T12:00,32.1,60,0.1,11.3,250
2026-05-03T13:00,31.9,63,0.0,14.3,242
2026-05-03T14:00,31.7,64,0.0,13.5,247
2026-05-03T15:00,31.0,66,0.3,16.0,246
2026-05-03T16:00,29.2,74,0.4,12.4,237
2026-05-03T17:00,29.6,74,0.7,10.7,222
2026-05-03T18:00,28.7,81,0.0,10.1,190
2026-05-03T19:00,27.6,88,0.1,11.2,175
2026-05-03T20:00,26.9,89,0.4,9.4,163
2026-05-03T21:00,26.8,92,0.1,6.8,183
2026-05-03T22:00,26.7,92,0.1,7.4,180
2026-05-03T23:00,26.3,92,0.1,13.1,198
2026-05-04T00:00,25.7,91,0.4,12.6,171
2026-05-04T01:00,25.8,90,0.2,9.0,177
2026-05-04T02:00,25.3,93,0.7,7.6,146
2026-05-04T03:00,25.3,91,1.6,4.6,189
2026-05-04T04:00,25.1,95,0.2,4.5,241
2026-05-04T05:00,26.1,95,1.5,6.8,197
2026-05-04T06:00,26.5,95,0.1,4.2,192
2026-05-04T07:00,27.2,86,0.4,4.0,216
2026-05-04T08:00,28.2,81,0.3,7.8,238
2026-05-04T09:00,29.2,75,0.1,10.9,241
2026-05-04T10:00,29.3,76,0.2,11.5,212
2026-05-04T11:00,30.6,69,0.1,11.4,219
2026-05-04T12:00,30.8,68,0.1,16.2,236
2026-05-04T13:00,30.5,66,1.0,18.3,230
2026-05-04T14:00,28.0,79,1.0,17.0,220
2026-05-04T15:00,28.1,78,0.3,16.1,217
2026-05-04T16:00,27.7,79,1.0,14.8,217
2026-05-04T17:00,29.1,74,1.7,15.4,240
2026-05-04T18:00,28.5,79,0.0,12.9,226
2026-05-04T19:00,28.3,80,0.1,9.8,221
2026-05-04T20:00,28.1,82,0.1,7.4,219
2026-05-04T21:00,27.6,86,0.0,7.0,212
2026-05-04T22:00,27.0,89,0.1,6.8,182
2026-05-04T23:00,26.5,91,0.2,10.1,204
2026-05-05T00:00,26.7,87,0.1,8.1,212
2026-05-05T01:00,26.4,90,0.0,5.8,200
2026-05-05T02:00,25.8,93,0.2,4.7,208
2026-05-05T03:00,25.7,94,0.1,3.4,180
2026-05-05T04:00,25.7,94,0.0,3.5,159
2026-05-05T05:00,25.3,92,0.0,6.6,135
2026-05-05T06:00,25.2,94,0.0,4.4,109
2026-05-05T07:00,26.0,91,0.0,3.6,81
2026-05-05T08:00,26.8,86,0.0,1.5,97
2026-05-05T09:00,28.4,78,0.0,5.7,259
2026-05-05T10:00,28.9,75,0.0,8.1,267
2026-05-05T11:00,30.4,68,0.1,9.1,291
2026-05-05T12:00,29.9,69,0.0,8.9,288
2026-05-05T13:00,29.9,69,0.0,9.7,282
2026-05-05T14:00,30.4,67,0.0,10.2,283
2026-05-05T15:00,30.1,68,0.0,11.3,280
2026-05-05T16:00,29.4,71,0.0,9.2,272
2026-05-05T17:00,29.7,67,0.0,5.6,253
2026-05-05T18:00,28.5,78,0.0,3.3,229
2026-05-05T19:00,28.3,78,0.0,5.1,222
2026-05-05T20:00,28.1,81,0.0,5.6,207
2026-05-05T21:00,27.9,82,0.0,6.4,220
2026-05-05T22:00,27.8,82,0.0,5.2,226
2026-05-05T23:00,27.7,84,0.0,6.1,214
2026-05-06T00:00,27.7,83,0.0,6.9,221
2026-05-06T01:00,27.2,84,0.0,4.1,214
2026-05-06T02:00,26.7,87,0.1,2.4,189
2026-05-06T03:00,26.1,90,0.0,2.4,163
2026-05-06T04:00,25.9,91,0.0,4.8,132
2026-05-06T05:00,25.6,93,0.0,7.4,96
2026-05-06T06:00,25.5,91,0.0,8.2,98
2026-05-06T07:00,27.2,84,0.0,6.9,97
2026-05-06T08:00,29.4,71,0.0,5.0,120
2026-05-06T09:00,30.8,65,0.0,3.0,213
2026-05-06T10:00,31.4,61,0.0,6.2,229
2026-05-06T11:00,31.7,59,0.2,7.1,218
2026-05-06T12:00,32.3,56,0.2,8.3,229
2026-05-06T13:00,32.1,57,0.3,10.5,233
2026-05-06T14:00,31.5,61,0.2,11.4,231
2026-05-06T15:00,31.0,65,0.0,11.3,224
2026-05-06T16:00,30.6,65,0.0,12.6,213
2026-05-06T17:00,30.7,63,0.3,11.5,225
2026-05-06T18:00,29.9,69,0.0,9.5,201
2026-05-06T19:00,28.3,79,0.1,9.3,144
2026-05-06T20:00,26.7,86,0.0,4.9,62
2026-05-06T21:00,26.4,87,0.2,2.9,60
2026-05-06T22:00,26.2,88,0.1,3.6,357
2026-05-06T23:00,26.0,88,0.0,2.7,58
2026-05-07T00:00,25.9,88,0.0,3.9,112
2026-05-07T01:00,25.8,89,0.0,4.4,109
2026-05-07T02:00,25.6,89,0.0,2.5,111
2026-05-07T03:00,25.6,90,0.0,3.4,96
2026-05-07T04:00,25.6,91,0.0,2.1,75
2026-05-07T05:00,25.3,91,0.0,4.3,75
2026-05-07T06:00,25.4,92,0.0,4.2,70
2026-05-07T07:00,27.2,83,0.0,3.2,90
2026-05-07T08:00,28.7,75,0.0,2.0,85
2026-05-07T09:00,30.0,70,0.0,1.6,243
2026-05-07T10:00,31.0,66,0.0,5.4,264
2026-05-07T11:00,31.9,61,0.1,7.5,260
2026-05-07T12:00,32.3,60,0.0,10.1,271
2026-05-07T13:00,31.4,63,0.1,10.5,278
2026-05-07T14:00,32.0,59,0.1,12.4,271
2026-05-07T15:00,30.7,63,0.7,9.4,277
2026-05-07T16:00,30.0,70,0.2,5.6,291
2026-05-07T17:00,30.9,63,0.1,6.0,267
2026-05-07T18:00,29.2,71,0.2,5.5,131
2026-05-07T19:00,27.4,85,0.0,10.5,119
2026-05-07T20:00,27.0,86,0.0,7.9,153
2026-05-07T21:00,27.0,87,0.0,8.8,152
2026-05-07T22:00,26.5,91,0.0,8.5,142
2026-05-07T23:00,26.9,90,0.0,5.6,153
2026-05-08T00:00,26.8,89,0.0,3.3,135
2026-05-08T01:00,26.6,89,0.0,4.0,120
2026-05-08T02:00,26.4,89,0.0,3.7,101
2026-05-08T03:00,26.1,89,0.0,4.8,127
2026-05-08T04:00,25.9,89,0.0,4.1,88
2026-05-08T05:00,25.9,93,0.0,0.9,79
2026-05-08T06:00,26.4,88,0.0,4.9,28
2026-05-08T07:00,28.2,77,0.0,2.7,20
2026-05-08T08:00,30.1,67,0.0,3.5,15
2026-05-08T09:00,31.8,58,0.0,5.6,318
2026-05-08T10:00,32.9,53,0.0,7.1,304
2026-05-08T11:00,34.0,48,0.0,6.4,308
2026-05-08T12:00,33.8,52,0.0,12.5,282
2026-05-08T13:00,31.4,61,1.5,13.5,293
2026-05-08T14:00,31.8,57,0.0,10.4,312
2026-05-08T15:00,31.1,61,0.0,5.5,314
2026-05-08T16:00,28.4,76,1.8,4.6,99
2026-05-08T17:00,29.5,64,0.4,5.4,60
2026-05-08T18:00,28.0,76,0.1,6.9,97
2026-05-08T19:00,27.2,82,0.0,6.0,93
2026-05-08T20:00,27.1,81,0.0,4.8,79
2026-05-08T21:00,27.0,80,0.0,3.1,87
2026-05-08T22:00,26.6,83,0.0,6.0,106
2026-05-08T23:00,25.6,84,0.0,4.8,101
2026-05-09T00:00,25.7,83,0.0,2.8,207
2026-05-09T01:00,25.6,84,0.0,4.0,190
2026-05-09T02:00,25.7,85,0.0,4.2,173
2026-05-09T03:00,25.5,88,0.0,5.5,139
2026-05-09T04:00,25.1,89,0.0,5.5,126
2026-05-09T05:00,25.5,93,0.0,7.0,157
2026-05-09T06:00,25.9,91,0.0,8.3,164
2026-05-09T07:00,27.3,85,0.0,7.7,159
2026-05-09T08:00,28.9,75,0.2,9.0,165
2026-05-09T09:00,29.7,69,0.5,12.6,205
2026-05-09T10:00,30.1,67,0.5,12.7,213
2026-05-09T11:00,31.0,64,0.2,11.6,229
2026-05-09T12:00,30.9,64,0.3,11.7,234
2026-05-09T13:00,30.8,66,0.0,11.4,251
2026-05-09T14:00,30.1,69,0.1,12.7,262
2026-05-09T15:00,29.5,71,0.0,9.1,280
2026-05-09T16:00,29.1,72,0.1,9.7,294
2026-05-09T17:00,29.9,69,0.3,12.6,294
2026-05-09T18:00,29.9,68,0.0,13.0,308
2026-05-09T19:00,29.0,73,0.1,11.7,328
2026-05-09T20:00,28.5,75,0.1,7.3,344
2026-05-09T21:00,27.8,81,0.0,7.9,20
2026-05-09T22:00,27.1,86,0.0,7.9,21
2026-05-09T23:00,26.9,88,1.8,5.8,4
2026-05-10T00:00,26.9,86,0.0,8.5,354
2026-05-10T01:00,26.7,87,0.0,3.1,273
2026-05-10T02:00,26.7,87,0.0,3.9,313
2026-05-10T03:00,26.1,90,0.1,3.3,324
2026-05-10T04:00,26.1,86,1.0,1.6,243
2026-05-10T05:00,25.2,96,1.4,6.8,182
2026-05-10T06:00,25.9,95,0.0,3.7,194
2026-05-10T07:00,26.5,92,0.1,3.6,162
2026-05-10T08:00,27.2,88,0.2,2.2,256
2026-05-10T09:00,27.6,85,0.1,2.8,297
2026-05-10T10:00,28.1,82,0.6,5.8,268
2026-05-10T11:00,29.7,76,0.1,6.7,251
2026-05-10T12:00,29.8,74,0.0,8.5,243
2026-05-10T13:00,30.0,73,0.0,11.0,251
2026-05-10T14:00,28.9,76,0.0,12.8,248
2026-05-10T15:00,29.0,77,0.1,7.0,260
2026-05-10T16:00,26.9,84,1.3,8.4,236
2026-05-10T17:00,28.7,78,0.3,7.0,291
2026-05-10T18:00,27.7,87,0.1,3.2,289
2026-05-10T19:00,27.2,90,0.2,2.3,61
2026-05-10T20:00,26.2,96,0.1,6.7,99
2026-05-10T21:00,26.1,96,0.2,6.0,141
2026-05-10T22:00,26.0,95,0.2,6.3,156
2026-05-10T23:00,26.2,92,1.6,8.4,199
2026-05-11T00:00,26.1,94,0.1,6.4,170
2026-05-11T01:00,25.8,92,0.0,5.2,174
2026-05-11T02:00,25.5,93,0.3,3.8,180
2026-05-11T03:00,25.4,94,0.0,4.8,135
2026-05-11T04:00,24.8,95,3.7,3.8,251
2026-05-11T05:00,25.4,95,0.7,1.0,315
2026-05-11T06:00,26.2,93,0.1,3.2,286
2026-05-11T07:00,27.6,85,0.4,3.7,281
2026-05-11T08:00,28.7,80,0.2,6.3,255
2026-05-11T09:00,29.2,75,0.1,8.3,259
2026-05-11T10:00,30.0,71,0.0,9.4,273
2026-05-11T11:00,29.6,73,0.1,9.6,249
2026-05-11T12:00,28.2,79,5.5,16.2,287
2026-05-11T13:00,27.5,82,3.3,12.8,299
2026-05-11T14:00,27.1,84,0.6,10.3,313
2026-05-11T15:00,27.2,83,0.4,10.6,302
2026-05-11T16:00,27.7,83,0.4,8.2,320
2026-05-11T17:00,27.7,84,3.8,3.8,281
2026-05-11T18:00,27.0,90,0.3,2.6,321
2026-05-11T19:00,26.3,95,0.3,4.4,351
2026-05-11T20:00,25.9,97,0.4,0.9,323
2026-05-11T21:00,25.7,95,1.3,3.5,168
2026-05-11T22:00,25.7,97,0.3,3.4,186
2026-05-11T23:00,25.5,97,0.2,6.6,101
2026-05-12T00:00,25.6,94,0.0,5.5,109
2026-05-12T01:00,25.4,95,0.0,3.3,96
2026-05-12T02:00,25.2,96,0.0,2.8,117
2026-05-12T03:00,25.1,95,0.0,6.1,120
2026-05-12T04:00,25.2,94,0.0,5.3,128
2026-05-12T05:00,25.3,93,0.0,5.9,113
2026-05-12T06:00,25.6,93,0.0,7.9,114
2026-05-12T07:00,27.1,92,0.0,6.0,115
2026-05-12T08:00,28.8,84,0.0,5.1,138
2026-05-12T09:00,29.0,82,0.2,8.4,245
2026-05-12T10:00,28.5,83,0.5,5.0,240
2026-05-12T11:00,30.4,71,0.0,10.4,261
2026-05-12T12:00,30.0,72,0.3,13.8,256
2026-05-12T13:00,29.6,80,0.1,8.6,278
2026-05-12T14:00,29.8,79,0.1,10.4,281
2026-05-12T15:00,27.9,87,1.7,8.0,262
2026-05-12T16:00,27.6,88,0.6,3.1,257
2026-05-12T17:00,26.8,88,2.3,1.4,90
2026-05-12T18:00,26.3,92,0.3,0.3,315
2026-05-12T19:00,26.3,93,0.0,1.7,198
2026-05-12T20:00,26.2,95,0.0,2.6,168
2026-05-12T21:00,25.9,98,0.0,3.1,152
2026-05-12T22:00,25.8,99,0.0,4.5,137
2026-05-12T23:00,26.2,97,0.4,4.2,168
2026-05-13T00:00,26.2,96,0.0,4.7,164
2026-05-13T01:00,26.3,94,0.0,7.9,181
2026-05-13T02:00,25.4,93,1.8,5.6,222
2026-05-13T03:00,25.4,93,1.5,11.1,256
2026-05-13T04:00,24.9,94,3.5,9.6,256
2026-05-13T05:00,25.6,92,5.0,13.3,261
2026-05-13T06:00,25.8,93,2.9,8.6,268
2026-05-13T07:00,26.4,92,1.4,8.7,252
2026-05-13T08:00,26.3,94,1.7,8.1,275
2026-05-13T09:00,26.2,94,3.5,7.9,266
2026-05-13T10:00,26.5,92,5.0,9.4,275
2026-05-13T11:00,26.6,86,4.8,1.3,326
2026-05-13T12:00,28.3,77,0.5,7.1,285
2026-05-13T13:00,29.4,70,0.2,12.3,278
2026-05-13T14:00,28.2,75,0.4,15.1,261
2026-05-13T15:00,27.8,81,0.5,13.2,259
2026-05-13T16:00,28.0,81,0.3,12.9,257
2026-05-13T17:00,28.2,80,0.0,3.5,35
2026-05-13T18:00,27.2,89,0.0,2.2,24
2026-05-13T19:00,26.8,92,0.2,3.8,71
2026-05-13T20:00,26.5,94,0.0,4.5,113
2026-05-13T21:00,26.4,94,0.0,2.2,185
2026-05-13T22:00,26.6,93,0.0,4.1,209
2026-05-13T23:00,27.0,90,0.1,6.0,224
2026-05-14T00:00,27.1,88,0.1,7.9,227
2026-05-14T01:00,27.2,86,0.0,8.9,234
2026-05-14T02:00,27.5,82,0.0,10.4,238
2026-05-14T03:00,27.6,82,0.4,11.1,245
2026-05-14T04:00,27.8,82,0.1,9.7,246
2026-05-14T05:00,27.3,85,0.1,4.9,262
2026-05-14T06:00,27.4,86,0.1,5.0,255
2026-05-14T07:00,27.6,87,0.8,5.6,263
2026-05-14T08:00,25.9,91,5.1,5.8,60
2026-05-14T09:00,26.0,96,2.0,8.0,121
2026-05-14T10:00,26.6,93,1.3,9.2,159
2026-05-14T11:00,26.8,88,1.3,3.8,73
2026-05-14T12:00,26.0,92,4.9,5.1,80
2026-05-14T13:00,25.1,96,4.0,2.3,119
2026-05-14T14:00,25.1,95,2.6,7.6,137
2026-05-14T15:00,26.2,90,1.0,9.5,180
2026-05-14T16:00,24.9,94,3.3,10.0,162
2026-05-14T17:00,24.6,94,2.0,4.9,90
2026-05-14T18:00,24.4,97,0.4,6.0,147
2026-05-14T19:00,24.9,95,0.9,5.8,196
2026-05-14T20:00,25.1,95,1.0,11.5,205
2026-05-14T21:00,25.2,96,0.8,7.9,204
2026-05-14T22:00,24.7,95,0.7,8.1,174
2026-05-14T23:00,23.5,96,1.9,7.7,121
2026-05-15T00:00,23.4,96,0.2,8.6,131
2026-05-15T01:00,23.6,94,0.2,8.3,132
2026-05-15T02:00,23.7,95,0.7,6.4,148
2026-05-15T03:00,23.9,96,1.2,6.5,174
2026-05-15T04:00,25.1,93,1.9,5.9,247
2026-05-15T05:00,24.9,96,1.4,1.2,39
2026-05-15T06:00,24.8,97,0.5,3.5,111
2026-05-15T07:00,25.0,97,0.4,3.3,139
2026-05-15T08:00,25.8,92,0.8,5.0,150
2026-05-15T09:00,26.1,89,1.6,8.0,220
2026-05-15T10:00,26.4,87,1.1,10.7,235
2026-05-15T11:00,28.6,80,1.6,8.0,276
2026-05-15T12:00,29.3,73,0.6,13.0,260
2026-05-15T13:00,29.6,72,0.4,19.0,265
2026-05-15T14:00,29.8,69,0.1,17.1,266
2026-05-15T15:00,28.5,74,0.5,16.6,274
2026-05-15T16:00,27.2,83,1.9,10.3,265
2026-05-15T17:00,28.7,79,0.7,9.6,290
2026-05-15T18:00,28.1,82,0.1,5.8,234
2026-05-15T19:00,28.2,81,0.0,3.5,242
2026-05-15T20:00,27.2,86,0.5,6.1,230
2026-05-15T21:00,26.5,90,1.1,5.4,180
2026-05-15T22:00,26.1,93,0.1,3.0,128
2026-05-15T23:00,24.8,97,0.7,10.1,102
2026-05-16T00:00,24.6,96,0.2,7.8,124
2026-05-16T01:00,24.5,95,0.2,10.5,160
2026-05-16T02:00,24.6,94,0.1,9.0,137
2026-05-16T03:00,24.4,96,0.6,6.3,129
2026-05-16T04:00,24.9,93,0.2,11.1,148
2026-05-16T05:00,25.8,96,0.1,6.5,185
2026-05-16T06:00,25.5,96,0.4,8.8,171
2026-05-16T07:00,26.4,93,0.7,9.9,171
2026-05-16T08:00,27.5,83,0.5,12.4,177
2026-05-16T09:00,28.4,78,0.5,13.2,202
2026-05-16T10:00,28.9,74,0.5,16.7,214
2026-05-16T11:00,29.9,72,0.5,18.5,220
2026-05-16T12:00,29.7,72,0.5,19.7,225
2026-05-16T13:00,30.1,68,0.2,20.7,230
2026-05-16T14:00,30.0,67,0.1,21.2,234
2026-05-16T15:00,29.7,68,0.1,20.1,236
2026-05-16T16:00,29.2,70,0.5,18.4,234
2026-05-16T17:00,29.4,73,0.8,14.6,214
2026-05-16T18:00,27.9,79,0.2,14.0,233
2026-05-16T19:00,27.9,80,0.3,12.2,218
2026-05-16T20:00,27.6,84,0.1,11.0,190
2026-05-16T21:00,27.4,87,0.0,10.8,175
2026-05-16T22:00,26.3,92,0.4,13.7,162
2026-05-16T23:00,26.8,89,0.2,10.3,167
2026-05-17T00:00,26.7,90,0.1,10.1,174
2026-05-17T01:00,26.5,91,0.2,10.5,176
2026-05-17T02:00,26.4,92,0.1,9.6,174
2026-05-17T03:00,26.3,92,0.1,9.2,176
2026-05-17T04:00,26.2,93,0.0,9.6,172
2026-05-17T05:00,25.9,94,0.2,9.7,169
2026-05-17T06:00,25.9,94,0.2,10.3,164
2026-05-17T07:00,27.0,92,0.1,9.4,160
2026-05-17T08:00,27.2,82,0.8,13.0,206
2026-05-17T09:00,28.6,77,0.5,14.2,200
2026-05-17T10:00,29.2,77,0.3,14.1,205
2026-05-17T11:00,30.1,72,0.4,15.2,210
2026-05-17T12:00,30.0,71,0.1,17.6,214
2026-05-17T13:00,29.9,71,0.1,17.1,214
2026-05-17T14:00,29.7,71,0.2,17.7,215
2026-05-17T15:00,29.1,74,0.1,17.4,213
2026-05-17T16:00,29.1,73,0.1,15.8,210
2026-05-17T17:00,29.3,73,0.2,14.6,202
2026-05-17T18:00,28.5,76,0.1,12.7,203
2026-05-17T19:00,28.2,78,0.1,12.5,201
2026-05-17T20:00,28.0,79,0.1,12.7,196
2026-05-17T21:00,27.9,81,0.0,11.0,191
2026-05-17T22:00,27.8,81,0.1,11.2,195
2026-05-17T23:00,27.7,80,0.2,11.7,195
2026-05-18T00:00,27.5,81,0.0,11.5,202
2026-05-18T01:00,27.4,81,0.1,11.5,202
2026-05-18T02:00,27.1,83,0.1,11.4,196
2026-05-18T03:00,26.9,84,0.2,11.2,202
2026-05-18T04:00,26.6,85,0.5,10.1,207
2026-05-18T05:00,27.5,81,0.6,11.4,213
2026-05-18T06:00,27.8,80,0.1,11.6,217
2026-05-18T07:00,28.6,77,0.0,11.1,220
2026-05-18T08:00,29.3,72,0.1,13.1,223
2026-05-18T09:00,30.1,68,0.1,16.3,224
2026-05-18T10:00,30.3,68,0.1,17.1,222
2026-05-18T11:00,30.9,66,0.1,15.2,222
2026-05-18T12:00,30.7,67,0.2,16.4,227
2026-05-18T13:00,30.6,66,0.1,17.7,228
2026-05-18T14:00,29.5,71,0.3,17.9,220
2026-05-18T15:00,28.2,79,1.7,16.7,218
2026-05-18T16:00,28.5,76,0.2,13.9,209
2026-05-18T17:00,28.6,77,0.2,14.9,218
2026-05-18T18:00,28.1,80,0.2,12.4,204
2026-05-18T19:00,28.1,80,0.2,11.5,202
2026-05-18T20:00,28.0,78,0.3,13.9,217
2026-05-18T21:00,28.0,80,0.4,14.7,213
2026-05-18T22:00,28.1,79,0.3,13.8,207
2026-05-18T23:00,28.2,79,0.3,16.3,212
2026-05-19T00:00,27.9,80,0.2,17.0,216
2026-05-19T01:00,27.8,82,0.3,16.7,217
2026-05-19T02:00,27.9,81,0.0,17.5,220
2026-05-19T03:00,27.8,81,0.0,17.7,221
2026-05-19T04:00,27.6,81,0.1,17.6,223
2026-05-19T05:00,27.7,83,0.2,15.3,227
2026-05-19T06:00,27.6,84,0.1,14.8,227
2026-05-19T07:00,28.1,83,0.2,15.9,227
2026-05-19T08:00,28.7,79,0.1,15.4,228
2026-05-19T09:00,29.0,76,0.4,17.1,227
2026-05-19T10:00,29.6,76,0.2,17.0,222
2026-05-19T11:00,30.4,71,0.0,18.0,231
2026-05-19T12:00,30.4,71,0.1,19.3,234
2026-05-19T13:00,30.2,71,0.2,21.2,235
2026-05-19T14:00,29.7,73,0.3,21.3,233
2026-05-19T15:00,29.9,72,0.1,20.9,229
2026-05-19T16:00,29.4,73,0.0,19.5,224
2026-05-19T17:00,29.5,75,0.0,15.1,218
2026-05-19T18:00,29.0,76,0.0,13.7,214
2026-05-19T19:00,28.9,75,0.2,14.1,210
2026-05-19T20:00,27.5,82,0.3,13.0,204
2026-05-19T21:00,26.2,89,2.2,13.5,257
2026-05-19T22:00,26.1,93,1.0,8.1,201
2026-05-19T23:00,27.4,84,0.7,12.3,230
2026-05-20T00:00,27.4,83,0.4,12.3,239
2026-05-20T01:00,27.2,83,0.2,12.6,242
2026-05-20T02:00,26.5,86,0.5,12.2,246
2026-05-20T03:00,26.0,88,1.3,9.3,238
2026-05-20T04:00,26.8,86,0.2,10.8,246
2026-05-20T05:00,27.0,86,0.7,8.5,245
2026-05-20T06:00,26.8,89,0.6,9.8,240
2026-05-20T07:00,27.2,88,0.8,8.4,245
2026-05-20T08:00,29.2,77,0.8,11.8,257
2026-05-20T09:00,29.7,72,0.4,15.0,257
2026-05-20T10:00,30.0,74,0.0,13.2,248
2026-05-20T11:00,30.4,69,0.2,15.9,260
2026-05-20T12:00,30.4,68,0.1,16.1,264
2026-05-20T13:00,30.1,71,1.1,14.7,255
2026-05-20T14:00,29.0,79,1.8,10.8,223
2026-05-20T15:00,29.4,73,0.2,14.9,236
2026-05-20T16:00,29.4,74,0.0,14.4,239
2026-05-20T17:00,28.7,81,0.0,10.4,242
2026-05-20T18:00,28.4,81,0.1,10.9,243
2026-05-20T19:00,28.4,80,0.1,10.2,238
2026-05-20T20:00,28.5,79,0.0,11.8,232
2026-05-20T21:00,28.6,79,0.0,12.2,233
2026-05-20T22:00,28.5,79,0.1,12.8,228
2026-05-20T23:00,28.3,81,0.2,13.3,228
2026-05-21T00:00,28.4,79,0.1,13.0,231
2026-05-21T01:00,28.3,79,0.1,13.9,233
2026-05-21T02:00,28.3,81,0.1,12.6,233
2026-05-21T03:00,28.4,79,0.0,12.0,230
2026-05-21T04:00,28.4,79,0.0,12.9,226
2026-05-21T05:00,28.4,82,0.0,11.6,233
2026-05-21T06:00,28.3,81,0.1,12.5,240
2026-05-21T07:00,28.8,80,0.2,11.9,239
2026-05-21T08:00,29.7,75,0.2,15.7,240
2026-05-21T09:00,29.8,75,0.4,18.0,243
2026-05-21T10:00,29.8,77,0.4,18.3,242
2026-05-21T11:00,30.1,76,0.3,17.6,245
2026-05-21T12:00,29.9,77,0.1,17.8,243
2026-05-21T13:00,30.0,77,0.2,18.4,243
2026-05-21T14:00,29.2,77,0.5,20.3,244
2026-05-21T15:00,28.8,78,0.5,15.7,240
2026-05-21T16:00,25.9,92,3.0,9.9,233
2026-05-21T17:00,28.5,86,2.5,10.5,218
2026-05-21T18:00,27.6,87,0.3,11.8,236
2026-05-21T19:00,27.2,85,0.9,11.2,228
2026-05-21T20:00,27.5,84,0.7,10.6,228
2026-05-21T21:00,25.5,96,1.1,13.8,200
2026-05-21T22:00,23.9,99,3.1,6.1,146
2026-05-21T23:00,24.3,97,2.0,9.0,110
2026-05-22T00:00,25.0,95,2.4,10.1,221
2026-05-22T01:00,23.9,97,1.4,7.2,233
2026-05-22T02:00,23.9,98,14.0,8.9,138
2026-05-22T03:00,23.8,98,5.9,7.6,137
2026-05-22T04:00,23.4,98,3.5,9.2,116
2026-05-22T05:00,24.4,91,1.9,1.5,126
2026-05-22T06:00,24.0,95,6.3,6.6,101
2026-05-22T07:00,24.4,93,4.7,4.4,150
2026-05-22T08:00,25.2,92,4.7,1.9,214
2026-05-22T09:00,26.5,92,3.6,6.4,243
2026-05-22T10:00,27.6,87,1.0,15.5,245
2026-05-22T11:00,27.7,80,0.3,14.4,246
2026-05-22T12:00,27.0,85,1.6,16.5,245
2026-05-22T13:00,27.0,88,0.8,12.1,232
2026-05-22T14:00,27.2,87,0.7,9.8,223
2026-05-22T15:00,28.1,80,0.1,11.3,226
2026-05-22T16:00,28.1,79,0.0,12.4,230
2026-05-22T17:00,28.1,81,0.0,12.4,227
2026-05-22T18:00,27.9,82,0.0,9.9,241
2026-05-22T19:00,27.7,81,0.2,10.3,243
2026-05-22T20:00,27.0,87,0.2,7.6,239
2026-05-22T21:00,26.8,85,0.5,8.8,227
2026-05-22T22:00,27.1,88,0.3,12.9,223
2026-05-22T23:00,27.2,88,0.2,13.4,237
2026-05-23T00:00,25.4,96,0.7,6.1,227
2026-05-23T01:00,24.4,99,1.7,5.0,358
2026-05-23T02:00,25.0,97,1.9,6.3,207
2026-05-23T03:00,25.5,96,0.5,5.4,206
2026-05-23T04:00,25.3,97,0.2,3.3,189
2026-05-23T05:00,24.5,94,0.3,4.6,162
2026-05-23T06:00,25.1,95,0.7,3.2,183
2026-05-23T07:00,26.6,91,1.0,4.1,229
2026-05-23T08:00,28.2,88,0.4,7.3,240
2026-05-23T09:00,28.6,78,0.4,10.3,258
2026-05-23T10:00,29.5,74,0.9,12.8,253
2026-05-23T11:00,30.2,69,0.4,13.9,257
2026-05-23T12:00,30.5,64,0.1,15.6,258
2026-05-23T13:00,30.2,67,0.0,16.6,255
2026-05-23T14:00,29.9,70,0.1,14.5,250
2026-05-23T15:00,28.5,75,0.8,13.0,245
2026-05-23T16:00,26.3,89,3.8,7.9,160
2026-05-23T17:00,29.1,77,0.5,10.9,231
2026-05-23T18:00,28.3,81,0.1,8.3,228
2026-05-23T19:00,28.0,85,0.1,6.0,237
2026-05-23T20:00,27.9,86,0.1,6.4,230
2026-05-23T21:00,27.6,86,0.1,9.0,237
2026-05-23T22:00,27.7,84,0.2,9.9,238
2026-05-23T23:00,27.4,85,0.2,10.6,224
2026-05-24T00:00,27.1,86,0.2,11.0,238
2026-05-24T01:00,25.4,93,0.9,10.2,217
2026-05-24T02:00,25.6,93,1.4,6.2,216
2026-05-24T03:00,25.1,94,1.4,8.1,225
2026-05-24T04:00,25.1,94,2.3,7.3,228
2026-05-24T05:00,25.0,93,1.3,7.3,237
2026-05-24T06:00,25.4,93,1.8,4.1,180
2026-05-24T07:00,26.1,94,1.1,5.1,190
2026-05-24T08:00,27.3,89,0.7,8.2,230
2026-05-24T09:00,25.7,87,0.7,14.7,221
2026-05-24T10:00,26.8,82,0.3,6.9,221
2026-05-24T11:00,29.3,77,0.1,9.3,234
2026-05-24T12:00,29.8,73,0.2,16.7,245
2026-05-24T13:00,28.5,77,0.3,16.8,245
2026-05-24T14:00,28.4,76,1.0,13.5,254
2026-05-24T15:00,27.4,79,1.3,14.9,226
2026-05-24T16:00,26.1,87,1.4,6.5,236
2026-05-24T17:00,26.7,86,3.0,8.8,272
2026-05-24T18:00,25.9,90,1.5,12.2,204
2026-05-24T19:00,26.8,88,0.6,11.7,260
2026-05-24T20:00,26.7,92,0.4,7.4,244
2026-05-24T21:00,26.4,94,0.3,2.6,219
2026-05-24T22:00,25.9,92,0.4,3.8,229
2026-05-24T23:00,24.9,97,0.1,6.1,140
2026-05-25T00:00,25.3,96,0.4,2.9,187
2026-05-25T01:00,25.7,95,0.4,6.0,201
2026-05-25T02:00,25.7,95,0.5,4.3,213
2026-05-25T03:00,25.4,93,1.8,5.3,215
2026-05-25T04:00,25.2,94,1.4,5.0,221
2026-05-25T05:00,26.0,93,2.2,5.7,212
2026-05-25T06:00,26.0,95,0.7,5.9,220
2026-05-25T07:00,26.6,94,0.8,8.6,209
2026-05-25T08:00,27.5,87,1.2,8.9,223
2026-05-25T09:00,28.2,80,0.7,14.9,222
2026-05-25T10:00,28.2,81,0.8,10.8,206
2026-05-25T11:00,28.7,81,0.5,12.9,226
2026-05-25T12:00,29.5,77,0.8,18.2,237
2026-05-25T13:00,29.5,77,0.2,16.5,234
2026-05-25T14:00,28.9,78,0.1,17.6,227
2026-05-25T15:00,28.1,80,1.2,13.6,223
2026-05-25T16:00,26.8,83,0.9,14.2,229
2026-05-25T17:00,27.2,85,1.5,9.9,222
2026-05-25T18:00,25.7,90,2.1,14.1,231
2026-05-25T19:00,26.2,90,1.3,14.9,228
2026-05-25T20:00,26.0,91,0.3,12.5,224
2026-05-25T21:00,26.2,91,0.1,10.3,209
2026-05-25T22:00,26.1,93,0.0,7.6,188
2026-05-25T23:00,25.6,93,0.2,16.0,203
2026-05-26T00:00,24.8,96,4.0,7.8,185
2026-05-26T01:00,24.7,97,3.5,8.8,180
2026-05-26T02:00,24.9,96,1.2,11.7,191
2026-05-26T03:00,25.1,96,0.7,9.4,191
2026-05-26T04:00,25.3,96,0.6,7.2,202
2026-05-26T05:00,25.1,95,0.3,8.7,212
2026-05-26T06:00,25.6,94,1.8,5.2,202
2026-05-26T07:00,26.5,92,1.0,8.4,205
2026-05-26T08:00,27.7,83,0.9,9.8,216
2026-05-26T09:00,28.5,77,0.8,13.1,228
2026-05-26T10:00,29.4,73,0.5,14.9,228
2026-05-26T11:00,30.0,71,2.3,14.1,230
2026-05-26T12:00,29.6,72,0.3,14.9,232
2026-05-26T13:00,29.0,74,1.4,15.3,226
2026-05-26T14:00,29.3,74,0.5,16.8,235
2026-05-26T15:00,28.8,74,0.3,16.4,235
2026-05-26T16:00,28.9,72,0.4,16.5,234
2026-05-26T17:00,28.1,80,0.4,13.3,238
2026-05-26T18:00,26.6,89,2.1,10.0,216
2026-05-26T19:00,27.3,86,0.3,11.6,219
2026-05-26T20:00,27.7,82,0.1,12.1,226
2026-05-26T21:00,27.7,81,0.1,12.9,227
2026-05-26T22:00,27.7,80,0.1,12.1,228
2026-05-26T23:00,27.8,80,0.2,13.0,228
2026-05-27T00:00,27.5,81,0.2,12.3,236
2026-05-27T01:00,27.6,79,0.2,13.4,235
2026-05-27T02:00,26.7,85,0.5,13.1,232
2026-05-27T03:00,25.9,88,0.4,12.0,238
2026-05-27T04:00,25.8,90,1.6,9.3,229
2026-05-27T05:00,27.0,83,0.9,9.3,248
2026-05-27T06:00,26.2,89,0.4,12.7,213
2026-05-27T07:00,26.1,90,1.6,5.4,194
2026-05-27T08:00,27.7,84,0.7,8.6,219
2026-05-27T09:00,28.1,78,0.6,11.4,232
2026-05-27T10:00,27.9,81,1.0,11.7,207
2026-05-27T11:00,28.0,78,0.1,12.3,224
2026-05-27T12:00,28.8,78,0.1,13.6,226
2026-05-27T13:00,27.8,83,2.9,12.5,229
2026-05-27T14:00,27.9,83,0.3,12.5,237
2026-05-27T15:00,28.1,81,0.0,12.3,238
2026-05-27T16:00,28.2,80,0.0,10.3,234
2026-05-27T17:00,27.5,85,1.5,9.6,218
2026-05-27T18:00,26.8,88,0.6,7.3,191
2026-05-27T19:00,26.2,90,0.7,6.4,202
2026-05-27T20:00,26.0,93,0.9,5.6,182
2026-05-27T21:00,25.9,95,0.6,6.7,180
2026-05-27T22:00,26.1,95,0.2,5.5,199
2026-05-27T23:00,26.3,94,0.2,6.8,205
2026-05-28T00:00,26.3,92,0.4,7.2,207
2026-05-28T01:00,26.2,89,0.5,8.2,212
2026-05-28T02:00,25.9,90,0.7,8.5,204
2026-05-28T03:00,25.4,94,0.5,8.5,198
2026-05-28T04:00,25.1,97,1.3,8.3,180
2026-05-28T05:00,26.2,91,1.1,7.8,206
2026-05-28T06:00,26.3,91,0.3,5.4,201
2026-05-28T07:00,27.4,89,0.2,5.9,215
2026-05-28T08:00,27.1,83,0.6,10.6,208
2026-05-28T09:00,27.5,84,0.3,6.6,215
2026-05-28T10:00,28.8,78,0.2,12.4,208
2026-05-28T11:00,29.5,75,1.0,13.8,219
2026-05-28T12:00,29.7,73,0.1,16.4,227
2026-05-28T13:00,29.1,76,0.3,15.1,229
2026-05-28T14:00,29.1,73,0.5,14.7,233
2026-05-28T15:00,28.6,75,0.4,14.9,229
2026-05-28T16:00,28.7,76,0.1,14.9,239
2026-05-28T17:00,28.6,75,0.5,14.9,240
2026-05-28T18:00,27.6,81,0.9,10.5,251
2026-05-28T19:00,27.6,82,0.2,9.0,247
2026-05-28T20:00,27.4,83,0.1,7.4,236
2026-05-28T21:00,27.3,84,0.0,7.2,231
2026-05-28T22:00,27.0,86,0.1,7.6,225
2026-05-28T23:00,27.0,86,0.1,9.4,228
2026-05-29T00:00,26.7,88,0.5,9.7,239
2026-05-29T01:00,26.4,89,0.5,10.2,239
2026-05-29T02:00,26.5,88,0.9,8.8,242
2026-05-29T03:00,26.9,87,0.1,11.8,232
2026-05-29T04:00,26.6,86,0.3,10.9,224
2026-05-29T05:00,26.9,88,0.2,8.0,228
2026-05-29T06:00,26.8,89,0.1,5.7,235
2026-05-29T07:00,27.6,87,0.2,3.5,219
2026-05-29T08:00,28.5,84,0.1,4.5,227
2026-05-29T09:00,29.6,73,0.1,10.6,231
2026-05-29T10:00,29.9,69,0.2,17.2,233
2026-05-29T11:00,29.8,73,0.1,16.8,231
2026-05-29T12:00,29.8,74,0.2,14.4,228
2026-05-29T13:00,29.8,73,0.1,15.8,234
2026-05-29T14:00,29.8,71,0.1,15.7,232
2026-05-29T15:00,29.5,73,0.1,15.9,238
2026-05-29T16:00,29.2,68,0.2,16.6,243
2026-05-29T17:00,29.1,69,0.7,14.5,242
2026-05-29T18:00,28.4,75,0.2,11.8,237
2026-05-29T19:00,28.3,75,0.1,11.9,236
2026-05-29T20:00,28.4,73,0.1,12.8,236
2026-05-29T21:00,28.3,75,0.0,12.4,236
2026-05-29T22:00,28.2,76,0.0,11.2,237
2026-05-29T23:00,28.2,78,0.0,12.4,240
2026-05-30T00:00,28.0,78,0.0,13.1,241
2026-05-30T01:00,27.9,79,0.0,13.0,243
2026-05-30T02:00,27.8,79,0.0,12.5,238
2026-05-30T03:00,27.7,80,0.0,11.8,239
2026-05-30T04:00,27.6,80,0.0,12.6,245
2026-05-30T05:00,27.3,81,0.0,8.3,231
2026-05-30T06:00,27.0,84,0.1,5.6,225
2026-05-30T07:00,27.9,84,0.1,3.6,210
2026-05-30T08:00,29.1,75,0.0,9.0,232
2026-05-30T09:00,29.7,71,0.1,14.7,243
2026-05-30T10:00,29.8,71,0.0,16.1,240
2026-05-30T11:00,30.2,70,0.1,14.4,237
2026-05-30T12:00,29.8,75,0.0,11.7,226
2026-05-30T13:00,29.6,75,0.1,13.1,232
2026-05-30T14:00,29.2,77,0.3,14.4,232
2026-05-30T15:00,29.2,76,0.1,13.7,235
2026-05-30T16:00,29.1,75,0.1,13.4,230
2026-05-30T17:00,29.4,72,0.1,11.8,239
2026-05-30T18:00,28.7,75,0.0,9.3,234
2026-05-30T19:00,28.4,77,0.0,7.7,231
2026-05-30T20:00,28.1,79,0.0,7.5,228
2026-05-30T21:00,28.0,78,0.0,9.5,233
2026-05-30T22:00,28.0,77,0.1,11.3,237
2026-05-30T23:00,28.1,77,0.1,11.7,229
2026-05-31T00:00,27.8,78,0.0,10.4,234
2026-05-31T01:00,27.8,78,0.1,10.1,235
2026-05-31T02:00,27.6,78,0.0,9.1,236
2026-05-31T03:00,27.3,81,0.1,8.1,241
2026-05-31T04:00,27.3,80,0.0,9.3,238
2026-05-31T05:00,27.1,83,0.0,6.2,244
2026-05-31T06:00,27.1,84,0.1,6.5,238
2026-05-31T07:00,28.2,80,0.3,7.3,239
2026-05-31T08:00,29.4,69,0.0,10.9,236
2026-05-31T09:00,29.9,67,0.1,14.7,237
2026-05-31T10:00,30.0,67,0.0,15.8,236
2026-05-31T11:00,30.2,68,0.1,15.1,242
2026-05-31T12:00,30.0,72,0.2,15.5,242
2026-05-31T13:00,30.0,72,0.0,14.8,239
2026-05-31T14:00,29.8,72,0.0,15.6,234
2026-05-31T15:00,29.4,73,0.0,16.9,230
2026-05-31T16:00,29.0,75,0.1,15.8,229
2026-05-31T17:00,28.8,78,0.2,14.8,220
2026-05-31T18:00,28.0,82,0.1,14.8,227
2026-05-31T19:00,27.8,83,0.2,12.6,232
2026-05-31T20:00,28.0,81,0.0,12.9,228
2026-05-31T21:00,27.8,81,0.3,10.8,232
2026-05-31T22:00,27.8,78,0.1,11.8,230
2026-05-31T23:00,27.3,83,0.2,11.4,239
2026-06-01T00:00,27.3,84,0.3,10.7,233
2026-06-01T01:00,27.3,84,0.1,10.3,221
2026-06-01T02:00,26.8,88,0.0,7.8,214
2026-06-01T03:00,26.6,89,0.1,6.3,215
2026-06-01T04:00,26.6,88,0.1,6.0,224
2026-06-01T05:00,26.3,93,0.1,3.7,209
2026-06-01T06:00,26.6,93,0.0,4.3,213
2026-06-01T07:00,27.6,89,0.1,5.1,216
2026-06-01T08:00,28.5,82,0.1,8.0,224
2026-06-01T09:00,29.3,77,0.2,11.7,232
2026-06-01T10:00,29.8,75,0.2,13.1,234
2026-06-01T11:00,30.2,74,0.1,14.1,230
2026-06-01T12:00,30.2,73,0.0,14.2,232
2026-06-01T13:00,30.1,73,0.0,14.1,227
2026-06-01T14:00,29.9,73,0.0,14.6,225
2026-06-01T15:00,29.6,75,0.0,15.3,224
2026-06-01T16:00,29.2,76,0.1,15.4,223
2026-06-01T17:00,29.2,78,0.1,12.6,218
2026-06-01T18:00,28.6,81,0.0,11.6,216
2026-06-01T19:00,28.4,82,0.0,11.5,214
2026-06-01T20:00,28.2,83,0.0,11.7,212
2026-06-01T21:00,28.1,83,0.0,11.1,212
2026-06-01T22:00,27.9,84,0.1,11.0,212
2026-06-01T23:00,27.5,87,0.2,11.2,210
2026-06-02T00:00,27.4,86,0.1,11.6,213
2026-06-02T01:00,27.2,87,0.1,11.1,214
2026-06-02T02:00,26.8,89,0.2,10.4,214
2026-06-02T03:00,26.9,89,0.1,8.8,206
2026-06-02T04:00,26.8,89,0.0,8.3,213
2026-06-02T05:00,27.0,89,0.1,5.7,217
2026-06-02T06:00,27.0,89,0.1,7.3,224
2026-06-02T07:00,28.2,83,0.1,8.2,220
2026-06-02T08:00,29.1,77,0.2,11.3,222
2026-06-02T09:00,29.5,75,0.2,13.6,229
2026-06-02T10:00,29.5,75,0.4,15.8,229
2026-06-02T11:00,30.1,72,0.4,15.5,227
2026-06-02T12:00,30.1,72,0.2,16.6,230
2026-06-02T13:00,30.2,71,0.1,17.3,232
2026-06-02T14:00,30.0,72,0.0,19.4,236
2026-06-02T15:00,29.8,71,0.1,19.0,232
2026-06-02T16:00,29.3,73,0.2,17.0,233
2026-06-02T17:00,29.4,76,0.1,13.0,223
2026-06-02T18:00,29.1,71,0.5,13.4,224
2026-06-02T19:00,28.5,77,0.2,12.2,225
2026-06-02T20:00,28.5,78,0.1,11.3,222
2026-06-02T21:00,27.0,84,1.1,13.3,221
2026-06-02T22:00,27.0,89,0.3,9.0,200
2026-06-02T23:00,28.1,78,0.3,14.1,217
2026-06-03T00:00,28.1,77,0.0,15.5,225
2026-06-03T01:00,28.1,76,0.1,17.9,233
2026-06-03T02:00,27.8,78,0.3,17.6,233
2026-06-03T03:00,27.9,77,0.1,17.8,234
2026-06-03T04:00,27.7,79,0.4,16.5,241
2026-06-03T05:00,28.1,77,0.2,17.5,242
2026-06-03T06:00,28.6,75,0.1,16.7,244
2026-06-03T07:00,29.0,73,0.1,18.5,248
2026-06-03T08:00,29.3,71,0.1,20.0,248
2026-06-03T09:00,29.4,72,0.4,20.6,248
2026-06-03T10:00,29.8,71,0.2,21.0,246
2026-06-03T11:00,30.6,65,0.3,22.7,252
2026-06-03T12:00,30.5,70,0.4,22.1,251
2026-06-03T13:00,30.1,71,0.1,22.7,251
2026-06-03T14:00,29.8,73,0.1,24.1,250
2026-06-03T15:00,29.5,73,0.1,23.7,253
2026-06-03T16:00,29.2,74,0.1,21.7,250
2026-06-03T17:00,29.0,76,0.1,17.6,262
2026-06-03T18:00,28.4,76,0.3,16.6,257
2026-06-03T19:00,28.2,80,0.4,13.9,247
2026-06-03T20:00,27.9,80,0.2,15.5,250
2026-06-03T21:00,28.1,81,0.0,14.0,239
2026-06-03T22:00,27.8,77,0.1,19.6,237
2026-06-03T23:00,27.6,82,1.0,16.7,237
2026-06-04T00:00,27.5,82,0.2,15.5,230
2026-06-04T01:00,26.9,84,0.3,18.3,229
2026-06-04T02:00,26.8,85,0.5,16.8,225
2026-06-04T03:00,26.4,85,0.5,19.2,234
2026-06-04T04:00,26.4,86,0.8,16.6,227
2026-06-04T05:00,28.0,78,0.2,16.7,245
2026-06-04T06:00,26.6,84,0.2,19.2,244
2026-06-04T07:00,27.5,84,0.9,12.8,232
2026-06-04T08:00,28.3,76,0.0,15.3,228
2026-06-04T09:00,27.9,80,1.7,18.6,237
2026-06-04T10:00,28.5,76,0.5,21.5,233
2026-06-04T11:00,29.3,76,0.2,21.2,241
2026-06-04T12:00,29.2,74,0.5,21.8,236
2026-06-04T13:00,28.1,76,0.5,22.9,237
2026-06-04T14:00,27.4,84,2.8,17.4,238
2026-06-04T15:00,27.1,86,2.4,17.8,247
2026-06-04T16:00,27.3,82,1.4,19.2,247
2026-06-04T17:00,28.5,77,1.6,15.4,238
2026-06-04T18:00,28.1,77,0.1,16.6,246
2026-06-04T19:00,28.0,77,0.2,16.3,254
2026-06-04T20:00,28.0,77,0.2,19.1,252
2026-06-04T21:00,27.4,81,0.3,17.8,257
2026-06-04T22:00,27.5,81,0.3,17.6,252
2026-06-04T23:00,26.2,88,3.0,19.9,260
2026-06-05T00:00,26.4,88,2.2,16.6,261
2026-06-05T01:00,26.1,89,1.0,19.2,259
2026-06-05T02:00,25.7,91,1.8,12.8,246
2026-06-05T03:00,26.2,87,1.1,17.5,246
2026-06-05T04:00,26.2,87,1.2,17.3,247
2026-06-05T05:00,27.4,84,1.7,14.2,261
2026-06-05T06:00,27.7,83,0.0,14.0,255
2026-06-05T07:00,28.3,80,0.1,16.2,260
2026-06-05T08:00,29.0,77,0.1,15.0,260
2026-06-05T09:00,29.3,75,0.1,16.3,259
2026-06-05T10:00,29.4,76,0.3,18.3,263
2026-06-05T11:00,30.1,74,0.0,13.2,263
2026-06-05T12:00,29.9,74,0.2,14.8,256
2026-06-05T13:00,29.9,74,0.3,18.1,260
2026-06-05T14:00,29.7,74,0.2,19.5,264
2026-06-05T15:00,29.6,72,0.2,20.4,262
2026-06-05T16:00,29.0,75,0.6,17.9,260
2026-06-05T17:00,27.3,86,0.8,17.5,271
2026-06-05T18:00,27.3,85,0.4,15.6,255
2026-06-05T19:00,27.6,84,0.1,12.0,246
2026-06-05T20:00,28.3,80,0.0,13.5,239
2026-06-05T21:00,28.2,79,0.0,12.5,238
2026-06-05T22:00,27.9,80,0.0,11.1,234
2026-06-05T23:00,27.3,85,0.1,17.3,235
2026-06-06T00:00,27.0,85,0.1,16.4,234
2026-06-06T01:00,26.4,88,0.6,16.0,237
2026-06-06T02:00,26.8,88,0.1,16.1,230
2026-06-06T03:00,26.5,89,0.4,15.0,231
2026-06-06T04:00,26.7,88,0.5,16.8,227
2026-06-06T05:00,26.5,90,1.2,13.7,245
2026-06-06T06:00,26.8,86,0.7,16.8,235
2026-06-06T07:00,27.7,84,0.2,16.6,238
2026-06-06T08:00,28.5,78,0.1,18.7,239
2026-06-06T09:00,29.0,75,0.1,17.9,240
2026-06-06T10:00,29.2,74,0.1,18.2,238
2026-06-06T11:00,29.9,71,0.2,16.5,242
2026-06-06T12:00,30.0,71,0.0,16.7,240
2026-06-06T13:00,29.1,74,0.1,17.7,242
2026-06-06T14:00,29.1,75,0.0,17.1,238
2026-06-06T15:00,29.3,72,0.1,18.0,243
2026-06-06T16:00,29.1,74,0.1,16.8,239
2026-06-06T17:00,29.0,79,0.0,12.0,237
2026-06-06T18:00,28.5,77,0.2,12.8,238
2026-06-06T19:00,28.1,76,0.3,13.8,229
2026-06-06T20:00,28.0,80,0.2,13.0,222
2026-06-06T21:00,28.1,82,0.0,13.0,222
2026-06-06T22:00,28.1,80,0.0,13.6,227
2026-06-06T23:00,27.9,76,0.2,17.0,244
2026-06-07T00:00,27.6,79,0.4,16.6,247
2026-06-07T01:00,27.6,80,0.1,14.8,241
2026-06-07T02:00,26.3,85,1.5,18.2,254
2026-06-07T03:00,26.6,85,0.8,15.9,236
2026-06-07T04:00,25.9,88,1.2,14.5,238
2026-06-07T05:00,26.1,90,1.9,12.2,234
2026-06-07T06:00,26.7,86,0.2,12.6,233
2026-06-07T07:00,27.1,84,0.2,12.9,238
2026-06-07T08:00,28.1,79,0.1,12.0,231
2026-06-07T09:00,28.1,78,0.1,12.6,216
2026-06-07T10:00,28.5,78,0.3,15.7,217
2026-06-07T11:00,29.2,72,0.8,12.9,233
2026-06-07T12:00,29.2,74,0.5,16.6,231
2026-06-07T13:00,29.4,75,0.1,15.3,223
2026-06-07T14:00,29.3,75,0.1,16.6,229
2026-06-07T15:00,29.0,69,0.3,16.1,236
2026-06-07T16:00,28.8,71,0.2,14.3,237
2026-06-07T17:00,28.1,80,0.1,13.7,243
2026-06-07T18:00,27.4,82,0.3,14.0,247
2026-06-07T19:00,27.2,84,0.5,11.7,239
2026-06-07T20:00,27.1,85,0.3,11.2,232
2026-06-07T21:00,26.9,89,0.0,10.7,203
2026-06-07T22:00,26.6,91,0.0,8.0,186
2026-06-07T23:00,26.4,87,0.2,8.0,226
2026-06-08T00:00,25.8,90,2.1,8.6,234
2026-06-08T01:00,25.4,92,2.3,11.6,228
2026-06-08T02:00,25.5,93,0.8,4.5,230
2026-06-08T03:00,25.9,90,1.0,9.3,238
2026-06-08T04:00,25.8,89,0.6,11.4,237
2026-06-08T05:00,25.9,91,1.2,11.2,233
2026-06-08T06:00,25.8,91,1.0,9.5,216
2026-06-08T07:00,27.1,86,0.5,13.1,245
2026-06-08T08:00,28.7,75,0.2,14.3,246
2026-06-08T09:00,28.7,76,0.4,14.0,240
2026-06-08T10:00,29.0,78,0.1,11.8,234
2026-06-08T11:00,29.0,77,0.5,9.9,241
2026-06-08T12:00,28.8,79,1.8,10.5,251
2026-06-08T13:00,27.5,83,2.3,12.1,260
2026-06-08T14:00,27.8,83,0.2,9.2,250
2026-06-08T15:00,28.2,81,0.4,14.2,261
2026-06-08T16:00,28.2,82,0.1,14.0,254
2026-06-08T17:00,28.2,82,0.0,10.7,247
2026-06-08T18:00,28.0,85,0.0,9.4,235
2026-06-08T19:00,28.0,84,0.0,10.8,233
2026-06-08T20:00,28.0,83,0.0,14.5,239
2026-06-08T21:00,28.1,82,0.1,17.3,241
2026-06-08T22:00,27.6,85,0.4,14.5,247
2026-06-08T23:00,27.7,86,0.0,13.8,248
2026-06-09T00:00,27.6,84,0.0,15.7,248
2026-06-09T01:00,27.7,83,0.0,17.8,247
2026-06-09T02:00,27.6,84,0.0,14.7,243
2026-06-09T03:00,27.5,83,0.1,15.6,247
2026-06-09T04:00,27.6,83,0.0,14.3,243
2026-06-09T05:00,27.5,86,0.0,14.1,247
2026-06-09T06:00,27.4,86,0.1,15.1,250
2026-06-09T07:00,27.8,84,0.1,15.3,252
2026-06-09T08:00,28.4,81,0.0,14.2,246
2026-06-09T09:00,29.0,78,0.0,13.6,253
2026-06-09T10:00,29.5,76,0.2,16.6,254
2026-06-09T11:00,29.5,76,0.2,19.0,255
2026-06-09T12:00,29.4,77,0.3,19.0,257
2026-06-09T13:00,29.4,77,0.1,16.9,256
2026-06-09T14:00,29.3,77,0.1,17.5,258
2026-06-09T15:00,29.1,78,0.2,19.0,260
2026-06-09T16:00,28.7,79,0.3,19.6,263
2026-06-09T17:00,28.3,85,0.1,13.7,257
2026-06-09T18:00,28.4,84,0.1,14.9,247
2026-06-09T19:00,28.5,82,0.0,15.7,250
2026-06-09T20:00,28.5,81,0.0,15.7,255
2026-06-09T21:00,28.3,81,0.0,16.2,253
2026-06-09T22:00,28.2,82,0.0,15.8,251
2026-06-09T23:00,27.5,86,0.0,14.3,242
2026-06-10T00:00,27.3,85,0.1,14.6,256
2026-06-10T01:00,25.8,91,2.6,15.2,259
2026-06-10T02:00,26.6,90,0.3,12.2,256
2026-06-10T03:00,27.3,86,0.2,16.6,248
2026-06-10T04:00,27.6,84,0.0,18.4,249
2026-06-10T05:00,27.8,84,0.0,13.1,241
2026-06-10T06:00,28.0,83,0.0,15.1,245
2026-06-10T07:00,28.4,81,0.4,16.9,248
2026-06-10T08:00,28.3,78,0.8,16.8,246
2026-06-10T09:00,27.6,84,1.4,17.0,239
2026-06-10T10:00,29.1,80,0.1,16.1,237
2026-06-10T11:00,29.4,79,0.4,16.4,231
2026-06-10T12:00,28.9,79,0.2,15.6,237
2026-06-10T13:00,29.3,79,0.2,14.8,239
2026-06-10T14:00,29.6,78,0.0,16.4,237
2026-06-10T15:00,28.2,79,0.8,16.4,247
2026-06-10T16:00,28.7,79,0.1,17.8,247
2026-06-10T17:00,28.3,82,0.1,12.9,245
2026-06-10T18:00,28.3,80,0.2,15.1,245
2026-06-10T19:00,28.0,83,0.1,16.4,235
2026-06-10T20:00,28.0,82,0.0,13.6,229
2026-06-10T21:00,28.0,83,0.1,13.6,228
2026-06-10T22:00,27.4,86,0.3,13.4,235
2026-06-10T23:00,27.4,86,0.1,12.8,228
2026-06-11T00:00,25.8,91,1.0,15.5,220
2026-06-11T01:00,26.5,91,0.4,16.0,236
2026-06-11T02:00,26.2,89,0.8,15.4,246
2026-06-11T03:00,26.0,90,0.7,17.1,238
2026-06-11T04:00,26.2,90,1.4,15.9,245
2026-06-11T05:00,26.9,88,0.3,15.0,246
2026-06-11T06:00,27.3,88,0.0,11.7,239
2026-06-11T07:00,27.6,82,0.4,13.8,244
2026-06-11T08:00,28.2,82,0.3,14.3,236
2026-06-11T09:00,28.8,80,0.5,14.5,238
2026-06-11T10:00,28.9,77,0.7,16.1,239
2026-06-11T11:00,27.8,80,2.1,16.5,246
2026-06-11T12:00,26.6,88,7.4,11.1,231
2026-06-11T13:00,27.2,83,2.4,14.3,217
2026-06-11T14:00,26.9,87,2.0,14.7,221
2026-06-11T15:00,27.3,83,1.3,18.1,232
2026-06-11T16:00,27.2,83,1.3,17.1,230
2026-06-11T17:00,26.3,90,2.2,16.3,232
2026-06-11T18:00,25.7,91,1.8,14.8,221
2026-06-11T19:00,25.7,93,0.7,11.2,199
2026-06-11T20:00,25.7,91,1.1,14.1,217
2026-06-11T21:00,25.5,91,1.6,16.3,205
2026-06-11T22:00,25.2,92,1.4,15.4,218
2026-06-11T23:00,25.9,89,1.0,18.0,212
2026-06-12T00:00,25.7,88,0.7,16.4,219
2026-06-12T01:00,25.9,89,1.1,14.5,215
2026-06-12T02:00,25.7,90,0.7,11.6,210
2026-06-12T03:00,25.8,88,2.8,12.2,209
2026-06-12T04:00,25.5,90,1.0,14.0,213
2026-06-12T05:00,25.5,93,0.4,11.7,207
2026-06-12T06:00,25.8,92,0.2,12.2,209
2026-06-12T07:00,26.5,87,0.1,12.7,216
2026-06-12T08:00,27.3,83,0.3,13.9,220
2026-06-12T09:00,28.0,79,0.2,17.1,217
2026-06-12T10:00,28.5,78,0.2,18.0,222
2026-06-12T11:00,28.5,78,0.9,17.9,221
2026-06-12T12:00,28.2,79,1.1,16.8,231
2026-06-12T13:00,27.7,81,1.1,17.4,225
2026-06-12T14:00,26.6,85,2.2,21.0,238
2026-06-12T15:00,26.2,85,2.2,17.9,225
2026-06-12T16:00,27.0,83,0.5,13.3,218
2026-06-12T17:00,26.3,92,0.1,12.6,200
2026-06-12T18:00,25.7,92,5.1,13.9,221
2026-06-12T19:00,26.0,91,1.9,15.0,224
2026-06-12T20:00,25.9,90,3.0,18.1,224
2026-06-12T21:00,25.6,92,0.8,12.0,217
2026-06-12T22:00,25.9,89,0.5,14.9,232
2026-06-12T23:00,26.4,86,0.4,12.6,218
2026-06-13T00:00,26.7,82,0.1,15.7,231
2026-06-13T01:00,27.1,76,0.1,17.9,232
2026-06-13T02:00,25.9,83,0.7,14.3,231
2026-06-13T03:00,26.5,82,0.5,15.5,227
2026-06-13T04:00,27.0,77,0.0,15.8,230
2026-06-13T05:00,26.4,86,1.7,10.8,228
2026-06-13T06:00,26.7,84,0.1,11.7,232
2026-06-13T07:00,27.5,82,0.0,10.3,229
2026-06-13T08:00,28.1,79,0.1,14.8,228
2026-06-13T09:00,28.4,78,0.2,15.7,234
2026-06-13T10:00,28.9,75,0.1,16.0,241
2026-06-13T11:00,29.2,76,0.1,15.1,237
2026-06-13T12:00,29.2,74,0.1,16.5,241
2026-06-13T13:00,28.8,77,0.4,17.4,251
2026-06-13T14:00,28.7,76,0.3,19.5,249
2026-06-13T15:00,28.6,75,0.3,18.9,252
2026-06-13T16:00,28.2,78,0.3,17.9,248
2026-06-13T17:00,27.9,81,0.0,13.3,247
2026-06-13T18:00,27.7,81,0.0,12.4,244
2026-06-13T19:00,27.6,83,0.0,11.1,231
2026-06-13T20:00,27.4,85,0.0,10.8,227
2026-06-13T21:00,27.3,86,0.0,11.1,230
2026-06-13T22:00,27.4,84,0.0,12.1,232
2026-06-13T23:00,27.2,84,0.0,12.4,222
2026-06-14T00:00,27.1,84,0.0,13.5,228
2026-06-14T01:00,27.1,83,0.1,14.5,229
2026-06-14T02:00,27.1,84,0.0,14.7,229
2026-06-14T03:00,27.2,83,0.0,14.0,229
2026-06-14T04:00,27.2,83,0.0,14.1,230
2026-06-14T05:00,27.2,85,0.0,12.9,233
2026-06-14T06:00,27.5,84,0.1,13.9,245
2026-06-14T07:00,28.1,82,0.0,16.3,250
2026-06-14T08:00,28.2,82,0.1,15.5,257
2026-06-14T09:00,28.8,77,0.3,14.8,257
2026-06-14T10:00,28.7,81,0.1,13.9,253
2026-06-14T11:00,29.6,74,0.2,13.5,254
2026-06-14T12:00,29.4,75,0.4,15.8,262
2026-06-14T13:00,29.2,77,0.4,16.3,263
2026-06-14T14:00,28.8,79,0.2,15.9,265
2026-06-14T15:00,28.8,79,0.1,12.4,257
2026-06-14T16:00,28.6,80,0.0,12.1,247
2026-06-14T17:00,28.8,79,0.0,9.7,246
2026-06-14T18:00,28.2,82,0.1,11.8,251
2026-06-14T19:00,28.0,82,0.2,13.7,247
2026-06-14T20:00,28.0,82,0.1,13.5,237
2026-06-14T21:00,27.9,83,0.0,13.1,236
2026-06-14T22:00,27.9,83,0.0,12.8,236
2026-06-14T23:00,27.8,83,0.0,14.0,234
2026-06-15T00:00,27.7,83,0.0,13.7,236
2026-06-15T01:00,27.7,82,0.0,13.0,239
2026-06-15T02:00,27.4,83,0.1,13.1,241
2026-06-15T03:00,27.3,82,0.1,12.8,244
2026-06-15T04:00,27.4,81,0.1,12.3,241
2026-06-15T05:00,26.8,86,0.0,7.1,236
2026-06-15T06:00,26.8,87,0.4,7.0,244
2026-06-15T07:00,27.7,82,0.5,8.8,244
2026-06-15T08:00,28.7,76,0.6,11.4,244
2026-06-15T09:00,29.1,75,0.1,12.9,243
2026-06-15T10:00,29.3,74,0.1,13.9,241
2026-06-15T11:00,29.5,74,0.4,13.7,245
2026-06-15T12:00,29.2,75,0.3,16.1,250
2026-06-15T13:00,29.3,72,0.2,14.5,253
2026-06-15T14:00,29.3,76,0.3,14.1,251
2026-06-15T15:00,29.4,74,0.0,15.0,237
2026-06-15T16:00,28.5,77,0.5,14.4,237
2026-06-15T17:00,27.0,86,0.4,6.8,198
2026-06-15T18:00,26.9,92,1.4,6.4,188
2026-06-15T19:00,26.8,94,0.2,7.3,205
2026-06-15T20:00,25.7,93,0.6,8.9,204
2026-06-15T21:00,25.6,95,2.4,5.8,187
2026-06-15T22:00,25.2,96,0.5,12.1,195
2026-06-15T23:00,26.5,93,0.0,9.7,196
2026-06-16T00:00,26.1,94,0.2,7.8,232
2026-06-16T01:00,25.2,96,0.8,9.1,280
2026-06-16T02:00,24.8,95,1.5,7.6,175
2026-06-16T03:00,25.0,96,0.3,4.3,175
2026-06-16T04:00,25.5,95,0.6,4.3,197
2026-06-16T05:00,25.9,95,0.7,4.9,204
2026-06-16T06:00,26.2,94,0.4,4.1,229
2026-06-16T07:00,27.0,92,0.4,5.3,252
2026-06-16T08:00,28.5,83,0.2,8.8,258
2026-06-16T09:00,29.1,76,0.0,13.6,255
2026-06-16T10:00,29.4,76,0.1,14.0,250
2026-06-16T11:00,29.2,76,0.2,13.6,240
2026-06-16T12:00,29.7,75,0.2,16.5,245
2026-06-16T13:00,29.5,76,0.0,16.8,246
2026-06-16T14:00,29.4,75,0.1,17.0,246
2026-06-16T15:00,29.1,76,0.2,17.3,240
2026-06-16T16:00,28.8,77,0.1,16.1,241
2026-06-16T17:00,28.5,81,0.1,13.1,240
2026-06-16T18:00,28.1,83,0.1,12.3,236
2026-06-16T19:00,28.0,84,0.0,12.3,231
2026-06-16T20:00,27.2,83,0.1,12.6,227
2026-06-16T21:00,26.9,89,0.7,8.5,224
2026-06-16T22:00,26.3,90,0.6,6.7,194
2026-06-16T23:00,26.4,92,1.5,9.3,204
2026-06-17T00:00,26.1,93,0.1,5.4,228
2026-06-17T01:00,25.6,93,0.9,6.9,208
2026-06-17T02:00,25.6,92,0.5,3.5,195
2026-06-17T03:00,25.7,91,0.3,5.6,245
2026-06-17T04:00,25.3,94,0.2,7.1,214
2026-06-17T05:00,26.2,91,0.1,7.0,215
2026-06-17T06:00,26.2,89,0.5,5.0,224
2026-06-17T07:00,26.4,89,0.9,9.4,232
2026-06-17T08:00,26.0,90,1.0,8.6,195
2026-06-17T09:00,26.9,86,0.9,8.5,243
2026-06-17T10:00,27.3,81,0.3,12.7,247
2026-06-17T11:00,27.1,81,0.8,14.7,239
2026-06-17T12:00,28.3,80,1.6,15.9,245
2026-06-17T13:00,28.5,80,0.1,14.7,243
2026-06-17T14:00,28.6,77,0.1,15.9,245
2026-06-17T15:00,28.2,75,0.7,17.5,249
2026-06-17T16:00,27.9,76,0.5,15.7,253
2026-06-17T17:00,26.5,90,0.5,7.6,234
2026-06-17T18:00,26.1,92,1.5,8.2,218
2026-06-17T19:00,26.4,90,0.3,8.7,214
2026-06-17T20:00,25.9,91,1.0,5.7,238
2026-06-17T21:00,25.8,93,0.5,5.9,178
2026-06-17T22:00,25.7,94,0.2,8.3,174
2026-06-17T23:00,26.0,93,0.4,7.9,196
2026-06-18T00:00,25.7,95,0.1,5.8,184
2026-06-18T01:00,25.9,93,0.3,5.5,207
2026-06-18T02:00,25.6,93,0.5,9.4,209
2026-06-18T03:00,25.1,95,1.6,3.9,214
2026-06-18T04:00,24.9,96,1.3,4.9,147
2026-06-18T05:00,24.8,95,2.0,5.5,134
2026-06-18T06:00,25.2,94,0.4,5.1,157
2026-06-18T07:00,26.0,93,0.9,6.8,205
2026-06-18T08:00,25.6,93,3.3,4.3,255
2026-06-18T09:00,25.7,92,3.5,5.8,166
2026-06-18T10:00,26.5,87,1.0,8.0,194
2026-06-18T11:00,25.3,92,4.7,9.7,183
2026-06-18T12:00,25.0,96,6.5,4.0,198
2026-06-18T13:00,25.6,95,4.2,5.1,172
2026-06-18T14:00,26.3,86,3.0,7.6,180
2026-06-18T15:00,27.5,83,1.5,10.1,237
2026-06-18T16:00,27.7,77,0.5,11.7,232
2026-06-18T17:00,28.2,79,0.4,11.8,236
2026-06-18T18:00,26.5,84,2.0,9.2,225
2026-06-18T19:00,25.3,95,8.5,4.5,194
2026-06-18T20:00,25.6,95,2.1,5.4,180
2026-06-18T21:00,25.7,96,1.3,4.9,180
2026-06-18T22:00,25.7,95,0.5,4.2,205
2026-06-18T23:00,25.7,95,0.1,5.9,192
2026-06-19T00:00,25.4,95,0.1,4.8,202
2026-06-19T01:00,24.9,95,0.8,3.5,156
2026-06-19T02:00,24.8,96,0.8,4.3,158
2026-06-19T03:00,25.0,95,0.5,2.6,196
2026-06-19T04:00,24.7,95,0.4,5.3,156
2026-06-19T05:00,24.9,95,0.1,5.4,174
2026-06-19T06:00,25.1,95,0.0,4.7,189
2026-06-19T07:00,26.5,92,0.0,3.9,217
2026-06-19T08:00,28.0,81,0.3,7.4,231
2026-06-19T09:00,29.0,69,0.1,12.9,240
2026-06-19T10:00,29.5,68,0.0,13.8,249
2026-06-19T11:00,29.5,68,0.0,13.8,239
2026-06-19T12:00,29.4,68,0.1,13.4,238
2026-06-19T13:00,29.0,70,0.0,11.0,229
2026-06-19T14:00,29.0,71,0.0,9.8,224
2026-06-19T15:00,28.7,74,0.0,8.5,216
2026-06-19T16:00,28.2,77,0.0,6.8,215
2026-06-19T17:00,28.8,76,0.0,7.5,220
2026-06-19T18:00,27.9,81,0.0,8.2,232
2026-06-19T19:00,27.6,83,0.0,8.7,223
2026-06-19T20:00,27.4,84,0.0,9.3,216
2026-06-19T21:00,27.3,84,0.0,9.8,211
2026-06-19T22:00,27.2,83,0.0,10.4,217
2026-06-19T23:00,27.0,83,0.0,10.8,218
2026-06-20T00:00,26.8,83,0.0,11.2,224
2026-06-20T01:00,26.7,84,0.0,11.6,233
2026-06-20T02:00,26.6,84,0.0,10.7,234
2026-06-20T03:00,26.4,85,0.0,9.2,220
2026-06-20T04:00,26.3,86,0.0,8.2,221
2026-06-20T05:00,26.3,88,0.0,8.1,201
2026-06-20T06:00,26.2,90,0.0,8.1,201
2026-06-20T07:00,27.1,84,0.3,9.2,206
2026-06-20T08:00,27.9,78,0.2,12.6,218
2026-06-20T09:00,28.6,74,0.1,12.4,220
2026-06-20T10:00,28.9,73,0.1,13.0,224
2026-06-20T11:00,29.3,71,0.1,12.1,230
2026-06-20T12:00,29.5,70,0.0,11.5,235
2026-06-20T13:00,29.3,71,0.0,11.0,232
2026-06-20T14:00,29.2,72,0.0,10.6,227
2026-06-20T15:00,29.0,72,0.0,11.5,225
2026-06-20T16:00,28.4,75,0.0,10.7,225
2026-06-20T17:00,28.4,75,0.0,9.8,210
2026-06-20T18:00,27.7,81,0.0,8.8,213
2026-06-20T19:00,27.5,83,0.0,8.4,199
2026-06-20T20:00,27.2,85,0.0,8.5,192
2026-06-20T21:00,27.1,86,0.0,9.1,189
2026-06-20T22:00,27.0,86,0.0,8.5,186
2026-06-20T23:00,26.7,88,0.0,8.9,186
2026-06-21T00:00,26.5,88,0.0,9.6,189
2026-06-21T01:00,26.3,88,0.1,9.4,191
2026-06-21T02:00,26.3,87,0.0,8.5,192
2026-06-21T03:00,26.2,88,0.0,8.4,189
2026-06-21T04:00,26.2,87,0.1,8.5,192
2026-06-21T05:00,26.0,91,0.2,7.1,187
2026-06-21T06:00,25.8,93,0.2,7.4,180
2026-06-21T07:00,26.3,93,0.3,6.9,165
2026-06-21T08:00,27.2,85,0.3,11.0,203
2026-06-21T09:00,27.3,80,0.8,14.2,221
2026-06-21T10:00,27.7,79,0.2,12.9,215
2026-06-21T11:00,28.5,76,0.1,11.5,211
2026-06-21T12:00,27.4,83,0.9,13.1,216
2026-06-21T13:00,27.9,79,0.5,10.5,211
2026-06-21T14:00,27.8,80,0.2,13.1,218
2026-06-21T15:00,27.4,83,0.1,11.4,217
2026-06-21T16:00,27.6,81,0.1,10.9,216
2026-06-21T17:00,27.1,86,0.0,6.8,183
2026-06-21T18:00,26.7,91,0.4,5.5,191
2026-06-21T19:00,26.7,90,0.3,8.6,216
2026-06-21T20:00,26.6,90,0.3,6.4,205
2026-06-21T21:00,26.5,89,0.3,9.1,189
2026-06-21T22:00,26.1,92,0.3,6.7,189
2026-06-21T23:00,25.4,94,0.8,12.1,201
2026-06-22T00:00,25.6,91,0.2,13.1,224
2026-06-22T01:00,25.4,90,0.2,10.4,228
2026-06-22T02:00,25.0,93,0.8,10.3,213
2026-06-22T03:00,24.9,94,0.5,12.3,202
2026-06-22T04:00,24.4,95,1.0,9.0,224
2026-06-22T05:00,25.2,93,2.8,8.6,213
2026-06-22T06:00,24.6,95,2.9,11.0,212
2026-06-22T07:00,25.4,92,2.1,11.3,217
2026-06-22T08:00,25.8,92,1.0,11.9,205
2026-06-22T09:00,27.0,84,0.5,12.7,198
2026-06-22T10:00,27.6,79,0.7,12.0,226
2026-06-22T11:00,26.2,88,1.0,13.1,249
2026-06-22T12:00,27.4,80,0.9,15.5,248
2026-06-22T13:00,26.8,83,1.1,14.8,247
2026-06-22T14:00,26.5,86,1.8,14.9,238
2026-06-22T15:00,25.5,90,2.2,14.1,238
2026-06-22T16:00,25.9,90,1.3,14.8,239
2026-06-22T17:00,26.0,90,1.9,12.7,237
2026-06-22T18:00,25.7,91,1.8,15.2,240
2026-06-22T19:00,25.5,91,2.2,12.1,250
2026-06-22T20:00,25.8,91,1.8,12.5,254
2026-06-22T21:00,26.0,92,0.4,8.6,234
2026-06-22T22:00,26.3,90,0.0,10.4,240
2026-06-22T23:00,26.1,91,0.0,4.4,210
2026-06-23T00:00,25.9,91,0.1,4.4,232
2026-06-23T01:00,25.7,93,0.3,6.6,235
2026-06-23T02:00,25.6,92,0.5,8.5,235
2026-06-23T03:00,25.7,91,0.7,7.5,243
2026-06-23T04:00,25.5,91,0.5,9.1,238
2026-06-23T05:00,25.8,92,0.4,6.7,250
2026-06-23T06:00,25.9,91,0.1,8.0,245
2026-06-23T07:00,26.7,90,0.0,7.4,266
2026-06-23T08:00,27.2,86,0.1,8.7,265
2026-06-23T09:00,28.1,79,0.6,12.1,265
2026-06-23T10:00,28.2,79,0.7,15.8,263
2026-06-23T11:00,29.4,74,0.2,13.4,259
2026-06-23T12:00,29.4,73,0.2,12.9,262
2026-06-23T13:00,27.7,81,0.6,10.4,269
2026-06-23T14:00,28.5,78,0.4,9.3,261
2026-06-23T15:00,29.2,74,0.1,13.8,263
2026-06-23T16:00,28.8,76,0.0,13.2,265
2026-06-23T17:00,28.7,78,0.0,9.0,270
2026-06-23T18:00,28.1,80,0.0,7.6,255
2026-06-23T19:00,27.8,83,0.0,7.0,241
2026-06-23T20:00,27.7,85,0.0,6.8,220
2026-06-23T21:00,27.5,85,0.0,7.7,221
2026-06-23T22:00,27.5,87,0.0,7.0,222
2026-06-23T23:00,27.5,84,0.0,11.4,246
2026-06-24T00:00,27.3,84,0.2,12.4,249
2026-06-24T01:00,27.1,86,0.1,9.6,242
2026-06-24T02:00,25.2,91,3.4,6.9,250
2026-06-24T03:00,24.2,98,6.8,3.8,107
2026-06-24T04:00,23.1,99,5.2,9.2,88
2026-06-24T05:00,25.3,96,1.0,4.3,163
2026-06-24T06:00,25.2,96,0.1,5.5,153
2026-06-24T07:00,26.4,94,0.1,4.0,162
2026-06-24T08:00,27.9,87,0.2,4.1,203
2026-06-24T09:00,29.1,78,0.3,9.3,246
2026-06-24T10:00,29.7,74,0.1,12.5,258
2026-06-24T11:00,30.2,74,0.1,9.6,253
2026-06-24T12:00,30.0,74,0.1,12.9,254
2026-06-24T13:00,30.0,75,0.2,14.6,260
2026-06-24T14:00,29.7,75,0.1,13.6,259
2026-06-24T15:00,29.2,76,0.1,12.6,253
2026-06-24T16:00,28.7,79,0.0,12.5,255
2026-06-24T17:00,29.5,70,0.0,9.4,239
2026-06-24T18:00,28.3,79,0.1,9.0,239
2026-06-24T19:00,27.9,84,0.1,7.2,238
2026-06-24T20:00,27.5,86,0.0,8.1,235
2026-06-24T21:00,27.7,84,0.1,7.9,235
2026-06-24T22:00,27.4,84,0.5,9.1,240
2026-06-24T23:00,27.0,89,0.0,6.2,237
2026-06-25T00:00,26.6,91,0.1,5.9,220
2026-06-25T01:00,26.5,92,0.1,6.9,227
2026-06-25T02:00,26.2,93,0.2,6.5,236
2026-06-25T03:00,26.0,92,0.8,7.3,250
2026-06-25T04:00,26.4,89,0.2,8.3,266
2026-06-25T05:00,25.7,94,0.1,2.3,321
2026-06-25T06:00,26.1,91,0.5,0.9,37
2026-06-25T07:00,27.4,89,0.2,1.8,246
2026-06-25T08:00,28.5,82,0.3,6.0,241
2026-06-25T09:00,29.5,76,0.2,10.0,249
2026-06-25T10:00,29.7,75,0.1,12.5,258
2026-06-25T11:00,30.1,74,0.2,12.0,254
2026-06-25T12:00,29.7,76,0.1,12.6,251
2026-06-25T13:00,29.8,75,0.1,14.1,256
2026-06-25T14:00,29.5,75,0.2,15.2,263
2026-06-25T15:00,29.2,74,0.0,12.5,252
2026-06-25T16:00,29.0,75,0.0,10.1,246
2026-06-25T17:00,28.5,80,1.3,11.9,236
2026-06-25T18:00,26.5,88,0.9,3.7,129
2026-06-25T19:00,25.4,94,0.6,8.5,153
2026-06-25T20:00,25.4,95,0.3,6.2,147
2026-06-25T21:00,25.4,95,0.3,3.4,148
2026-06-25T22:00,25.6,95,0.3,4.7,164
2026-06-25T23:00,26.6,92,0.2,6.7,236
2026-06-26T00:00,26.6,91,0.3,8.9,225
2026-06-26T01:00,26.7,89,0.2,10.8,233
2026-06-26T02:00,26.5,91,0.2,9.2,228
2026-06-26T03:00,26.6,89,0.4,9.2,244
2026-06-26T04:00,26.4,90,0.6,8.5,253
2026-06-26T05:00,26.1,92,0.8,7.7,249
2026-06-26T06:00,26.5,92,0.1,8.2,244
2026-06-26T07:00,27.6,86,0.1,11.3,261
2026-06-26T08:00,28.6,78,0.2,12.3,273
2026-06-26T09:00,26.2,87,4.6,15.2,263
2026-06-26T10:00,27.7,84,1.5,8.9,257
2026-06-26T11:00,27.5,81,2.2,9.7,252
2026-06-26T12:00,27.7,83,0.3,6.6,241
2026-06-26T13:00,26.7,86,1.2,7.7,229
2026-06-26T14:00,27.3,87,1.1,9.4,257
2026-06-26T15:00,28.0,83,0.4,12.2,256
2026-06-26T16:00,28.5,79,0.2,14.1,257
2026-06-26T17:00,28.7,80,0.5,7.9,258
2026-06-26T18:00,28.0,82,0.1,9.6,254
2026-06-26T19:00,27.6,82,0.4,8.9,251
2026-06-26T20:00,27.6,83,0.1,9.3,251
2026-06-26T21:00,27.3,85,0.1,9.7,252
2026-06-26T22:00,27.3,84,0.2,10.4,244
2026-06-26T23:00,27.0,85,0.2,8.8,231
2026-06-27T00:00,26.6,88,0.1,7.3,242
2026-06-27T01:00,26.1,91,0.1,5.3,232
2026-06-27T02:00,26.0,93,0.1,5.9,235
2026-06-27T03:00,26.1,93,0.2,5.5,238
2026-06-27T04:00,26.0,93,0.5,6.8,248
2026-06-27T05:00,25.9,92,1.1,4.6,225
2026-06-27T06:00,26.0,91,0.5,6.7,250
2026-06-27T07:00,26.9,90,1.1,7.9,249
2026-06-27T08:00,27.6,86,0.9,8.9,242
2026-06-27T09:00,28.9,77,0.1,11.1,238
2026-06-27T10:00,29.2,74,0.1,13.5,243
2026-06-27T11:00,29.6,74,0.1,14.5,235
2026-06-27T12:00,29.5,73,0.3,16.4,243
2026-06-27T13:00,29.3,75,0.7,16.7,245
2026-06-27T14:00,29.3,74,0.1,18.2,244
2026-06-27T15:00,28.9,75,0.3,17.3,239
2026-06-27T16:00,28.6,76,0.2,16.2,238
2026-06-27T17:00,28.6,79,0.3,12.1,233
2026-06-27T18:00,28.1,79,0.1,12.2,233
2026-06-27T19:00,27.9,80,0.0,10.1,230
2026-06-27T20:00,27.9,80,0.0,9.4,234
2026-06-27T21:00,27.8,80,0.0,9.9,225
2026-06-27T22:00,27.5,83,0.0,8.7,218
2026-06-27T23:00,27.1,84,0.1,9.0,215
2026-06-28T00:00,26.9,85,0.1,9.7,222
2026-06-28T01:00,27.0,83,0.6,9.3,226
2026-06-28T02:00,26.3,85,0.2,8.6,233
2026-06-28T03:00,25.9,87,1.1,3.7,215
2026-06-28T04:00,24.7,93,0.6,7.2,202
2026-06-28T05:00,25.1,95,3.1,5.3,152
2026-06-28T06:00,25.4,94,0.3,2.2,104
2026-06-28T07:00,26.5,93,0.3,6.1,178
2026-06-28T08:00,27.9,86,0.3,5.7,189
2026-06-28T09:00,27.8,82,0.6,8.8,251
2026-06-28T10:00,28.7,76,0.3,11.0,235
2026-06-28T11:00,27.9,75,0.5,15.1,245
2026-06-28T12:00,26.3,84,1.6,16.7,251
2026-06-28T13:00,28.0,80,0.8,12.7,247
2026-06-28T14:00,28.1,79,0.2,16.6,247
2026-06-28T15:00,26.8,84,1.0,13.5,249
2026-06-28T16:00,26.6,86,1.7,9.7,225
2026-06-28T17:00,27.2,85,0.6,10.0,240
2026-06-28T18:00,26.3,87,0.8,9.0,241
2026-06-28T19:00,25.9,92,2.5,8.5,234
2026-06-28T20:00,25.6,91,1.8,9.8,253
2026-06-28T21:00,25.9,93,1.2,3.0,213
2026-06-28T22:00,24.7,94,3.7,6.5,210
2026-06-28T23:00,26.0,87,3.7,8.0,252
2026-06-29T00:00,24.9,95,5.9,3.7,231
2026-06-29T01:00,24.5,97,4.4,4.8,250
2026-06-29T02:00,25.3,93,3.5,9.6,267
2026-06-29T03:00,24.6,97,2.4,1.8,246
2026-06-29T04:00,24.9,96,2.0,4.9,242
2026-06-29T05:00,25.5,93,2.0,9.6,247
2026-06-29T06:00,25.4,90,2.1,13.4,255
2026-06-29T07:00,26.1,88,2.0,16.1,245
2026-06-29T08:00,27.2,80,1.0,17.9,253
2026-06-29T09:00,27.1,80,0.7,18.5,257
2026-06-29T10:00,26.9,81,0.8,19.9,258
2026-06-29T11:00,28.0,77,1.6,20.7,268
2026-06-29T12:00,28.5,71,0.0,21.8,270
2026-06-29T13:00,27.5,76,0.3,22.9,272
2026-06-29T14:00,28.3,72,0.6,20.9,280
2026-06-29T15:00,28.3,74,0.3,18.0,282
2026-06-29T16:00,27.9,78,0.0,12.9,278
2026-06-29T17:00,28.3,77,0.0,7.1,285
2026-06-29T18:00,27.5,82,0.0,4.8,285
2026-06-29T19:00,27.5,81,0.0,7.0,258
2026-06-29T20:00,27.4,82,0.0,8.4,230
2026-06-29T21:00,27.5,82,0.0,10.1,230
2026-06-29T22:00,27.6,81,0.0,11.6,242
2026-06-29T23:00,27.4,81,0.0,13.4,235
2026-06-30T00:00,27.3,82,0.0,13.4,241
2026-06-30T01:00,27.5,81,0.0,17.0,249
2026-06-30T02:00,27.5,79,0.0,19.6,259
2026-06-30T03:00,27.3,81,0.0,18.1,261
2026-06-30T04:00,27.2,82,0.0,16.5,264
2026-06-30T05:00,27.4,83,0.0,13.2,260
2026-06-30T06:00,27.7,82,0.0,14.8,267
2026-06-30T07:00,28.2,80,0.0,14.2,270
2026-06-30T08:00,28.5,79,0.0,14.9,270
2026-06-30T09:00,28.8,76,0.1,18.9,267
2026-06-30T10:00,28.3,75,0.6,21.1,269
2026-06-30T11:00,28.2,79,0.2,17.0,280
2026-06-30T12:00,29.0,74,0.2,17.1,285
2026-06-30T13:00,29.1,73,0.2,13.0,284
2026-06-30T14:00,28.8,77,0.0,11.0,280
2026-06-30T15:00,28.6,77,0.0,10.4,268
2026-06-30T16:00,28.3,78,0.0,9.3,248
2026-06-30T17:00,28.4,78,0.0,12.0,262
2026-06-30T18:00,28.0,81,0.0,11.6,276
2026-06-30T19:00,27.9,82,0.0,14.7,258
2026-06-30T20:00,27.8,83,0.0,13.2,253
2026-06-30T21:00,27.8,84,0.0,9.8,253
2026-06-30T22:00,27.8,84,0.0,11.3,252
2026-06-30T23:00,27.7,81,0.0,15.0,253
2026-07-01T00:00,27.5,82,0.0,14.3,259
2026-07-01T01:00,27.0,85,0.1,9.8,257
2026-07-01T02:00,25.9,93,0.1,3.4,267
2026-07-01T03:00,25.8,93,0.2,8.5,276
2026-07-01T04:00,25.5,89,0.6,10.0,264
2026-07-01T05:00,26.4,89,1.0,7.3,287
2026-07-01T06:00,26.2,90,0.4,7.4,292
2026-07-01T07:00,27.6,83,0.2,8.9,278
2026-07-01T08:00,28.2,79,0.4,13.0,268
2026-07-01T09:00,28.8,76,0.2,13.5,268
2026-07-01T10:00,29.0,77,0.0,14.4,268
2026-07-01T11:00,29.4,75,0.4,16.9,272
2026-07-01T12:00,29.4,75,0.1,15.3,272
2026-07-01T13:00,29.4,76,0.0,15.4,275
2026-07-01T14:00,29.1,77,0.0,14.2,271
2026-07-01T15:00,29.0,76,0.0,13.5,257
2026-07-01T16:00,29.0,72,0.0,14.5,255
2026-07-01T17:00,29.0,73,0.0,13.6,258
2026-07-01T18:00,28.3,75,0.0,12.7,257
2026-07-01T19:00,28.2,75,0.0,10.8,252
2026-07-01T20:00,28.1,76,0.0,11.3,252
2026-07-01T21:00,28.0,77,0.0,12.3,252
2026-07-01T22:00,27.9,77,0.0,12.5,252
2026-07-01T23:00,28.0,77,0.0,14.4,258
